-- phpMyAdmin SQL Dump
-- version 4.0.10.14
-- http://www.phpmyadmin.net
--
-- Host: localhost:3306
-- Generation Time: Oct 11, 2016 at 04:52 PM
-- Server version: 5.5.52-cll
-- PHP Version: 5.4.31

SET SQL_MODE = "NO_AUTO_VALUE_ON_ZERO";
SET time_zone = "+00:00";


/*!40101 SET @OLD_CHARACTER_SET_CLIENT=@@CHARACTER_SET_CLIENT */;
/*!40101 SET @OLD_CHARACTER_SET_RESULTS=@@CHARACTER_SET_RESULTS */;
/*!40101 SET @OLD_COLLATION_CONNECTION=@@COLLATION_CONNECTION */;
/*!40101 SET NAMES utf8 */;

--
-- Database: `ginfo_eccoh`
--

-- --------------------------------------------------------

--
-- Table structure for table `accessibility`
--

CREATE TABLE IF NOT EXISTS `accessibility` (
  `ac_id` int(11) NOT NULL AUTO_INCREMENT,
  `access` varchar(10) NOT NULL,
  `access_desc` longtext NOT NULL,
  PRIMARY KEY (`ac_id`)
) ENGINE=MyISAM  DEFAULT CHARSET=latin1 AUTO_INCREMENT=6 ;

--
-- Dumping data for table `accessibility`
--

INSERT INTO `accessibility` (`ac_id`, `access`, `access_desc`) VALUES
(1, 'a', 'Accessible to all occupants of the building.'),
(2, 'b', 'Accessible to maintenance staff without a ladder.'),
(3, 'c', 'Accessible to maintenance staff with a ladder and exposed to view without moving a building component.'),
(4, 'd', 'Accessible to maintenance staff with a ladder and concealed from view due to a building component.'),
(5, 'e', 'Accessible via an access hatch, partially visible OR Not accessible without demolition or removal of fixed building components or building systems.');

-- --------------------------------------------------------

--
-- Table structure for table `actions`
--

CREATE TABLE IF NOT EXISTS `actions` (
  `a_id` int(11) NOT NULL AUTO_INCREMENT,
  `action_number` varchar(15) NOT NULL,
  `action_name` longtext NOT NULL,
  PRIMARY KEY (`a_id`)
) ENGINE=MyISAM  DEFAULT CHARSET=latin1 AUTO_INCREMENT=7 ;

--
-- Dumping data for table `actions`
--

INSERT INTO `actions` (`a_id`, `action_number`, `action_name`) VALUES
(2, 'Priority 1', 'Immediate action is required due to the current condition of the material and / or the degree of accessibility of the material.'),
(3, 'Priority 2 ', 'Action is required within a timeframe identified by the consultant/owner'),
(4, 'Priority 3', 'No action is currently required, however the condition of the material must be monitored and/or addressed prior to any renovations or other activities which may result in any disturbance of the material.'),
(1, '0', 'dash');

-- --------------------------------------------------------

--
-- Table structure for table `building`
--

CREATE TABLE IF NOT EXISTS `building` (
  `id` int(11) NOT NULL AUTO_INCREMENT,
  `building_name` varchar(50) NOT NULL,
  `building_desc` longtext NOT NULL,
  `address` varchar(50) NOT NULL,
  `user_id` int(11) NOT NULL,
  `city` varchar(20) NOT NULL,
  `region` varchar(20) NOT NULL,
  `postal_code` varchar(10) NOT NULL,
  `latitude` varchar(20) NOT NULL,
  `longitude` varchar(20) NOT NULL,
  `client_building_id` varchar(10) NOT NULL,
  `portfolio` varchar(50) NOT NULL,
  `district` varchar(50) NOT NULL,
  `development` longtext NOT NULL,
  `building_type` varchar(50) NOT NULL,
  `construction_year` varchar(50) NOT NULL,
  `square_feet` varchar(20) NOT NULL,
  `surveyor` varchar(20) NOT NULL,
  `survey_date` date NOT NULL,
  `validated` varchar(5) NOT NULL,
  `project_number` varchar(10) NOT NULL,
  `location_as_building` int(11) NOT NULL,
  `building_added_date` date NOT NULL,
  `building_update` date NOT NULL,
  `trash` int(11) NOT NULL,
  PRIMARY KEY (`id`)
) ENGINE=MyISAM  DEFAULT CHARSET=latin1 AUTO_INCREMENT=39 ;

--
-- Dumping data for table `building`
--

INSERT INTO `building` (`id`, `building_name`, `building_desc`, `address`, `user_id`, `city`, `region`, `postal_code`, `latitude`, `longitude`, `client_building_id`, `portfolio`, `district`, `development`, `building_type`, `construction_year`, `square_feet`, `surveyor`, `survey_date`, `validated`, `project_number`, `location_as_building`, `building_added_date`, `building_update`, `trash`) VALUES
(2, 'Raymond Desmarais Bldg', '', '255 Riverside Drive', 1, 'Windsor', 'ON', 'N9A 6T6', '42.3202147', '-83.0364345', '7', 'PH', '1', 'Raymond Desmarais Bldg', 'High Rise', '1976', '212840', 'Mahir Bholat & Beth ', '2016-02-24', 'y', '16313', 0, '2016-02-09', '2016-05-02', 0),
(3, 'Building2', '', 'JOHN JONES MARKETING DEPARTMENT ca', 1, 'California', 'ON', '2321', '36.778261', '-119.41793239999998', '4', '', '', '', '', '', '32', 'adsf', '2016-02-11', 'y', '42', 0, '2016-02-09', '2016-03-17', 0),
(5, 'Cameron Montrose', '', '445 Glengarry Ave', 1, 'Windsor', 'ON', 'N9A 1P7', '42.317847', '-83.0314171', '7', 'NPS', '1', 'Cameron Montrose', 'Mid-Rise', '1966', '72604', 'Beth Lovegrove', '2016-02-26', 'y', '16313', 1, '2016-02-25', '2016-05-02', 0),
(6, 'Raymond Desmarais Bldg', '', '255 Riverside Drive', 1, 'Windsor', 'ON', 'N9A 6T6', '42.3202147', '-83.0364345', '9', 'PH', '1', 'Raymond Desmarais Bldg', 'High Rise', '1976', '212840', 'Mahir Bholat & Beth ', '2016-02-18', 'y', '16313', 0, '2016-03-10', '2016-04-28', 0),
(8, 'Cameron Montrose', '', '415 University Ave. East', 1, 'Windsor', 'ON', 'N9A 1P7', '42.3183473', '-83.0322356', '7', 'PH', '1', 'Cameron Montrose', 'Mid-Rise', '1966', '72604', 'Beth Lovegrove', '2016-03-04', 'y', '16313', 0, '2016-03-23', '2016-05-07', 0),
(9, 'Cameron Montrose', '', '445 Glengarry Ave', 1, 'Windsor', 'ON', 'N9A 1P7', '42.317847', '-83.0314171', '9', 'PH', '1', 'Cameron Montrose', 'Mid-Rise', '1966', '72604', 'Beth Lovegrove', '2016-04-04', 'y', '16313', 0, '2016-04-12', '2016-04-29', 0),
(11, 'Chateau Masson', '', '415 University Ave. East', 1, 'Windsor', 'ON', 'N9A 2Z3', '42.3183473', '-83.0322356', '9', 'PH', '1', 'Chateau Masson', 'Low Rise', '1967', '34,667', '', '0000-00-00', 'y', '16313', 0, '2016-04-15', '0000-00-00', 0),
(12, 'Glengarry Court', '', '395 University Ave E', 1, 'Windsor', 'ON', 'N9A 2Z2', '42.3187442', '-83.0325683', '9', 'PH', '1', 'Glengarry Court', 'High Rise', '1961', '56250', '', '0000-00-00', 'y', '16313', 0, '2016-04-15', '2016-05-15', 0),
(13, 'Glengarry Court', '', '317 University Ave, East', 1, 'Windsor', 'ON', 'N9A 2Z1', '42.3181545', '-83.0337117', '9', 'PH', '1', 'Glengarry Court', 'Low Rise', '1961', '', '', '0000-00-00', 'y', '16313', 0, '2016-04-15', '0000-00-00', 0),
(14, 'Wheelton Manor', '', '333 Glengarry Ave', 1, 'Windsor', 'ON', 'N9A 1P6', '42.3191182', '-83.0314239', '9', 'PH', '1', 'Wheelton Manor', 'High Rise', '1967', '79,708', '', '0000-00-00', 'y', '16313', 0, '2016-04-15', '0000-00-00', 0),
(15, 'Arbour Court', '', '11934 Arbour St', 1, 'Tecumseh', 'ON', 'N8N 1N5', '42.3086175', '-82.892972', '9', 'PH', '4', 'Arbour Court', 'Low Rise', '1976', '25,300', '', '0000-00-00', 'y', '16313', 0, '2016-04-15', '2016-04-15', 0),
(16, 'Delmar', '', '1905 Delmar Street', 1, 'Lasalle', 'ON', 'N9H 1Z1', '42.2479295', '-83.056589', '9', 'PH', '4', 'Delmar', 'Low Rise', '1976', '11,521', '', '0000-00-00', 'y', '16313', 0, '2016-04-15', '2016-04-29', 0),
(17, 'Elroy Manor', '', '14 King St East', 1, 'Harrow', 'ON', 'N0R 1G0', '42.0356835', '-82.9177019', '9', 'PH', '4', 'Elroy Manor', 'Low Rise', '1976', '15,400', '', '0000-00-00', 'y', '16313', 0, '2016-04-15', '2016-04-15', 0),
(18, 'Lutsch', '', '29 Lutsch', 1, 'Leamington', 'ON', 'N8H 2N4', '42.051293', '-82.5889668', '9', 'PH', '4', 'Lutsch', 'Low Rise', '1971', '25,234', '', '0000-00-00', 'y', '16313', 0, '2016-04-15', '2016-04-15', 0),
(19, 'Maplewood Apartments', '', '109 Brien AVE E', 1, 'Essex', 'ON', 'N8M 2N9', '42.1737284', '-82.8146969', '9', '', '4', 'Maplewood Apartments', 'Low Rise', '1971', '48,700', '', '0000-00-00', 'y', '16313', 0, '2016-04-15', '0000-00-00', 0),
(20, 'Maplewood Apartments', '', '111 Brien AVE E', 1, 'Essex', 'ON', 'N8M 2P1', '42.1742871', '-82.8138168', '9', 'PH', '4', 'Maplewood Apartments', 'Low Rise', '1975', '48,700', '', '0000-00-00', 'y', '16313', 0, '2016-04-15', '0000-00-00', 0),
(21, 'Nancy Court', '', '17 Nancy Ave', 1, 'Leamington', 'ON', 'N8H 1J9', '42.0524898', '-82.6109401', '9', 'PH', '4', 'Nancy Court', 'Low Rise', '1969', '7,900', '', '0000-00-00', 'y', '16313', 0, '2016-04-15', '2016-04-15', 0),
(22, 'Palmer Court', '', '194 Division Rd. N.', 1, 'Kingsville', 'ON', 'N9Y 1E4', '42.0445294', '-82.7407487', '9', 'PH', '4', 'Palmer Court', 'Low Rise', '1976', '23,660', '', '0000-00-00', 'y', '16313', 0, '2016-04-15', '0000-00-00', 0),
(23, 'Prince Albert', '', '32 Prince Albert Street South', 1, 'Kingsville', 'ON', 'N9Y 2B7', '42.036917', '-82.744871', '9', 'PH', '4', 'Prince Albert', 'Low Rise', '1971', '13,893', '', '0000-00-00', 'y', '16313', 0, '2016-04-15', '0000-00-00', 0),
(24, 'ST Charles St.', '', '642 St. Charle', 1, 'Belle River', 'ON', 'N0R 1A0', '42.2923678', '-82.7125322', '9', 'PH', '4', 'ST Charles St.', 'Low Rise', '1975', '14,620', '', '0000-00-00', 'y', '16313', 0, '2016-04-15', '2016-04-15', 0),
(25, 'The Cedars', '', '165 Talbot St. E', 1, 'Leamington', 'ON', 'N8H 4K1', '42.0554494', '-82.5912624', '9', 'PH', '4', 'The Cedars', 'Low Rise', '1975', '29,344', '', '0000-00-00', 'y', '16313', 0, '2016-04-15', '0000-00-00', 0),
(26, 'Victoria St.', '', '340 Victoria St.', 1, 'Amherstburg', 'ON', 'N9V 2K6', '42.098864', '-83.102656', '9', 'PH', '4', 'Victoria St.', 'Low Rise', '1971', '27,200', '', '0000-00-00', 'y', '16313', 0, '2016-04-15', '0000-00-00', 0),
(27, 'Victoria St.', '', '346 Victoria St.', 1, 'Amherstburg', 'ON', 'N9V 2K6', '42.0984728', '-83.1018354', '9', 'PH', '4', 'Victoria St.', 'Low Rise', '1971', '18,750', '', '0000-00-00', 'y', '16313', 0, '2016-04-15', '0000-00-00', 0),
(28, 'Mercer', '', '860 Mercer St.', 1, 'Windsor', 'ON', 'N9A 7B5', '42.3132766', '-83.0290022', '9', 'NPF', '6', 'Mercer', 'Mid-Rise', '1987', '68,355', '', '0000-00-00', 'y', '16313', 0, '2016-04-15', '2016-04-29', 0),
(29, 'Niagara', '', '438 Niagara St.', 1, 'Windsor', 'ON', 'N9A 3S9', '42.3138808', '-83.0283455', '9', 'NPF', '6', 'Niagara', 'High Rise', '1987', '69,836', '', '0000-00-00', 'y', '16313', 0, '2016-04-15', '0000-00-00', 0),
(36, 'Bridgeview I', '', '1323 Tilston Ave', 1, 'Windsor', 'ON', 'N9B 2S6', '42.2947225', '-83.0544369', '9', 'PH', '2', 'Bridgeview I', 'Single Family Home/Duplex', '1952', '800 SF', 'Mahir Bholat and Ste', '2016-04-04', 'y', '16313', 0, '2016-05-07', '2016-06-16', 0),
(37, 'Bridgeview II', '', '1377 Askin Ave', 1, 'Windsor', 'ON', 'N9B 2Y2', '42.2927636', '-83.0547822', '9', 'PH', '2', 'Bridgeview II', 'Single Family Home/Duplex', '1957', '33,600', 'Mahir Bholat & Steve', '2016-04-12', 'y', '16313', 1, '2016-05-09', '0000-00-00', 0),
(38, 'Curry-McKay', 'Single Family Home/Duplex', '1438-1440 Curry Ave.', 1, 'Windsor', 'ON', 'N9B 2K6', '42.2958387', '-83.0445029', '9', 'PH', '2', 'Curry-McKay', 'Single Family Home/Duplex', '1972', '177631', 'Mahir Bholat and Ste', '2016-04-12', 'y', '16313', 1, '2016-05-19', '0000-00-00', 0);

-- --------------------------------------------------------

--
-- Table structure for table `document`
--

CREATE TABLE IF NOT EXISTS `document` (
  `d_id` int(11) NOT NULL AUTO_INCREMENT,
  `buildingID` int(11) NOT NULL,
  `locationID` int(11) NOT NULL,
  `document_name` varchar(30) NOT NULL,
  `document_desc` longtext NOT NULL,
  `document_path` varchar(200) NOT NULL,
  `date_uploaded` date NOT NULL,
  PRIMARY KEY (`d_id`)
) ENGINE=MyISAM  DEFAULT CHARSET=latin1 AUTO_INCREMENT=37 ;

--
-- Dumping data for table `document`
--

INSERT INTO `document` (`d_id`, `buildingID`, `locationID`, `document_name`, `document_desc`, `document_path`, `date_uploaded`) VALUES
(2, 2, 0, 'Doc 1', 'document desc 1', 'building/documents/ECOH_-_Drawing.pdf', '2016-02-12'),
(4, 2, 0, 'ditto check', 'document desc 2', 'building/documents/ECOH_-_Drawing1.pdf', '2016-02-12'),
(10, 5, 0, 'Doucment1', 'Document 1 description', 'building/documents/ECOH_-_Drawing1.pdf', '2016-02-25'),
(9, 3, 0, 'Test', 'sdfsdfss', 'building/documents/webservices_sheet(1).xlsx', '2016-02-17'),
(11, 6, 0, 'Basement', 'Basement Drawing', 'building/documents/FIG1_P16313_DSUB_Basement.pdf', '2016-04-19'),
(12, 6, 0, 'Floor 1', 'Drawing Floor 1', 'building/documents/FIG2_P16313_DSUB_Ground.pdf', '2016-04-19'),
(13, 6, 0, 'Floor 2', 'Drawing Floor 2', 'building/documents/FIG3_P16313_DSUB_Second.pdf', '2016-04-19'),
(14, 6, 0, 'Floor 3', 'Drawing Floor 3', 'building/documents/FIG4_P16313_DSUB_Third.pdf', '2016-04-19'),
(15, 6, 0, 'Floor 4', 'Drawing Floor 4', 'building/documents/FIG5_P16313_DSUB_Fourth.pdf', '2016-04-19'),
(16, 6, 0, 'Floor 5', 'Drawing Floor 5', 'building/documents/FIG6_P16313_DSUB_Fifth.pdf', '2016-04-19'),
(17, 6, 0, 'Floor 6', 'Drawing Floor 6', 'building/documents/FIG7_P16313_DSUB_Sixth.pdf', '2016-04-19'),
(18, 6, 0, 'Floor 7', 'Drawing Floor 7', 'building/documents/FIG8_P16313_DSUB_Seventh.pdf', '2016-04-19'),
(19, 6, 0, 'Floor 8', 'Drawing Floor 8', 'building/documents/FIG9_P16313_DSUB_Eighth.pdf', '2016-04-19'),
(20, 6, 0, 'Floor 9', 'Drawing Floor 9', 'building/documents/FIG10_P16313_DSUB_Ninth.pdf', '2016-04-19'),
(21, 6, 0, 'Floor 10', 'Drawing Floor 10', 'building/documents/FIG11_P16313_DSUB_Tenth.pdf', '2016-04-19'),
(22, 6, 0, 'Floor 11', 'Drawing Floor 11', 'building/documents/FIG12_P16313_DSUB_Eleventh.pdf', '2016-04-19'),
(23, 6, 0, 'Floor 12', 'Drawing Floor 12', 'building/documents/FIG13_P16313_DSUB_Twelfth.pdf', '2016-04-19'),
(24, 6, 0, 'Floor 14', 'Drawing Floor 14', 'building/documents/FIG14_P16313_DSUB_Fourteenth.pdf', '2016-04-19'),
(25, 6, 0, 'Floor 15', 'Drawing Floor 15', 'building/documents/FIG15_P16313_DSUB_Fifteenth.pdf', '2016-04-19'),
(26, 6, 0, 'Floor 16', 'Drawing Floor 16', 'building/documents/FIG16_P16313_DSUB_Sixteenth.pdf', '2016-04-19'),
(27, 6, 0, 'Floor 17', 'Drawing Floor 17', 'building/documents/FIG17_P16313_DSUB_Seventeenth.pdf', '2016-04-19'),
(28, 6, 0, 'Floor 18', 'Drawing Floor 18', 'building/documents/FIG18_P16313_DSUB_Eighteenth.pdf', '2016-04-19'),
(29, 6, 0, 'Floor 19', 'Drawing Floor 19', 'building/documents/FIG19_P16313_DSUB_Nineteenth.pdf', '2016-04-19'),
(30, 6, 0, 'Floor 20', 'Drawing Floor 20', 'building/documents/FIG20_P16313_DSUB_Twentieth.pdf', '2016-04-19'),
(31, 6, 0, 'Floor 21', 'Drawing Floor 21', 'building/documents/FIG21_P16313_DSUB_Twenty-First.pdf', '2016-04-19'),
(32, 6, 0, 'Floor 22', 'Drawing for Roof', 'building/documents/FIG22_P16313_DSUB_Roof.pdf', '2016-04-19'),
(33, 6, 0, 'report', 'report', 'building/documents/16313-DSA_Scope_of_Work_and_Methodology_Report-April_2016-DRAFT.pdf', '2016-04-26'),
(34, 6, 0, 'report1', 'report1', 'building/documents/Appendix_II-16313-00-DEVELOPMENT_NAME-Survey_Summary_Table-Month_2016.xlsx', '2016-04-26'),
(35, 36, 0, 'Drawing - Site Plan', 'Drawing/Site Plan for Bridgeview I - District 2', 'building/documents/Bridgeview_I_Fig__1_ACM_Draft.pdf', '2016-05-16'),
(36, 37, 0, 'Drawing/Site Plan - Bridgeview', 'Drawing/Site Plan - Bridgeview II (District 2)', 'building/documents/Bridgeview_II_Fig__1_ACM_Draft.pdf', '2016-05-16');

-- --------------------------------------------------------

--
-- Table structure for table `hazard`
--

CREATE TABLE IF NOT EXISTS `hazard` (
  `id` int(11) NOT NULL AUTO_INCREMENT,
  `hazard` varchar(20) NOT NULL,
  `condition` varchar(20) NOT NULL,
  `hazard_rst` varchar(50) NOT NULL,
  PRIMARY KEY (`id`)
) ENGINE=MyISAM  DEFAULT CHARSET=latin1 AUTO_INCREMENT=2 ;

--
-- Dumping data for table `hazard`
--

INSERT INTO `hazard` (`id`, `hazard`, `condition`, `hazard_rst`) VALUES
(1, '0.5', '>=', 'Confirmed Asbestos');

-- --------------------------------------------------------

--
-- Table structure for table `layers`
--

CREATE TABLE IF NOT EXISTS `layers` (
  `layer_id` int(11) NOT NULL AUTO_INCREMENT,
  `layer_type` varchar(50) NOT NULL,
  `status` int(11) NOT NULL,
  PRIMARY KEY (`layer_id`)
) ENGINE=MyISAM  DEFAULT CHARSET=latin1 AUTO_INCREMENT=8 ;

--
-- Dumping data for table `layers`
--

INSERT INTO `layers` (`layer_id`, `layer_type`, `status`) VALUES
(1, 'Actinolite', 0),
(2, 'Amosite', 0),
(3, 'Anthophyllite', 0),
(4, 'Chrysotile', 0),
(5, 'Crocidolite', 0),
(6, 'Tremolite', 0),
(7, 'N/A', 0);

-- --------------------------------------------------------

--
-- Table structure for table `location`
--

CREATE TABLE IF NOT EXISTS `location` (
  `l_id` int(11) NOT NULL AUTO_INCREMENT,
  `building_id` int(11) NOT NULL,
  `location_name` varchar(30) NOT NULL,
  `location_id` int(11) NOT NULL,
  `floor` varchar(10) NOT NULL,
  `square_feet` varchar(15) NOT NULL,
  `room_prefix` varchar(15) NOT NULL,
  `room_no` varchar(10) NOT NULL,
  `note` longtext NOT NULL,
  `validated` varchar(5) NOT NULL,
  `no_access` varchar(10) NOT NULL,
  `no_survey` varchar(30) NOT NULL,
  `l_comments` longtext NOT NULL,
  `location_added` date NOT NULL,
  `location_updated` date NOT NULL,
  `consultant_name` varchar(100) NOT NULL,
  `l_address` varchar(500) NOT NULL,
  `latitude` varchar(20) NOT NULL,
  `longitude` varchar(20) NOT NULL,
  `survey_date` date NOT NULL,
  `last_reassessment` date NOT NULL,
  `trash` int(11) NOT NULL,
  PRIMARY KEY (`l_id`)
) ENGINE=MyISAM  DEFAULT CHARSET=latin1 AUTO_INCREMENT=459 ;

--
-- Dumping data for table `location`
--

INSERT INTO `location` (`l_id`, `building_id`, `location_name`, `location_id`, `floor`, `square_feet`, `room_prefix`, `room_no`, `note`, `validated`, `no_access`, `no_survey`, `l_comments`, `location_added`, `location_updated`, `consultant_name`, `l_address`, `latitude`, `longitude`, `survey_date`, `last_reassessment`, `trash`) VALUES
(1, 2, 'Location1', 0, '2', '123', 'tests', '1', '1- VFT is ACM (2%) and Mastic None detected.\r\n2-Limited access above plaster ceiling', 'y', 'no_access', '0', 'test est', '2016-02-11', '2016-07-12', '', '', '56.130366', '-106.346771', '2016-02-24', '0000-00-00', 0),
(3, 5, 'Location2', 23445, '2', '2300', '3', '23', 'Testing..', 'y', 'no_access', '', '', '2016-02-25', '2016-05-09', '', '1323 Rankin Ave, Windsor, N9B 1T2', '42.2949416', '-83.0533087', '2016-02-26', '0000-00-00', 1),
(4, 5, 'Location4', 56586, '23', '2500', '1', '52', 'tester.', 'y', 'no_access', '0', '', '2016-02-25', '2016-05-10', '', '1333 Askin Ave, Windsor, N9B 2Y3', '42.2939196', '-83.0553155', '2016-02-26', '0000-00-00', 0),
(5, 5, 'Location5', 0, '6', '3504', '3', '4', 'testtttttttt', 'y', 'no_access', '', '', '2016-02-25', '2016-02-25', '', '', '', '', '0000-00-00', '0000-00-00', 0),
(6, 2, 'Unit 110', 100, '1st', '300', 'A', '101', 'test unit 10', 'y', 'no_access', '', '', '2016-03-05', '2016-03-21', '', '', '', '', '0000-00-00', '0000-00-00', 0),
(8, 6, 'Basement Mechanical Room', 10001, 'Basement', '4000 SF', '', 'B001', '', 'y', 'no_access', 'no_survey', '', '2016-03-11', '2016-07-14', 'ECOH', '', '', '', '2016-02-18', '0000-00-00', 0),
(9, 6, 'Corridor', 100, '1', '2000  SF', 'N/A', '100', '', 'y', 'no_access', 'no_survey', '', '2016-03-11', '2016-04-18', 'ECOH', '', '', '', '2016-02-18', '0000-00-00', 0),
(12, 6, 'Repair and Maintenance Room', 101, '1', '160 SF', 'N/A', '101', '', 'y', '0', '0', '', '2016-03-14', '2016-03-29', 'ECOH', '', '', '', '2016-02-18', '0000-00-00', 0),
(13, 6, 'Laundry Room', 102, '1', '300', 'N/A', '102', '', 'y', '0', '0', '', '2016-03-14', '2016-03-29', 'ECOH', '', '', '', '2016-02-18', '0000-00-00', 0),
(14, 6, 'Washrooms', 103, '1', '25 SF', 'N/A', '103 ', '', 'y', '0', '0', '', '2016-03-14', '2016-03-29', 'ECOH', '', '', '', '2016-02-18', '0000-00-00', 0),
(15, 6, 'N/A', 105, '1', 'N/A', 'N/A', '105', 'No access to location', 'y', 'no_access', '0', '', '2016-03-14', '2016-03-29', 'ECOH', '', '', '', '2016-02-18', '0000-00-00', 0),
(16, 6, 'Main Electrical Room', 106, '1', '160 SF', '106', '106', '', 'y', '0', '0', '', '2016-03-14', '2016-03-29', 'ECOH', '', '', '', '2016-02-18', '0000-00-00', 0),
(17, 6, 'Back Vestibule', 107, '1', '140 SF', 'N/A', '107', '', 'y', '0', '0', '', '2016-03-14', '2016-03-29', '', '', '', '', '2016-02-18', '0000-00-00', 0),
(18, 6, 'Recycling Room', 108, '1', '140 SF', 'N/A', '108', '', 'y', '0', '0', '', '2016-03-14', '2016-03-29', '', '', '', '', '2016-02-18', '0000-00-00', 0),
(19, 6, 'Recycling Storage', 109, '1', '200 SF', 'N/A', ' 109', '', 'y', '0', '0', '', '2016-03-14', '2016-03-29', '', '', '', '', '2016-02-18', '0000-00-00', 0),
(20, 6, 'Garbage Room', 110, '1', '280 SF', 'N/A', '110', '', 'y', '0', '0', '', '2016-03-14', '2016-03-29', 'ECOH', '', '', '', '2016-02-18', '0000-00-00', 0),
(21, 6, 'Janitor''s Supply', 111, '1', '120 SF', 'N/A', '111', '', 'y', '0', '0', '', '2016-03-14', '2016-03-29', 'ECOH', '', '', '', '2016-02-18', '0000-00-00', 0),
(22, 6, 'Manager Office', 0, '1st Floor', '350 SF', 'N/A', '112', '', 'y', '0', '0', '', '2016-03-14', '2016-03-14', '', '', '', '', '0000-00-00', '0000-00-00', 1),
(23, 6, 'Appliance Storage', 113, '1st Floor', '120 SF', 'N/A', '113', '', 'y', '0', '0', '', '2016-03-14', '0000-00-00', '', '', '', '', '0000-00-00', '0000-00-00', 1),
(24, 6, 'Manager Office', 112, '1', '350 SF', 'N/A', '112', '', 'y', '0', '0', '', '2016-03-14', '2016-03-29', 'ECOH', '', '', '', '2016-02-18', '0000-00-00', 0),
(25, 6, 'Appliance Storage', 113, '1st', '120 SF', 'N/A', '113', '', 'y', '0', '0', '', '2016-03-14', '0000-00-00', '', '', '', '', '0000-00-00', '0000-00-00', 1),
(26, 6, 'Office', 114, '1st Floor', '150 SF', 'N/A', '114', '', 'y', '0', '0', '', '2016-03-14', '0000-00-00', '', '', '', '', '0000-00-00', '0000-00-00', 1),
(27, 6, 'Appliance Storage', 113, '1', '150 SF', 'N/A', '113', '1-VFT and Mastic are ACM (2% Chrysotile)', 'y', '0', '0', '', '2016-03-14', '2016-03-29', 'ECOH', '', '', '', '2016-02-18', '0000-00-00', 0),
(28, 6, 'Office', 114, '1', '150 SF', 'N/A', '114', '1- VFT is ACM (2%) and Mastic None detected.\r\n2-Limited access above plaster ceiling', 'y', '0', '0', '1- VFT is ACM (2%) and Mastic None detected.\r\n2- Limited access above plaster ceiling', '2016-03-14', '2016-03-29', 'ECOH', '', '', '', '2016-02-18', '0000-00-00', 0),
(29, 6, 'Storage by Janitor''s Room', 115, '1', '120 SF', 'N/A', '115', '1-VFT and Mastic both are 2% Chrysotiles', 'y', '0', '0', '1-VFT and Mastic both are 2% Chrysotiles', '2016-03-14', '2016-03-29', '', '', '', '', '2016-02-18', '0000-00-00', 0),
(30, 6, 'Janitor''s Room', 116, '1', '80 SF', 'N/A', '116', '', 'y', '0', '0', '', '2016-03-14', '2016-03-29', 'ECOH', '', '', '', '2016-02-18', '0000-00-00', 0),
(31, 6, 'Sitting Room', 117, '1', '200 SF', 'N/A', '117', '1- Floor Tiles none detected and Mastic ACM (2%)\r\n4- Drywall and Joint Compound on columns.', 'y', '0', '0', '1- Floor Tiles none detected and Mastic ACM (2%)\r\n4- Drywall and Joint Compound on columns.', '2016-03-14', '2016-03-29', 'ECOH', '', '', '', '2016-02-18', '0000-00-00', 0),
(32, 6, 'Main Vestibule', 118, '1', '50 SF', 'N/A', '118', '', 'y', '0', '0', '', '2016-03-14', '2016-03-29', 'ECOH', '', '', '', '2016-02-18', '0000-00-00', 0),
(33, 6, 'N/A', 119, '1', 'N/A', 'N/A', '119', 'No access to location', 'y', 'no_access', 'no_survey', '', '2016-03-14', '0000-00-00', '', '', '', '', '0000-00-00', '0000-00-00', 0),
(34, 6, 'Granny''s Nook', 120, '1', '300 SF', 'N/A', '120', '1- VFT ACM (2%), Mastic none detected.\r\n4- Drywall and joint compound on columns.', 'y', '0', '0', '1- VFT ACM (2%), Mastic none detected.\r\n4- Drywall and joint compound on columns.', '2016-03-14', '2016-03-29', '', '', '', '', '2016-02-18', '0000-00-00', 0),
(35, 6, 'Coffee Shop & Storage', 121, '1', '300 SF', 'N/A', '121', '1- VFT ACM (2%), Mastic None Detected.\r\n2- VFT ACM (2%), Mastic None Detected.\r\n', 'y', '0', '0', '1- VFT ACM (2%), Mastic None Detected.\r\n2- VFT ACM (2%), Mastic None Detected.', '2016-03-14', '2016-03-29', 'ECOH', '', '', '', '2016-02-18', '0000-00-00', 0),
(36, 6, 'Library', 122, '1', '400 SF', 'N/A', '122', '', 'y', '0', '0', '', '2016-03-14', '2016-03-29', 'ECOH', '', '', '', '2016-02-18', '0000-00-00', 0),
(37, 6, 'Stairwell', 0, '1st Floor', '100 SF', 'N/A', 'ST-01', '', 'y', '0', '0', '', '2016-03-14', '0000-00-00', '', '', '', '', '0000-00-00', '0000-00-00', 1),
(38, 6, 'Stairwell', 1, '1st Floor', '100 SF', 'ST', '01', '', 'y', '0', '0', '', '2016-03-14', '0000-00-00', '', '', '', '', '0000-00-00', '0000-00-00', 1),
(39, 6, 'Unit 102 (2 Bedroom)', 124, '1', '800 SF', 'N/A', '124', '', 'y', '0', '0', '', '2016-03-14', '2016-03-29', 'ECOH', '', '', '', '2016-02-18', '0000-00-00', 0),
(40, 6, 'Unit 101 (2 Bedroom)', 123, '1', '800 SF', 'N/A', '123', '', 'y', '0', '0', '', '2016-03-14', '2016-03-29', 'ECOH', '', '', '', '2016-02-18', '0000-00-00', 0),
(41, 6, 'Stairwell', 0, '', '', 'ST', '01', '', 'y', '0', '0', '', '2016-03-14', '0000-00-00', '', '', '', '', '0000-00-00', '0000-00-00', 1),
(42, 6, 'Basement Stairwell', 1, '', '100 SF', 'ST', '1', '1- VFT None Detected, Mastic ACM (2%)\r\n', 'y', '0', '0', '1- VFT None Detected, Mastic ACM (2%)', '2016-03-14', '2016-04-01', 'ECOH', '', '', '', '2016-02-18', '0000-00-00', 0),
(43, 6, 'Stairwell', 2, '', '2000 SF', 'ST', '2', '', 'y', '0', '0', '', '2016-03-14', '2016-03-29', 'ECOH', '', '', '', '2016-02-18', '0000-00-00', 0),
(44, 6, 'Stairwell', 3, '', '2000  SF', 'ST', '3', '', 'y', '0', '0', '', '2016-03-14', '2016-03-29', 'ECOH', '', '', '', '2016-02-18', '0000-00-00', 0),
(45, 6, 'Stairwell', 4, '', '2000 SF', 'ST', '4', '', 'y', '0', '0', '', '2016-03-14', '2016-03-29', '', '', '', '', '2016-02-18', '0000-00-00', 1),
(46, 6, 'Corridor', 200, '2', '2000 SF', 'N/A', '200', 'No access above ceiling, ACM may be present above ceiling and concealed areas.', 'y', '0', '0', '', '2016-03-14', '2016-03-29', 'ECOH', '', '', '', '2016-02-18', '0000-00-00', 0),
(47, 6, 'Unit 203', 0, '2nd Floor', '500 SF', 'N/A', '203', '', 'y', '0', '0', '', '2016-03-14', '2016-03-14', '', '', '', '', '0000-00-00', '0000-00-00', 1),
(48, 6, 'Unit 214', 214, '2nd Floor', '300 SF', 'N/A', '214', '', 'y', '0', '0', '', '2016-03-14', '0000-00-00', '', '', '', '', '0000-00-00', '0000-00-00', 1),
(49, 6, 'Unit 215', 215, '2nd Floor', '300 SF', 'N/A', '215', '', 'y', '0', '0', '', '2016-03-14', '0000-00-00', '', '', '', '', '0000-00-00', '0000-00-00', 1),
(50, 6, 'Unit 203 (1 Bedroom)', 203, '2', '500 SF', 'N/A', '203', '', 'y', '0', '0', '', '2016-03-14', '2016-03-29', 'ECOH', '', '', '', '2016-02-18', '0000-00-00', 0),
(51, 6, 'Unit 214 (1 Bedroom)', 214, '2', '500 SF', 'N/A', '214', '', 'y', '0', '0', '', '2016-03-14', '2016-03-29', 'ECOH', '', '', '', '2016-02-18', '0000-00-00', 0),
(52, 6, 'Unit 215 (1 Bedroom)', 215, '2', '500 SF', 'N/A', '215', '', 'y', '0', '0', '', '2016-03-14', '2016-03-29', 'ECOH', '', '', '', '2016-02-18', '0000-00-00', 0),
(53, 6, 'Corridor', 300, '3', '2000 SF', 'N/A', '300', 'No access above ceiling, ACM may be present above ceiling and concealed areas.', 'y', '0', '0', '', '2016-03-14', '2016-03-29', 'ECOH', '', '', '', '2016-02-18', '0000-00-00', 0),
(54, 6, 'Unit 303 (1 Bedroom)', 303, '3', '500 SF', 'N/A', '303', '', 'y', '0', '0', '', '2016-03-14', '2016-04-06', 'ECOH', '', '', '', '2016-02-18', '0000-00-00', 0),
(55, 6, 'Unit 307 (1 Bedroom)', 307, '3', '500 SF', 'N/A', '307', '', 'y', '0', '0', '', '2016-03-14', '2016-03-29', 'ECOH', '', '', '', '2016-02-18', '0000-00-00', 0),
(56, 6, 'Unit 308 (1 Bedroom)', 308, '3', '500 SF', 'N/A', '308', '', 'y', '0', '0', '', '2016-03-14', '2016-03-29', 'ECOH', '', '', '', '2016-02-18', '0000-00-00', 0),
(57, 6, 'Corridor', 400, '4', '2000 SF', 'N/A', '400', 'No access above ceiling, ACM may be present above ceiling and concealed areas.', 'y', '0', '0', '', '2016-03-14', '2016-03-29', 'ECOH', '', '', '', '2016-02-18', '0000-00-00', 0),
(58, 6, 'Unit 415', 415, '4th Floor', '500', 'N/A', '415', '', 'y', '0', '0', '', '2016-03-14', '0000-00-00', '', '', '', '', '0000-00-00', '0000-00-00', 1),
(59, 6, 'Unit 410 (i Bedroom)', 410, '4', '500 SF', 'N/A', '410', '', 'y', '0', '0', '', '2016-03-14', '2016-03-29', 'ECOH', '', '', '', '2016-02-18', '0000-00-00', 0),
(60, 6, 'Unit 415 (1 Bedroom)', 415, '4', '500 SF', 'N/A', '415', '', 'y', '0', '0', '', '2016-03-14', '2016-03-29', 'ECOH', '', '', '', '2016-02-18', '0000-00-00', 0),
(61, 6, 'Corridor', 500, '5', '2000 SF', 'N/A', '500', 'No access above ceiling, ACM may be present above ceiling and concealed areas.', 'y', '0', '0', '', '2016-03-14', '2016-03-29', 'ECOH', '', '', '', '2016-02-18', '0000-00-00', 0),
(62, 6, 'Corridor', 600, '6', '2000 SF', 'N/A', '600', 'No access above ceiling, ACM may be present above ceiling and concealed areas.', 'y', '0', '0', '', '2016-03-14', '2016-03-29', 'ECOH', '', '', '', '2016-02-18', '0000-00-00', 0),
(63, 6, 'Unit 601 (1 Bedroom)', 601, '6', '500 SF', 'N/A', '601', '', 'y', '0', '0', '', '2016-03-14', '2016-03-29', 'ECOH', '', '', '', '2016-02-18', '0000-00-00', 0),
(64, 6, 'Corridor', 700, '7', '2000 SF', 'N/A', '700', 'No access above ceiling, ACM may be present above ceiling and concealed areas.', 'y', '0', '0', '', '2016-03-14', '2016-03-29', 'ECOH', '', '', '', '2016-02-18', '0000-00-00', 0),
(65, 6, 'Unit 705 (1 bedroom)', 705, '7', '500 SF', 'N/A', '705', '', 'y', '0', '0', '', '2016-03-14', '2016-03-29', 'ECOH', '', '', '', '2016-02-18', '0000-00-00', 0),
(66, 6, 'Corridor', 800, '8', '2000 SF', 'N/A', '800', '', 'y', '0', '0', '', '2016-03-14', '2016-03-29', 'ECOH', '', '', '', '2016-02-18', '0000-00-00', 0),
(67, 6, 'Unit 814', 814, '8', '500 SF', 'N/A', '814 (1 bed', '', 'y', '0', '0', '', '2016-03-14', '2016-03-29', 'ECOH', '', '', '', '2016-02-18', '0000-00-00', 0),
(68, 6, 'Corridor', 900, '9', '2000 SF', 'N/A', '900', 'No access above ceiling, ACM may be present above ceiling and concealed areas.', 'y', '0', '0', '', '2016-03-14', '2016-03-29', 'ECOH', '', '', '', '2016-02-18', '0000-00-00', 0),
(69, 6, 'Unit 905 (1 Bedroom)', 905, '9', '500 SF', 'N/A', '905', '', 'y', '0', '0', '', '2016-03-14', '2016-03-29', 'ECOH', '', '', '', '2016-02-18', '0000-00-00', 0),
(70, 6, 'Unit 917 (1 Bedroom)', 917, '9', '500 SF', 'N/A', '917', '', 'y', '0', '0', '', '2016-03-14', '2016-03-29', 'ECOH', '', '', '', '2016-02-18', '0000-00-00', 0),
(71, 6, 'Corridor', 1000, '10 ', '2000  SF', 'N/A', '1000', 'No access above ceiling, ACM may be present above ceiling and concealed areas.', 'y', '0', '0', '', '2016-03-14', '2016-03-30', 'ECOH', '', '', '', '2016-02-18', '0000-00-00', 0),
(72, 6, 'Unit 1005 (1 bedroom)', 1005, '10', '500 SF', 'N/A', '1005', '', 'y', '0', '0', '', '2016-03-14', '2016-03-30', 'ECOH', '', '', '', '2016-02-18', '0000-00-00', 0),
(73, 6, 'Unit 1011 (1 bedroom)', 1011, '10', '500 SF', 'N/A', '1011', '', 'y', '0', '0', '', '2016-03-14', '2016-03-30', 'ECOH', '', '', '', '2016-02-18', '0000-00-00', 0),
(74, 6, 'Corridor', 1100, '11', '2000 SF', 'N/A', '1100', 'No access above ceiling, ACM may be present above ceiling and concealed areas.', 'y', '0', '0', '', '2016-03-14', '2016-03-29', '', '', '', '', '2016-02-18', '0000-00-00', 0),
(75, 6, 'Unit 1115 (1Bedroom)', 1115, '11', '500 SF', 'N/A', '1115', '', 'y', '0', '0', '', '2016-03-14', '2016-03-30', 'ECOH', '', '', '', '2016-02-18', '0000-00-00', 0),
(76, 6, 'Corridor', 1200, '12', '2000  SF', 'N/A', '1200', 'No access above ceiling, ACM may be present above ceiling and concealed areas.', 'y', '0', '0', '', '2016-03-14', '2016-03-30', 'ECOH', '', '', '', '2016-02-18', '0000-00-00', 0),
(77, 6, 'Unit 1207 (1 Bedroom)', 1207, '12', '500 SF', 'N/A', '1207', '', 'y', '0', '0', '', '2016-03-14', '2016-03-30', 'ECOH', '', '', '', '2016-02-18', '0000-00-00', 0),
(78, 6, 'Corridor', 1400, '14', '2000  SF', 'N/A', '1400', 'No access above ceiling, ACM may be present above ceiling and concealed areas.', 'y', '0', '0', '', '2016-03-14', '2016-03-30', 'ECOH', '', '', '', '2016-02-18', '0000-00-00', 0),
(79, 6, 'Unit 1403 (1 Bedroom)', 1403, '14', '500 SF', 'N/A', '1403', '', 'y', '0', '0', '', '2016-03-14', '2016-03-30', 'ECOH', '', '', '', '2016-02-18', '0000-00-00', 0),
(80, 6, 'Corridor', 1500, '15', '2000  SF', 'N/A', '1500', 'No access above ceiling, ACM may be present above ceiling and concealed areas.', 'y', '0', '0', '', '2016-03-14', '2016-03-30', 'ECOH', '', '', '', '2016-02-18', '0000-00-00', 0),
(81, 6, 'Unit 1505 (1 Bedroom)', 1505, '15', '500 SF', 'N/A', '1505', '', 'y', '0', '0', '', '2016-03-14', '2016-03-30', 'ECOH', '', '', '', '2016-02-18', '0000-00-00', 0),
(82, 6, 'Corridor', 1600, '16', '2000  SF', 'N/A', '1600', 'No access above ceiling, ACM may be present above ceiling and concealed areas.', 'y', '0', '0', '', '2016-03-14', '2016-03-30', 'ECOH', '', '', '', '2016-02-18', '0000-00-00', 0),
(83, 6, 'Unit 1604 (1 Bedroom)', 1604, '16', '500 SF', 'N/A', '1604', '', 'y', '0', '0', '', '2016-03-14', '2016-03-30', 'ECOH', '', '', '', '2016-02-18', '0000-00-00', 0),
(84, 6, 'Corridor', 1700, '17', '2000  SF', 'N/A', '1700', 'No access above ceiling, ACM may be present above ceiling and concealed areas.', 'y', '0', '0', '', '2016-03-14', '2016-03-30', 'ECOH', '', '', '', '2016-02-18', '0000-00-00', 0),
(85, 6, 'Unit 1712 (1 Bedroom)', 1712, '17', '500 SF', 'N/A', '1712', '', 'y', '0', '0', '', '2016-03-14', '2016-03-30', 'ECOH', '', '', '', '2016-02-18', '0000-00-00', 0),
(86, 6, 'Corridor', 1800, '18', '2000  SF', 'N/A', '1800', 'No access above ceiling, ACM may be present above ceiling and concealed areas.', 'y', '0', '0', '', '2016-03-14', '2016-03-30', 'ECOH', '', '', '', '2016-02-18', '0000-00-00', 0),
(87, 6, 'Unit 1801 (1 Bedroom)', 1801, '18', '500 SF', 'N/A', '1801', '', 'y', '0', '0', '', '2016-03-14', '2016-03-30', 'ECOH', '', '', '', '2016-02-18', '0000-00-00', 0),
(88, 6, 'Corridor', 1900, '19', '2000  SF', 'N/A', '1900', 'No access above ceiling, ACM may be present above ceiling and concealed areas.', 'y', '0', '0', '', '2016-03-14', '2016-03-30', 'ECOH', '', '', '', '2016-02-18', '0000-00-00', 0),
(89, 6, 'Unit 1905', 1905, '19', '500 SF', 'N/A', '1905', '', 'y', '0', '0', '', '2016-03-14', '2016-03-30', 'ECOH', '', '', '', '2016-02-18', '0000-00-00', 1),
(90, 6, 'Unit 1906 (1 Bedroom )', 1906, '19', '500 SF', 'N/A', '1906', '3.0 -  VFT5 (unknown vinyl floor tiles) are present under the carpet.', 'y', '0', '0', '', '2016-03-14', '2016-04-08', 'ECOH', '', '', '', '2016-02-18', '0000-00-00', 0),
(91, 6, 'Corridor', 2000, '20', '2000 SF', 'N/A', '2000', 'No access above ceiling, ACM may be present above ceiling and concealed areas.', 'y', '0', '0', '', '2016-03-14', '2016-03-30', 'ECOH', '', '', '', '2016-02-18', '0000-00-00', 0),
(92, 6, 'Unit 2008 (1 Bedroom Unit)', 2008, '20', '500 SF', 'N/A', '2008', '', 'y', '0', '0', '', '2016-03-14', '2016-03-30', 'ECOH', '', '', '', '2016-02-18', '0000-00-00', 0),
(93, 6, 'Unit 2010 (1 Bedroom)', 2010, '20', '500 SF', 'N/A', '2010', 'No access above ceiling, ACM may be present above ceiling and concealed areas.', 'y', '0', '0', '', '2016-03-14', '2016-03-30', 'ECOH', '', '', '', '2016-02-18', '0000-00-00', 0),
(94, 6, 'Unit 2108', 2108, '21 Floor', '2000 SF', 'N/A', '2108', '', 'y', '0', '0', '', '2016-03-14', '0000-00-00', '', '', '', '', '0000-00-00', '0000-00-00', 1),
(95, 6, 'Corridor', 2100, '21', '2000 SF', 'N/A', '2100', '', 'y', '0', '0', '', '2016-03-14', '2016-03-30', 'ECOH', '', '', '', '2016-02-18', '0000-00-00', 0),
(96, 6, 'Electrical Room FLoor 2 to 21', 0, '21 Floor', '200 SF', 'N/A', 'E2 to 22', '', 'y', '0', '0', '', '2016-03-14', '0000-00-00', '', '', '', '', '0000-00-00', '0000-00-00', 1),
(97, 6, 'Game Room and Washrooms', 2112, '21', '2400 SF', 'N/A', '2112', '3-  Drywall Ceiling in Washrooms', 'y', '0', '0', '3-  Drywall Ceiling in Washrooms', '2016-03-14', '2016-04-01', 'ECOH', '', '', '', '2016-02-18', '0000-00-00', 0),
(98, 6, 'Meeting Room', 2111, '21', '375 SF', 'N/A', '2102', '1-VFT1 is in corridor.\r\n2- VFT3 in Kitchen Area\r\n3-VFT4 in Storage Area\r\n8-No access above ceiling, ACM may be present above ceiling areas.\r\n', 'y', '0', '0', '', '2016-03-14', '2016-06-08', 'ECOH', '', '56.130366', '-106.346771', '2016-02-18', '0000-00-00', 0),
(99, 6, 'Unit 2108 (1 Bedroom)', 2108, '21', '500 SF', 'N/A', '2108', 'No access above ceiling, ACM may be present above ceiling and concealed areas.', 'y', '0', '0', '', '2016-03-14', '2016-03-30', 'ECOH', '', '', '', '2016-02-18', '0000-00-00', 0),
(100, 6, 'Roof Top Elevator Room', 2202, '22', '800 SF', 'R', '2202', '', 'y', '0', '0', '', '2016-03-14', '2016-03-30', 'ECOH', '', '', '', '2016-02-18', '0000-00-00', 0),
(101, 6, 'Roof Top Boiler Room', 2203, '22 Roof', '1500 SF', 'R', '2203', '10 - HVAC unit', 'y', '0', '0', '', '2016-03-14', '2016-03-30', 'ECOH', '', '', '', '2016-02-18', '0000-00-00', 0),
(107, 6, 'Unit 1806 (1 Bed Room)', 1806, '18', '500 SF', 'N/A', '1806', '', 'y', '0', '0', '', '2016-03-21', '2016-03-30', 'ECOH', '', '', '', '2016-02-18', '0000-00-00', 0),
(108, 6, 'Washrooms', 104, '1', '25 SF', 'N/A', '104', '', 'y', '0', '0', '', '2016-03-23', '2016-03-30', 'ECOH', '', '', '', '2016-02-18', '0000-00-00', 0),
(109, 6, 'Bell Telephone Room', 2204, '22', '', '', '2204', 'No access to location', '0', 'no_access', '0', '', '2016-03-28', '2016-03-30', 'ECOH', '', '', '', '2016-02-18', '0000-00-00', 0),
(110, 6, 'Roof', 2200, '22', '10000', 'N/A', '2200', '', 'y', '0', '0', '', '2016-03-28', '0000-00-00', '', '', '', '', '0000-00-00', '0000-00-00', 0),
(111, 6, '2nd Floor Electrical Room', 250, '2', '80 SF', 'E', '250', '', 'y', '0', '0', '', '2016-03-28', '2016-03-30', 'ECOH', '', '', '', '2016-02-18', '0000-00-00', 0),
(112, 6, '3 Floor Electrical Room', 350, '3', '80 SF', 'N/A', '350', '', 'y', '0', '0', '', '2016-03-28', '2016-03-30', 'ECOH', '', '', '', '2016-02-18', '0000-00-00', 0),
(113, 6, '4 Floor Electrical Room', 450, '4', '80 SF', 'N/A', '450', '', 'y', '0', '0', '', '2016-03-28', '2016-03-30', 'ECOH', '', '', '', '2016-02-18', '0000-00-00', 0),
(114, 6, '5 Floor Electrical Room', 550, '5', '80 SF', 'E', '550', '', 'y', '0', '0', '', '2016-03-28', '2016-03-30', 'ECOH', '', '', '', '2016-02-18', '0000-00-00', 0),
(115, 6, '6  Floor Electrical Room', 650, '6', '80', 'E', '650', '', 'y', '0', '0', '', '2016-03-28', '2016-03-30', 'ECOH', '', '', '', '2016-02-18', '0000-00-00', 0),
(116, 6, '7 Floor Electrical Room', 750, '7', '80 SF', '', '750', '', 'y', '0', '0', '', '2016-03-28', '2016-03-30', 'ECOH', '', '', '', '2016-02-18', '0000-00-00', 0),
(117, 6, '8 Floor Electrical Room', 850, '8', '80', 'E', '850', '', 'y', '0', '0', '', '2016-03-28', '2016-03-30', 'ECOH', '', '', '', '2016-02-18', '0000-00-00', 0),
(118, 6, '9 Floor Electrical Room', 950, '9', '80 SF', 'E', '950', '', 'y', '0', '0', '', '2016-03-28', '2016-03-30', 'ECOH', '', '', '', '2016-02-18', '0000-00-00', 0),
(119, 6, '10 Floor Electrical Room', 1050, '10', '80 SF', 'E', '1050', '10 Floor Electrical Room', 'y', '0', '0', '', '2016-03-28', '2016-03-30', 'ECOH', '', '', '', '2016-02-18', '0000-00-00', 0),
(120, 6, '11 Floor Electrical Room', 1150, '11', '80 SF', 'E', '1150', '', 'y', '0', '0', '', '2016-03-28', '2016-03-30', 'ECOH', '', '', '', '2016-02-18', '0000-00-00', 0),
(121, 6, '12  Floor Electrical Room', 1250, '12', '80 SF', 'E', '1250', '', 'y', 'no_access', 'no_survey', '', '2016-03-28', '2016-03-30', 'ECOH', '', '', '', '2016-02-18', '0000-00-00', 0),
(122, 6, '13 Floor Electrical Room', 1350, '13', '80 SF', 'E', '1350', '', 'y', '0', '0', '', '2016-03-28', '2016-03-30', 'ECOH', '', '', '', '2016-02-18', '0000-00-00', 0),
(123, 6, '14 Floor Electrical Room', 1450, '14', '80 SF', 'E', '1450', '', 'y', '0', '0', '', '2016-03-28', '2016-03-30', 'ECOH', '', '', '', '2016-02-18', '0000-00-00', 0),
(124, 6, '15 Floor Electrical Room', 1550, '15', '80 SF', 'E', '1550', '', 'y', '0', '0', '', '2016-03-28', '2016-03-30', 'ECOH', '', '', '', '2016-02-18', '0000-00-00', 0),
(125, 6, '16 Floor Electrical Room', 1650, '16', '80 SF', 'E', '1650', '', 'y', '0', '0', '', '2016-03-28', '2016-03-30', 'ECOH', '', '', '', '2016-02-18', '0000-00-00', 0),
(126, 6, '17 Floor Electrical Room', 1750, '17', '80 SF', 'E', '1750', '', 'y', '0', '0', '', '2016-03-28', '0000-00-00', '', '', '', '', '0000-00-00', '0000-00-00', 0),
(127, 6, '18 Floor Electrical Room', 1850, '18', '80 SF', 'E', '1850', '', 'y', '0', '0', '', '2016-03-28', '2016-03-30', 'ECOH', '', '', '', '2016-02-18', '0000-00-00', 0),
(128, 6, '19 Floor Electrical Room', 1950, '19', '80 SF', 'E', '1950', '', 'y', '0', '0', '', '2016-03-28', '2016-03-30', 'ECOH', '', '', '', '2016-02-18', '0000-00-00', 0),
(129, 6, '20 Floor Electrical Room', 2050, '20', '80 SF', 'E', '2050', '', 'y', '0', '0', '', '2016-03-28', '2016-03-30', 'ECOH', '', '', '', '2016-02-18', '0000-00-00', 0),
(130, 6, '21 Floor Electrical Room', 2150, '21', '80 SF', 'E', '2150', '', 'y', '0', '0', '', '2016-03-28', '2016-03-30', 'ECOH', '', '', '', '2016-02-18', '0000-00-00', 0),
(131, 6, '2 Floor Garbage Room', 251, '2', '50 SF', 'N/A', '251', '', 'y', '0', '0', '', '2016-03-28', '2016-03-30', 'ECOH', '', '', '', '2016-02-18', '0000-00-00', 0),
(132, 6, '3 Floor Garbage Room', 351, '3', '50 SF', 'N/A', '351', '', 'y', '0', '0', '', '2016-03-28', '2016-03-30', 'ECOH', '', '', '', '2016-02-18', '0000-00-00', 0),
(133, 6, '4 Floor Garbage Room', 451, '4', '50 SF', 'N/A', '451', '', 'y', '0', '0', '', '2016-03-28', '2016-03-30', 'ECOH', '', '', '', '2016-02-18', '0000-00-00', 0),
(134, 6, '5 Floor Garbage Room', 551, '5', '50 SF', 'N/A', '551', '', 'y', '0', '0', '', '2016-03-28', '2016-03-30', 'ECOH', '', '', '', '2016-02-18', '0000-00-00', 0),
(135, 6, '6 Floor Garbage Room', 651, '6', '50 SF', 'N/A', '651', '', 'y', '0', '0', '', '2016-03-28', '2016-03-30', 'ECOH', '', '', '', '2016-02-18', '0000-00-00', 0),
(136, 6, '7 Floor Garbage Room', 751, '7', '50 SF', 'N/A', '751', '', 'y', '0', '0', '', '2016-03-28', '2016-03-30', 'ECOH', '', '', '', '2016-02-18', '0000-00-00', 0),
(137, 6, '4 Floor Garbage Room8', 851, '8', '50 SF', 'N/A', '851', '', 'y', '0', '0', '', '2016-03-28', '2016-03-30', 'ECOH', '', '', '', '2016-02-18', '0000-00-00', 0),
(138, 6, '9 Floor Garbage Room', 951, '9', '50 SF', 'N/A', '951', '', 'y', '0', '0', '', '2016-03-28', '2016-03-30', 'ECOH', '', '', '', '2016-02-18', '0000-00-00', 0),
(139, 6, '10 Floor Garbage Room', 1051, '10', '50 SF', 'N/A', '1051', '', 'y', '0', '0', '', '2016-03-28', '2016-03-30', 'ECOH', '', '', '', '2016-02-18', '0000-00-00', 0),
(140, 6, '11 Floor Garbage Room', 1151, '11', '50 SF', 'N/A', '1151', '', 'y', '0', '0', '', '2016-03-28', '2016-03-30', 'ECOH', '', '', '', '2016-02-18', '0000-00-00', 0),
(141, 6, '12 Floor Garbage Room', 1251, '12', '50 SF', 'N/A', '1251', '', 'y', '0', '0', '', '2016-03-28', '2016-03-30', 'ECOH', '', '', '', '2016-02-18', '0000-00-00', 0),
(142, 6, '13 Floor Garbage Room', 1351, '13', '50 SF', 'N/A', '1351', '', 'y', '0', '0', '', '2016-03-28', '2016-03-30', 'ECOH', '', '', '', '2016-02-18', '0000-00-00', 0),
(143, 6, '14 Floor Garbage Room', 1451, '14', '50 SF', 'N/A', '1451', '', 'y', '0', '0', '', '2016-03-28', '2016-03-30', 'ECOH', '', '', '', '2016-02-18', '0000-00-00', 0),
(144, 6, '15 Floor Garbage Room8', 1551, '15', '50 SF', 'N/A', '1551', '', 'y', '0', '0', '', '2016-03-28', '2016-03-30', 'ECOH', '', '', '', '2016-02-18', '0000-00-00', 0),
(145, 6, '16 Floor Garbage Room', 1651, '16', '50 SF', 'N/A', '1651', '', 'y', '0', '0', '', '2016-03-28', '2016-03-30', 'ECOH', '', '', '', '2016-02-18', '0000-00-00', 0),
(146, 6, '17 Floor Garbage Room', 1751, '17', '50 SF', 'N/A', '1751', '', 'y', '0', '0', '', '2016-03-28', '2016-03-30', 'ECOH', '', '', '', '2016-02-18', '0000-00-00', 0),
(147, 6, '18 Floor Garbage Room', 1851, '18', '50 SF', 'N/A', '1851', '', 'y', '0', '0', '', '2016-03-28', '2016-03-30', 'ECOH', '', '', '', '2016-02-18', '0000-00-00', 0),
(148, 6, '19 Floor Garbage Room', 1951, '19', '50 SF', 'N/A', '1951', '', 'y', '0', '0', '', '2016-03-28', '2016-03-30', 'ECOH', '', '', '', '2016-02-18', '0000-00-00', 0),
(149, 6, '20 Floor Garbage Room', 2051, '20', '50 SF', 'N/A', '2051', '', 'y', '0', '0', '', '2016-03-28', '2016-03-30', 'ECOH', '', '', '', '2016-02-18', '0000-00-00', 0),
(150, 2, 'test', 23000, '2', '32', '23', '', 'test', 'y', 'no_access', 'no_survey', '', '2016-03-29', '0000-00-00', 'abc', '', '', '', '2016-02-17', '2016-02-24', 0),
(151, 6, '21 Floor Garbage Room', 2151, '21', '', 'N/A', '2151', '', 'y', '0', '0', '', '2016-04-01', '0000-00-00', '', '', '', '', '2016-02-18', '2016-02-18', 0),
(154, 36, '1014 Askin', 1, '1', '600', 'N/A', '1014 Askin', '', 'y', '0', 'no_survey', '', '2016-05-07', '2016-05-12', 'ECOH', '1014 Askin Ave, Windsor, On, N9B 2X6', '42.2987583', '-83.0579545', '2016-04-11', '0000-00-00', 0),
(155, 36, '1323 Tilston Ave', 2, '1', '800', '', '1323', '', 'y', '0', 'no_survey', '', '2016-05-07', '2016-05-12', '', '1323 Tilston Ave, Windsor, On, N9B 2S6', '42.2947225', '-83.0544369', '2016-04-11', '0000-00-00', 0),
(156, 36, '1336 Askin Ave', 3, '1', '800', '', '1336', '', 'y', '0', 'no_survey', '', '2016-05-07', '2016-05-12', 'ECOH', '', '56.130366', '-106.346771', '2016-04-11', '0000-00-00', 0),
(157, 36, '1339 Rankin Ave', 4, '1', '600', '', '1339', '', 'y', '0', '0', '', '2016-05-07', '2016-05-12', 'ECOH', '1339 Rankin Ave, Windsor, On, N9B 1T2', '42.2946091', '-83.052994', '2016-04-11', '0000-00-00', 0),
(158, 36, '2160 Grove Ave', 5, '1', '600', '', '2160', '', 'y', '0', 'no_survey', '', '2016-05-07', '2016-05-12', 'ECOH', '2160 Grove Ave, Windsor, On, N9B 1P9', '42.2983862', '-83.0560405', '2016-04-11', '0000-00-00', 0),
(159, 36, '946 Askin Ave', 6, '1', '600', '', '946', '', 'y', '0', 'no_survey', '', '2016-05-07', '2016-05-12', 'ECOH', '946 Askin Ave, Windsor, On, N9B 2X7', '42.3000812', '-83.0588134', '0000-00-00', '0000-00-00', 0),
(160, 36, '986 Rankin Ave', 7, '1', '600', '', '986', '', 'y', '0', 'no_survey', '', '2016-05-07', '2016-05-12', 'ECOH', '986 Rankin Ave, Windsor, On, N9B 2S3', '42.3000614', '-83.0559899', '0000-00-00', '0000-00-00', 0),
(161, 36, '1032 Askin Ave', 8, '1', '600', '', '1032', '', 'y', '0', 'no_survey', '', '2016-05-07', '2016-05-12', 'ECOH', '1032 Askin Ave, Windsor, On, N9B 2X6', '42.2984009', '-83.057627', '0000-00-00', '0000-00-00', 0),
(162, 36, '1056 Askin Ave', 9, '1', '600', '', '1056', 'Detached - 1 Story with 2 Bedrooms\r\n1 - VFT2 in kitchen and Halways and VSF2 in washroom.', 'y', '0', '0', '', '2016-05-07', '2016-05-15', 'ECOH', '1056 Askin Ave, Windsor, On, N9B 2X6', '42.2978938', '-83.0573869', '2016-04-04', '0000-00-00', 0),
(163, 36, '1241 Tilston Ave', 10, '1', '600', '', '1241', '1.0 -  Vinyl Floor Tiles  (VFT5) same as VFT2 in Bridgeview II (None Detected)', 'y', '0', '0', '', '2016-05-07', '2016-05-14', 'ECOH', '1241 Tilston Ave, Windsor, On, N9B 2S6', '42.2962418', '-83.0555314', '2016-04-04', '0000-00-00', 0),
(164, 36, '1264 Askin Ave', 11, '1', '600', '', '1264', '', 'y', '0', 'no_survey', '', '2016-05-07', '2016-05-12', 'ECOH', '1264 Askin Ave, Windsor, On, N9B 2Y1', '42.2952413', '-83.0556681', '2016-04-11', '0000-00-00', 0),
(165, 36, '2186 Grove Ave', 15, '1', '800', '', '2186', 'Detached - 2 Story with 3 Bedroom\r\n1 - VSF2 in washroom , VFT5 in Bedroom, Kitchen/Hallway and carpet in Living Room', 'y', '0', '0', '', '2016-05-07', '2016-05-15', '', '2186 Grove Ave, Windsor, On, N9B 1P9', '42.2983628', '-83.0563917', '2016-04-04', '0000-00-00', 0),
(166, 36, '1090 Rankin Ave', 16, '1', '600', '', '1090', '', 'y', '0', '0', '', '2016-05-07', '2016-05-12', 'ECOH', '1090 Rankin Ave, Windsor, On, N9B 2S3', '42.2987442', '-83.0549984', '2016-04-11', '0000-00-00', 0),
(167, 36, '1306 Rankin Ave', 19, '1', '600', '', '1306', '1 Story with 3 Bedroom\r\nVFT 2 in Kitchen, VFT3 Basement Stairwell, VSF1 new in Washroom.\r\n8.0 - Heat Shield in vents.\r\n', 'y', '0', '0', '', '2016-05-07', '2016-05-15', 'ECOH', '1306 Rankin Ave, Windsor, On, N9B 1T2', '42.2954408', '-83.0530459', '2016-04-04', '0000-00-00', 0),
(168, 36, '1181 Askin Ave', 27, '1', '800', '', '1181', 'Detached - 2 Story with 3 Bedrooms\r\n1.0 - Vinyl Floor Tiles (VFT6) are same as VFT2 in Bridgeview II sample # 002-ASB (none detected) in kitchen and Hallways\r\n7.0 - Heat Shield leftover on vents', 'y', '0', '0', '', '2016-05-07', '2016-05-15', '', '1181 Askin Ave, Windsor, On, N9B 2Y1', '42.2960287', '-83.0566695', '2016-04-04', '0000-00-00', 0),
(169, 36, '1301 Rankin Ave', 33, '1', '800', '', '1301', '2 Story with 3 Bedrooms\r\n3.0 - Drywall without joint compound in basement. ', 'y', '0', '0', '', '2016-05-07', '2016-05-15', 'ECOH', '1301 Rankin Ave, Windsor, On, N9B 1T2', '42.2953868', '-83.0535964', '2016-04-04', '0000-00-00', 0),
(170, 36, '2300 Giradot Ave', 42, '1', '800', '', '2300', 'VFT 4 in Kitchen, VSF2 in washroom \r\nHeat shield around vents', 'y', '0', '0', '', '2016-05-07', '2016-05-15', 'ECOH', '2300 Giradot Ave, Windsor, On, N9B 2V3', '42.2969735', '-83.0570671', '2016-04-04', '0000-00-00', 0),
(171, 36, '1168 Rankin Ave', 49, '1', '800', '', '1168', '', 'y', '0', '0', '', '2016-05-07', '2016-05-12', '', '1168 Rankin Ave, Windsor, On, N9B 2S6', '42.2973906', '-83.0542844', '2016-04-11', '0000-00-00', 0),
(172, 36, '1275 Rankin Ave', 53, '1', '800', '', '1275', '3 Floor and 3 Bed (1 on ground floor and 2 on 2nd floor)\r\n30 SF of mould in washroom ceiling.', 'y', '0', '0', '', '2016-05-07', '2016-05-13', 'ECOH', '1275 Rankin Ave, Windsor, On, N9B 2S6', '42.2957208', '-83.0538123', '2016-04-04', '0000-00-00', 0),
(173, 36, '1277 Tilston Ave', 54, '1', '800', '', '1277', 'Detached - 2 Story with 3 Bedrooms\r\nVFT2 under stick on in Ketchen/Halways, VSF4 in washroom and Hardwood\r\n3 - Wall plaster 15 SF damaged on 2nd floor.\r\nHeat Shield around vents', 'y', '0', '0', '', '2016-05-07', '2016-05-15', 'ECOH', '1277 Tilston Ave, Windsor, On, N9B 2S6', '42.2954594', '-83.055033', '2016-04-04', '0000-00-00', 0),
(174, 36, '1291 Rankin Ave', 55, '1', '800', '', '1291', '', 'y', '0', '0', '', '2016-05-07', '2016-05-11', 'ECOH', '1291 Rankin Ave, Windsor, On, N9B 2S6', '42.2954982', '-83.0536684', '0000-00-00', '0000-00-00', 0),
(175, 36, '2241 Giradot Ave', 62, '1', '800', '', '2241', '2 Story with 3 Bedrooms\r\n1.0 - Vinyl Floor Tiles (VFT6) are same as VFT2 in Bridgeview II sample # 002-ASB (none detected)', 'y', '0', '0', '', '2016-05-07', '2016-05-15', 'ECOH', '2241 Giradot Ave, Windsor, On, N9B 2V3', '42.2968939', '-83.056182', '2016-04-04', '0000-00-00', 0),
(176, 36, '972 Rankin Ave', 68, '1', '800', '', '972', 'Detached - 2 Story with 3 Bedrooms\r\n1 -  Flooring VFT2 in kitchen under laminate flooring.', 'y', '0', '0', '', '2016-05-07', '2016-05-15', 'ECOH', '972 Rankin Ave, Windsor, On, N9B 2S3', '42.3004212', '-83.0560768', '2016-04-04', '0000-00-00', 0),
(177, 36, '981 Merritt Dr', 70, '1', '800', '', '981', '\r\nDetached\r\n1.0 - Vinyl Floor Tiles (VFT6) are same as VFT2 in Bridgeview II sample # 002-ASB (none detected)', 'y', '0', '0', '', '2016-05-07', '2016-05-13', 'ECOH', '981 Merritt Dr, Windsor, On, N9B 2X6', '42.2994459', '-83.0575152', '2016-04-04', '0000-00-00', 0),
(178, 36, '1287 Askin Ave', 72, '1', '800', '', '1287', '2 Story with 3 Bedrooms\r\n1.0 - Vinyl Floor Tiles (VFT6) are same as VFT2 in Bridgeview II sample # 002-ASB (none detected) in kitchen, VSF3 Washroom', 'y', '0', '0', '', '2016-05-07', '2016-05-15', 'ECOH', '1287 Askin Ave, WIndsor, On, N9B 2Y1', '42.2948062', '-83.0556891', '2016-04-04', '0000-00-00', 0),
(179, 5, 'test', 234, '12', '344', '12', '12321', '', 'y', 'no_access', 'no_survey', '', '2016-05-09', '0000-00-00', 'teststt', '1356 Tilston Ave, Windsor, N9B 2S6', '42.2941468', '-83.0540439', '2016-02-26', '2016-02-26', 0),
(180, 36, '1014 Rankin Ave', 23, '1', '800', '', '1014 Ranki', 'Detached - 2 Story with 3 Bedroom', 'y', '0', '0', '', '2016-05-09', '2016-05-13', 'ECOH', '1014 Rankin Ave, Windsor, On, N9B 2S3', '42.2996416', '-83.0555744', '2016-04-04', '0000-00-00', 0),
(181, 36, '1329 Tilston Ave', 12, '1', '800', '', '1329 Tilst', '', 'y', 'no_access', 'no_survey', '', '2016-05-09', '0000-00-00', 'ECOH', '1329 Tilston Ave, Windsor, On, N9B 2S6', '42.2945617', '-83.0544541', '2016-04-11', '0000-00-00', 0),
(182, 36, '1367 Askin Ave', 13, '1', '600', '', '1367 Askin', '', 'y', 'no_access', 'no_survey', '', '2016-05-09', '0000-00-00', 'ECOH', '1367 Askin Ave, Windsor, On, N9B 2Y2', '42.2930287', '-83.0550376', '2016-04-11', '0000-00-00', 0),
(183, 36, '992 Rankin Ave', 14, '1', '600', '', '992 Rankin', '', 'y', '0', 'no_survey', '', '2016-05-09', '0000-00-00', 'ECOH', '992 Rankin Ave, Windsor, On, N9B 2S3', '42.2999317', '-83.055963', '2016-04-11', '0000-00-00', 0),
(184, 36, '1125 Askin Ave', 17, '1', '600', '', '1125 Askin', '', 'y', '0', 'no_survey', '', '2016-05-09', '0000-00-00', 'ECOH', '1125 Askin Ave, Windsor, On, N9B 2Y1', '42.2964439', '-83.0570493', '2016-04-11', '0000-00-00', 0),
(185, 36, '1242 Tilston Ave', 18, '1', '600', '', '1242 Tilst', '', 'y', '0', 'no_survey', '', '2016-05-09', '0000-00-00', 'ECOH', '1242 Tilston Ave, Windsor, On, N9B 2S6', '42.29645', '-83.0548857', '2016-04-11', '0000-00-00', 0),
(186, 36, '2120 Secord Ave', 20, '1', '600', '', '2120 Secor', '', 'y', '0', 'no_survey', '', '2016-05-09', '0000-00-00', 'ECOH', '2120 Secord Ave, Windsor, On, N9B 1T2', '42.2941502', '-83.0527022', '0000-00-00', '0000-00-00', 0),
(187, 36, '1003 Askin Ave', 21, '1', '800', '', '1003 Askin', '', 'y', '0', 'no_survey', '', '2016-05-09', '0000-00-00', 'ECOH', '1003 Askin Ave, Windsor, On, N9B 2X6', '42.2988203', '-83.0584902', '2016-04-11', '0000-00-00', 0),
(188, 36, '1009 Askin Ave', 22, '1', '800', '', '1009 Askin', '', 'y', '0', 'no_survey', '', '2016-05-09', '0000-00-00', '', '1009 Askin Ave, Windser, On, N9B 2X6', '42.2987223', '-83.0584252', '2016-04-11', '0000-00-00', 0),
(189, 36, '1033 Rankin Ave', 24, '1', '800', '', '1033 Ranki', '', 'y', '0', 'no_survey', '', '2016-05-09', '0000-00-00', 'ECOH', '1033 Rankin Ave, Windsor, On, N9B 2S3', '42.2991941', '-83.0560592', '2016-04-11', '0000-00-00', 0),
(190, 36, '1108 Askin Ave', 25, '1', '800', '', '1108 Askin', '', 'y', '0', 'no_survey', '', '2016-05-09', '0000-00-00', 'ECOH', '1108 Askin Ave, Windsor, On, N9B 2Y1', '42.2967337', '-83.0566537', '2016-04-11', '0000-00-00', 0),
(191, 36, '1136 Askin Ave', 26, '1', '600', '', '1136 Askin', '', 'y', '0', 'no_survey', '', '2016-05-09', '0000-00-00', '1136 Askin Ave', '1136 Askin Ave, Windsor, On, N9B 2Y1', '42.2965125', '-83.0565346', '2016-04-11', '0000-00-00', 0),
(192, 36, '1251 Rankin Ave', 28, '1', '600', '', '1251 Ranki', '', 'y', '0', 'no_survey', '', '2016-05-09', '0000-00-00', 'ECOH', '1251 Rankin Ave, Windsor, On, N9B 2S6', '42.2960548', '-83.0540281', '2016-04-11', '0000-00-00', 0),
(193, 36, '1257 Tilston Ave', 29, '1', '800', '', '1257 Tilst', '', 'y', 'no_access', 'no_survey', '', '2016-05-09', '0000-00-00', 'ECOH', '1257 Tilston Ave, Windsor, On, N9B 2S6', '42.2959049', '-83.0552283', '2016-04-11', '0000-00-00', 0),
(194, 36, '1259 Askin Ave', 30, '1', '600', '', '1259 Askin', '', 'y', '0', 'no_survey', '', '2016-05-09', '0000-00-00', 'ECOH', '1259 Askin Ave, Windsor, On, N9B 2Y1', '42.2951216', '-83.0560421', '2016-04-11', '0000-00-00', 0),
(195, 36, '1280 Askin Ave', 31, '1', '800', '', '1280 Askin', '', 'y', '0', 'no_survey', '', '2016-05-09', '0000-00-00', 'ECOH', '1280 Askin Ave, Windsor, On, N9B 2Y3', '42.2949816', '-83.055516', '2016-04-11', '0000-00-00', 0),
(196, 36, '1283 Rankin Ave', 32, '1', '800', '', '1283 Ranki', '', 'y', '0', 'no_survey', '', '2016-05-09', '0000-00-00', 'ECOH', '1283 Rankin Ave, Windsor, On, N9B 2S6', '42.2956095', '-83.0537403', '0000-00-00', '0000-00-00', 0),
(197, 36, '1307 Rankin Ave', 34, '1', '800', '', '1307 Ranki', '', 'y', '0', 'no_survey', '', '2016-05-09', '0000-00-00', 'ECOH', '1307 Rankin Ave, Windsor, On, N9B 1T2', '42.2952755', '-83.0535245', '0000-00-00', '0000-00-00', 0),
(198, 36, '1322 Tilston Ave', 35, '1', '800', '', '1322 Tilst', '', 'y', '0', 'no_survey', '', '2016-05-09', '0000-00-00', 'ECOH', '1322 Tilston Ave, Windsor, On, N9B 2S6', '42.2948263', '-83.0540628', '2016-04-11', '0000-00-00', 0),
(199, 36, '1323 Rankin Ave', 36, '1', '800', '', '1323 Ranki', '', 'y', '0', 'no_survey', '', '2016-05-09', '0000-00-00', 'ECOH', '1323 Rankin Ave, Windsor, On, N9B 1T2', '42.2949416', '-83.0533087', '2016-04-11', '0000-00-00', 0),
(200, 36, '1333 Askin Ave', 37, '1', '800', '', '1333 Askin', '', 'y', '0', 'no_survey', '', '2016-05-09', '0000-00-00', 'ECOH', '1333 Askin Ave, Windsor, On, N9B 2Y3', '42.2939196', '-83.0553155', '2016-04-11', '0000-00-00', 0),
(201, 36, '1356 Tilston Ave', 38, '1', '800', '', '1356 Tilst', '', 'y', '0', 'no_survey', '', '2016-05-09', '0000-00-00', 'ECOH', '1356 Tilston Ave, Windsor, On, N9B 2S6', '42.2941468', '-83.0540439', '2016-04-11', '0000-00-00', 0),
(202, 36, '1357 Askin Ave', 39, '1', '800', '', '1357 Askin', '', 'y', '0', 'no_survey', '', '2016-05-09', '0000-00-00', 'ECOH', '1357 Askin Ave, Windsor, On, N9B 2Y2', '42.2933221', '-83.0550047', '2016-04-11', '0000-00-00', 0),
(203, 36, '2159 Vercheres Ave', 40, '1', '800', '', '2159 Verch', '', 'y', '0', 'no_survey', '', '2016-05-09', '0000-00-00', 'ECOH', '2159 Vercheres Ave, Windsor, On, N9B 2S1', '42.3007222', '-83.057523', '2016-04-11', '0000-00-00', 0),
(204, 36, '2241 Vercheres Ave', 41, '1', '800', '', '2241 Verch', '', 'y', '0', 'no_survey', '', '2016-05-09', '0000-00-00', 'ECOH', '2241 Vercheres Ave, Windsor, On, N9B 1N9', '42.3002622', '-83.0590537', '2016-04-11', '0000-00-00', 0),
(205, 36, '968 Askin Ave', 43, '1', '800', '968 Askin Ave', '968 Askin ', '', 'y', '0', 'no_survey', '', '2016-05-09', '0000-00-00', 'ECOH', '968 Askin Ave, Windsor, On, N9B 2X6', '42.299642', '-83.0585221', '2016-04-11', '0000-00-00', 0),
(206, 36, '1015 Askin Ave', 44, '1', '800', '', '1015 Askin', '', 'y', '0', 'no_survey', '', '2016-05-09', '0000-00-00', 'ECOH', '1015 Askin Ave, Windsor, On, N9B 2X6', '42.2985815', '-83.0584306', '2016-04-11', '0000-00-00', 0),
(207, 36, '1025 Rankin Ave', 45, '1', '800', '', '1025 Ranki', '', 'y', '0', 'no_survey', '', '2016-05-09', '0000-00-00', 'ECOH', '1025 Rankin Ave, Windsor, On, N9B 2S3', '42.2993569', '-83.0560401', '2016-04-11', '0000-00-00', 0),
(208, 36, '1053 Rankin Ave', 46, '1', '800', '', '1053 Ranki', '', 'y', '0', 'no_survey', '', '2016-05-09', '0000-00-00', 'ECOH', '1053 Rankin Ave, Windsor, On, N9B 2S3', '42.2989876', '-83.0558251', '2016-04-11', '0000-00-00', 0),
(209, 36, '1139 Askin Ave', 47, '1', '800', '', '1139 Askin', '', 'y', '0', 'no_survey', '', '2016-05-09', '0000-00-00', 'ECOH', '1139 Askin Ave, Windsor, On, N9B 2Y1', '42.2963702', '-83.056887', '2016-04-11', '0000-00-00', 0),
(210, 36, '1150 Askin Ave', 48, '1', '800', '', '1150 Askin', '', 'y', '0', 'no_survey', '', '2016-05-09', '0000-00-00', 'ECOH', '1150 Askin Ave, Windsor, On, N9B 2Y1', '42.2964022', '-83.0564841', '2016-04-11', '0000-00-00', 0),
(211, 36, '1233 Askin Ave', 50, '1', '800', '', '1233 Askin', '', 'y', '0', 'no_survey', '', '2016-05-09', '0000-00-00', 'ECOH', '1233 Askin Ave, Windsor, On, N9B 2Y1', '42.2954361', '-83.0563956', '0000-00-00', '0000-00-00', 0),
(212, 36, '1267 Askin Ave', 51, '1', '800', '', '1267 Askin', '', 'y', '0', 'no_survey', '', '2016-05-09', '0000-00-00', 'ECOH', '1267 Askin Ave, Windsor, On, N9B 2Y1', '42.2947845', '-83.0558859', '2016-04-11', '0000-00-00', 0),
(213, 36, '1268 Tilston Ave', 52, '1', '800', '', '1268 Tilst', '', 'y', '0', 'no_survey', '', '2016-05-09', '0000-00-00', 'ECOH', '1268 Tilston Ave, Windsor, On, N9B 2S6', '42.2958603', '-83.0547035', '2016-04-11', '0000-00-00', 0),
(214, 36, '1323 Askin Ave', 56, '1', '800', '', '1323 Askin', '', 'y', '0', 'no_survey', '', '2016-05-09', '0000-00-00', 'ECOH', '1323 Askin Ave, Windsor, On, N9B 2Y3', '42.2941345', '-83.0554777', '2016-04-11', '0000-00-00', 0),
(215, 36, '1337 Askin Ave', 57, '1', '600', '', '1337 Askin', '', 'y', '0', 'no_survey', '', '2016-05-09', '0000-00-00', 'ECOH', '1337 Askin Ave, WIndsor, On, N9B 2Y3', '42.2937639', '-83.0553148', '2016-04-11', '0000-00-00', 0),
(216, 36, '1351 Askin Ave', 58, '1', '800', '', '1351 Askin', '', 'y', '0', 'no_survey', '', '2016-05-09', '0000-00-00', 'ECOH', '1351 Askin Ave, Windsor, On, N9B 2Y2', '42.2934299', '-83.0550989', '2016-04-11', '0000-00-00', 0),
(217, 36, '1364 Tilston Ave', 59, '1', '800', '', '1364 Tilst', '', 'y', '0', 'no_survey', '', '2016-05-09', '0000-00-00', 'ECOH', '1364 Tilston Ave, Windsor, On, N9B 2S6', '42.2941636', '-83.0542023', '2016-04-11', '0000-00-00', 0),
(218, 36, '2180 Secord Ave', 60, '1', '800', '', '2180 Secor', '', 'y', '0', 'no_survey', '', '2016-05-09', '0000-00-00', 'ECOH', '2180 Secord Ave, Windsor, On, N9B 1T2', '42.2938664', '-83.053263', '2016-04-11', '0000-00-00', 0),
(219, 36, '2227 Vercheres Ave', 61, '1', '800', '', '2227 Verch', '', 'y', '0', 'no_survey', '', '2016-05-09', '0000-00-00', 'ECOH', '2227 Vercheres Ave, Windsor, On, N9B 1N9', '42.300454', '-83.0586188', '2016-04-11', '0000-00-00', 0),
(220, 36, '946 Rankin Ave', 63, '1', '800', '', '946 Rankin', '', 'y', '0', 'no_survey', '', '2016-05-09', '0000-00-00', 'ECOH', '946 Rankin Ave, Windsor, On, N9B 2S3', '42.3009532', '-83.0566161', '2016-04-11', '0000-00-00', 0),
(221, 36, '947 Merritt Dr', 64, '1', '800', '', '947 Merrit', '', 'y', '0', 'no_survey', '', '2016-05-09', '0000-00-00', 'ECOH', '947 Merritt Dr, Windsor, On, N9B 2X6', '42.3001549', '-83.0575246', '2016-04-11', '0000-00-00', 0),
(222, 36, '952 Askin Ave', 65, '1', '800', '', '952 Askin ', '', 'y', '0', 'no_survey', '', '2016-05-09', '0000-00-00', 'ECOH', '952 Askin Ave, Windsor, On, N9B 2X7', '42.2999714', '-83.058741', '0000-00-00', '0000-00-00', 0),
(223, 36, '957 Askin Ave', 66, '1', '800', '', '957 Askin ', '', 'y', '0', 'no_survey', '', '2016-05-09', '0000-00-00', 'ECOH', '957 Askin Ave, Windsor, N9B 2X7', '42.2998008', '-83.0589162', '2016-04-11', '0000-00-00', 0),
(224, 36, '958 Askin Ave', 67, '1', '800', '', '958 Askin ', '', 'y', '0', 'no_survey', '', '2016-05-09', '0000-00-00', 'ECOH', '958 Askin Ave, Windsor, On, N9B 2X7', '42.299824', '-83.0587186', '2016-04-11', '0000-00-00', 0),
(225, 36, '978 Merritt Dr', 69, '1', '800', '', '978 Merrit', '', 'y', '0', 'no_survey', '', '2016-05-09', '0000-00-00', 'ECOH', '978 Merritt Dr, Windsor, On, N9B 2X6', '42.2996485', '-83.05715', '2016-04-11', '0000-00-00', 0),
(226, 36, '991 Askin Ave', 71, '1', '800', '', '991 Askin ', '', 'y', '0', 'no_survey', '', '2016-05-09', '0000-00-00', 'ECOH', '991 Askin Ave, Windsor, On, N9B 2X6', '42.2990343', '-83.0586433', '0000-00-00', '0000-00-00', 0),
(227, 37, '1377 Askin Ave', 1, '1', '1200', '', '1377 Askin', '', 'y', '0', 'no_survey', '', '2016-05-16', '0000-00-00', 'ECOH', '1377 Askin Ave, Windsor, On, N9B 2Y2', '42.2927636', '-83.0547822', '2016-04-12', '0000-00-00', 0),
(228, 37, '1377 Askin Ave', 1, '1', '1200', '', '1377 Askin', '', 'y', '0', 'no_survey', '', '2016-05-16', '0000-00-00', 'ECOH', '1377 Askin Ave, Windsor, On, N9B 2Y2', '42.2927636', '-83.0547822', '2016-04-12', '0000-00-00', 1),
(229, 37, '2100 Tecumseh Rd W.', 2, '1', '1200', '', '2100 Tecum', '', 'y', 'no_access', '0', '', '2016-05-16', '0000-00-00', 'ECOH', '2100 Tecumseh Rd W., Windsor, On, N9B 1V6', '42.2937557', '-83.0520716', '2016-04-12', '0000-00-00', 0),
(230, 37, '2109 College St', 3, '1', '1200', '', '2109 Colle', 'Single Family Home/Duplex', 'y', '0', 'no_survey', '', '2016-05-16', '0000-00-00', 'ECOH', '2109 College St, Windsor, On, N9B 3S9', '42.3017076', '-83.0573828', '2016-04-12', '0000-00-00', 0),
(231, 37, '2111 Secord Ave', 4, '1', '1200', '', '2111 Secor', '', 'y', '0', 'no_survey', '', '2016-05-16', '0000-00-00', 'ECOH', '2111 Secord Ave, Windsor, On, N9B 1T2', '42.2938221', '-83.0523244', '2016-04-12', '0000-00-00', 0),
(232, 37, '2124 Tecumseh Rd W', 5, '1', '1200', '', '2124 Tecum', '', 'y', '0', 'no_survey', '', '2016-05-16', '0000-00-00', 'ECOH', '2124 Tecumseh Rd W, Windsor, On, N9B 1V8', '42.2936312', '-83.052324', '2016-04-12', '0000-00-00', 0),
(233, 37, '2134 Vercheres Ave', 6, '1', '1200', '', '2134 Verch', 'Semi Detached - 2 Story - 3 Bedrooms', 'y', '0', '0', '', '2016-05-16', '2016-05-18', 'ECOH', '2134 Vercheres Ave, Windsor, On, N9B 2S1', '42.3011332', '-83.0574447', '2016-04-12', '0000-00-00', 0),
(234, 37, '2145 Secord Ave', 7, '1', '1200', '', '2145 Secor', '', 'y', '0', 'no_survey', '', '2016-05-16', '0000-00-00', 'ECOH', '2145 Secord Ave, Windsor, On, N9B 1T2', '42.2937639', '-83.0527487', '2016-04-12', '0000-00-00', 0),
(235, 37, '2210 Tecumseh Rd W.', 8, '1', '1200', '', '2210 Tecum', '', 'y', '0', '0', '', '2016-05-16', '0000-00-00', 'ECOH', '2210 Tecumseh Rd W. Windsor, On, N9B 1V9', '42.2932149', '-83.0531759', '2016-04-12', '0000-00-00', 0),
(236, 37, '2242 Tecumseh Rd W.', 9, '1', '1200', '', '2242 Tecum', '', 'y', '0', 'no_survey', '', '2016-05-16', '0000-00-00', 'ECOH', '2242 Tecumseh Rd W. On, N9B 1V9', '42.2930112', '-83.0536036', '2016-04-12', '0000-00-00', 0),
(237, 37, '2276 Vercheres Ave', 10, '1', '1200', '', '2276 Verch', 'Semi detached - 2 Story - 3 Bedrooms', 'y', '0', '0', '', '2016-05-16', '2016-05-18', 'ECOH', '2276 Vercheres Ave, Windsor, On, N9B 1N9', '42.3005191', '-83.0590256', '2016-04-12', '0000-00-00', 0),
(238, 37, '2277 College St', 11, '1', '1200', '', '2277 Colle', '', 'y', '0', 'no_survey', '', '2016-05-16', '0000-00-00', 'ECOH', '2277 College St, Windsor, On, N9B 3T1', '42.3008717', '-83.0592656', '2016-04-12', '0000-00-00', 0),
(239, 37, '2285 Secord Ave', 12, '1', '1200', '', '2285 Secor', 'Semi Detached with 3 Bedrooms', 'y', '0', '0', '', '2016-05-16', '2016-05-17', 'ECOH', '2285 Secord Ave, Windsor, On, N9B 2Y2', '42.2929242', '-83.0542818', '2016-04-12', '0000-00-00', 0),
(240, 37, '2288 Vercheres Ave', 13, '1', '1200', '', '2288 Verch', '', 'y', 'no_access', 'no_survey', '', '2016-05-16', '0000-00-00', 'ECOH', '', '56.130366', '-106.346771', '2016-04-12', '2016-04-12', 1),
(241, 37, '2288 Vercheres Ave', 13, '1', '1200', '', '2288 Verch', '', 'y', '0', 'no_survey', '', '2016-05-16', '0000-00-00', 'ECOH', '2288 Vercheres Ave, Windsor, On, N9B 1N9', '42.3005392', '-83.0592192', '2016-04-12', '2016-04-12', 0),
(242, 37, '2325 College St', 14, '1', '1200', '', '2325 Colle', '', 'y', '0', 'no_survey', '', '2016-05-16', '0000-00-00', 'ECOH', '2325 College St, Windsor, On, N9B 2Z6', '42.3006588', '-83.0597109', '2016-04-12', '0000-00-00', 0),
(243, 37, '2337 College St', 15, '1', '1200', '', '2337 Colle', '', 'y', '0', 'no_survey', '', '2016-05-16', '0000-00-00', 'ECOH', '2337 College St, Windsor, On, N9B 2Z6', '42.3005629', '-83.0597935', '2016-04-12', '0000-00-00', 0),
(244, 37, '923 Randolph Ave', 16, '1', '1200', '', '923 Randol', '', 'y', '0', 'no_survey', '', '2016-05-16', '0000-00-00', 'ECOH', '923 Randolph Ave, Windsor, On, N9B 2V1', '42.3009181', '-83.0584543', '2016-04-12', '0000-00-00', 0),
(245, 37, '924 Rankin Ave', 17, '1', '1200', '', '924 Rankin', '', 'y', '0', 'no_survey', '', '2016-05-16', '0000-00-00', 'ECOH', '924 Rankin Ave, Windsor, On, N9B 2S3', '42.3016729', '-83.0568076', '2016-04-12', '0000-00-00', 0),
(246, 37, '927 Randolph Ave', 18, '1', '1200', '', '927 Randol', '', 'y', 'no_access', 'no_survey', '', '2016-05-16', '0000-00-00', 'ECOH', '', '56.130366', '-106.346771', '2016-04-12', '0000-00-00', 1),
(247, 37, '927 Randolph Ave', 18, '1', '1200', '', '927 Randol', '', 'y', '0', '0', '', '2016-05-16', '0000-00-00', 'ECOH', '927 Randolph Ave, Windsor, On, N9B 2V1', '42.3007661', '-83.0585551', '2016-04-12', '0000-00-00', 0),
(248, 37, '929 Askin Ave', 19, '1', '1200', '', '929 Askin ', '', 'y', '0', 'no_survey', '', '2016-05-16', '0000-00-00', 'ECOH', '929 Askin Ave, Windsor, On, N9B 2X7', '42.3002594', '-83.0593449', '2016-04-12', '0000-00-00', 0);
INSERT INTO `location` (`l_id`, `building_id`, `location_name`, `location_id`, `floor`, `square_feet`, `room_prefix`, `room_no`, `note`, `validated`, `no_access`, `no_survey`, `l_comments`, `location_added`, `location_updated`, `consultant_name`, `l_address`, `latitude`, `longitude`, `survey_date`, `last_reassessment`, `trash`) VALUES
(249, 37, '932 Randolph Ave', 20, '1', '1200', '', '932 Randol', '', 'y', '0', 'no_survey', '', '2016-05-16', '0000-00-00', 'ECOH', '932 Randolph Ave, Windsor, On, N9B 2V1', '42.3009471', '-83.0577665', '2016-04-12', '0000-00-00', 0),
(250, 37, '2081-2091 College St', 21, '1', '1200', '', '2081-2091 ', '', 'y', '0', 'no_survey', '', '2016-05-16', '0000-00-00', 'ECOH', '2081 College St, Windsor, On, N9B 3S9', '42.3018126', '-83.0571569', '2016-04-12', '0000-00-00', 0),
(251, 37, '2100-2110 Vercheres Ave', 22, '1', '1200', '', '2100-2110 ', 'Semi Detached-2 Story-3 Bedrooms.\r\nSurveyed 2110 Vercheres Ave. only', 'y', '0', '0', '', '2016-05-16', '2016-05-18', 'ECOH', '2110 Vercheres Ave, Windsor, On, N9B 2S2', '42.301473', '-83.057276', '2016-04-12', '0000-00-00', 0),
(252, 37, '2274 Tecumseh Rd W.', 23, '1', '1200', '', '2274 Tecum', 'Semi Detached-3 Bedrooms', 'y', '0', '0', '', '2016-05-16', '2016-05-18', 'ECOH', '2274 Tecumseh Rd W., Windsor, On, N9B 1V9', '42.2928087', '-83.0540262', '2016-04-12', '0000-00-00', 0),
(253, 37, '2280 Tecumseh Rd W', 24, '1', '1200', '', '2280 Tecum', 'Semi detached-3 Bedrooms \r\nAttic is blocked', 'y', '0', '0', '', '2016-05-16', '2016-05-18', 'ECOH', '2280 Tecumseh Rd W, Windsor, On, N9B 1V9', '42.2927702', '-83.0541415', '2016-04-12', '2016-04-12', 0),
(254, 37, '2289-2299 College St', 25, '1', '1200', '', '2289-2299 ', '', 'y', '0', '0', '', '2016-05-16', '0000-00-00', 'ECOH', '2289 College St, Windsor, On, N9B 2Z6', '42.300778', '-83.0593497', '2016-04-12', '0000-00-00', 0),
(255, 38, '1438 Curry Ave.', 1, '1', '2300', '', '1438', '', 'y', '0', '0', '', '2016-05-19', '2016-08-02', 'ECOH test', '1438 Curry Ave., Windsor, ON, N9B 2K6', '42.295921', '-83.044386', '2016-04-12', '0000-00-00', 0),
(256, 38, '1438-1440 Curry Ave.', 1, '1', '2300', '', '1438-1440 ', '', 'y', '0', '0', '', '2016-05-19', '0000-00-00', 'ECOH', '', '56.130366', '-106.346771', '2016-04-12', '0000-00-00', 1),
(257, 38, '1440 Curry Ave.', 2, '1', '2300', '', '1440', '1438 Curry Ave, was surveyed', 'y', '0', 'no_survey', '', '2016-05-19', '2016-08-02', 'ECOH', '1440 Curry Ave., Windsor, ON, N9B 2K6', '42.2958387', '-83.0445029', '2016-04-12', '0000-00-00', 0),
(258, 38, '1743 McKay Ave.', 3, '1', '1143', '', '1743', '', 'y', '0', '0', '', '2016-05-19', '2016-08-02', 'ECOH', '1743 McKay Ave., Windsor, ON, N9B 3N8', '42.2901523', '-83.0413985', '2016-04-12', '0000-00-00', 0),
(259, 38, '1745 McKay Ave.', 4, '1', '1143', '', '1745', '1743 McKay Ave, was surveyed', 'y', '0', 'no_survey', '', '2016-05-19', '2016-08-02', 'ECOH', '1745 McKay Ave., Windsor, ON, N9B 3N8', '42.2900154', '-83.0409893', '2016-04-12', '0000-00-00', 0),
(260, 38, '1746 Curry Ave.', 5, '1', '2300', '', '1746', '', '0', 'no_access', 'no_survey', '', '2016-05-19', '2016-07-14', 'ECOH', '1746 Curry Ave., Windsor, ON, N9B 1X1', '42.2896675', '-83.0417988', '2016-04-12', '0000-00-00', 0),
(261, 38, '1744 Curry Ave.', 6, '1', '2300', '', '1744', '', '0', 'no_access', 'no_survey', '', '2016-05-19', '2016-07-14', 'ECOH', '1744 Curry Ave., Windsor, ON, N9B 1X1', '42.289738', '-83.0416043', '2016-04-12', '0000-00-00', 0),
(262, 38, '1744 McKay Ave.', 7, '1', '1143', '', '1744', '', 'y', '0', '0', '', '2016-05-19', '2016-07-14', 'ECOH', '1744 McKay Ave., Windsor, ON, N9B 3N8', '42.290346', '-83.0407554', '2016-04-12', '0000-00-00', 0),
(263, 38, '1746 McKay Ave.', 8, '1', '1143', '', '1746', '', 'y', '0', '0', '', '2016-05-19', '2016-08-02', 'ECOH', '1746 McKay Ave., Windsor, ON, N9B 3N8', '42.2902092', '-83.0410747', '2016-04-12', '0000-00-00', 0),
(264, 38, '1753 McKay Ave.', 9, '1', '1143', '', '1753', '', 'y', '0', '0', '', '2016-05-19', '2016-08-02', 'ECOH', '1753 McKay Ave. Windsor, ON, N9B 3N8', '42.2898003', '-83.0408482', '2016-04-12', '0000-00-00', 0),
(265, 38, '1751 McKay Ave.', 10, '1', '1143', '', '1751', '1753 McKay Ave, was surveyed', 'y', '0', 'no_survey', '', '2016-05-19', '2016-08-02', 'ECOH', '1751 McKay Ave., Windsor, On, N9B 3N8', '42.2899985', '-83.0413003', '2016-04-12', '0000-00-00', 0),
(266, 38, '1448 Curry Ave.', 11, '1', '1900', '', '1448', '', '0', 'no_access', 'no_survey', '', '2016-05-19', '2016-08-02', 'ECOH', '1448 Curry Ave., Windsor, On, N9B 2K6', '42.295774', '-83.044291', '2016-04-12', '0000-00-00', 0),
(267, 38, '1450 Curry Ave.', 12, '1', '1900', '', '1450', '', '0', 'no_access', 'no_survey', '', '2016-05-19', '2016-08-02', 'ECOH', '1450 Curry Ave., Windsor, ON, N9B 2K6', '42.295657', '-83.0445262', '2016-04-12', '0000-00-00', 0),
(268, 38, '1451 Curry Ave', 13, '1', '1900', '', '1451', '', '0', 'no_access', 'no_survey', '', '2016-05-19', '2016-08-02', 'ECOH', '1451 Curry Ave., Windsor, ON, N9B 2K6', '42.295518', '-83.04488', '2016-04-12', '0000-00-00', 0),
(269, 38, '1453 Curry Ave', 14, '1', '1900', '', '1453', '', '0', 'no_access', 'no_survey', '', '2016-05-19', '2016-08-02', 'ECOH', '1453 Curry Ave., Windsor, ON, N9B 2K6', '42.2955994', '-83.0445306', '2016-04-12', '0000-00-00', 0),
(270, 38, '1458 Curry Ave.', 15, '1', '1900', '', '1458', '', '0', 'no_access', 'no_survey', '', '2016-05-19', '2016-08-02', 'ECOH', '1458 Curry Ave., Windsor, ON, N9B 2K6', '42.295635', '-83.044202', '2016-04-12', '2016-04-12', 0),
(271, 38, '1460 Curry Ave.', 16, '1', '1900', '', '1460', '', '0', 'no_access', 'no_survey', '', '2016-05-19', '2016-08-02', 'ECOH', '1460 Curry Ave., Windsor, ON, N9B 2K6', '42.2955183', '-83.0444368', '2016-04-12', '0000-00-00', 0),
(272, 38, '1461 Curry Ave.', 17, '1', '1900', '', '1461', '', 'y', '0', '0', '', '2016-05-19', '2016-08-02', 'ECOH', '1461 Curry Ave., Windsor, ON, N9B 2K6', '42.2954764', '-83.0444514', '2016-04-12', '0000-00-00', 0),
(273, 38, '1459 Curry Ave.', 18, '1', '1900', '', '1459', 'Unit 1461 Curry Ave., was surveyed', 'y', '0', 'no_survey', '', '2016-05-19', '2016-08-02', 'ECOH', '1459 Curry Ave., Windsor, ON, N9B 2K6', '42.2953819', '-83.044792', '2016-04-12', '0000-00-00', 0),
(274, 38, '1468 Curry Ave.', 19, '1', '1900', '', '1468', '', '0', 'no_access', 'no_survey', '', '2016-05-19', '2016-08-02', 'ECOH', '1468 Curry Ave., Windsor, ON, N9B 2K6', '42.295497', '-83.044112', '2016-04-12', '0000-00-00', 0),
(275, 38, '1470 Curry Ave.', 20, '1', '1900', '', '1470', '', '0', 'no_access', 'no_survey', '', '2016-05-19', '2016-08-02', 'ECOH', '1470 Curry Ave., Windsor, ON, N9B 2K6', '42.2953729', '-83.0443431', '2016-04-12', '0000-00-00', 0),
(276, 38, '1469 Curry Ave.', 21, '1', '1900', '', '1469', 'Unit 1471 Curry Ave., was surveyed', 'y', '0', 'no_survey', '', '2016-05-19', '2016-08-02', 'ECOH', '1469 Curry Ave., Windsor, ON, N9B 2K6', '42.2953079', '-83.0446399', '2016-04-12', '0000-00-00', 0),
(277, 38, '1471 Curry Ave.', 22, '1', '1900', '', '1471', '', 'y', '0', '0', '', '2016-05-19', '2016-08-02', 'ECOH', '1471 Curry Ave., Windsor, ON, N9B 2K6', '42.2953597', '-83.0443762', '2016-04-12', '0000-00-00', 0),
(278, 38, '1476 Curry Ave.', 23, '1', '1900', '', '1476', '', '0', 'no_access', 'no_survey', '', '2016-05-19', '2016-08-02', 'ECOH', '1476 Curry Ave., Windsor, ON, N9B 2K6', '42.295358', '-83.044023', '2016-04-12', '0000-00-00', 0),
(279, 38, '1478 Curry Ave.', 24, '1', '1900', '', '1478', '', '0', 'no_access', 'no_survey', '', '2016-05-19', '2016-08-02', 'ECOH', '1478 Curry Ave., Windsor, ON, N9B 2K6', '42.2952343', '-83.0442538', '2016-04-12', '0000-00-00', 0),
(280, 38, '1479 Curry Ave.', 25, '1', '1900', '', '1479', 'Unit 1481 Curry Ave., Surveyed', 'y', '0', 'no_survey', '', '2016-05-19', '2016-08-02', 'ECOH', '1479 Curry Ave., Windsor, ON, N9B 2K6', '42.29511', '-83.044617', '2016-04-12', '0000-00-00', 0),
(281, 38, '1481 Curry Ave.', 26, '1', '1900', '', '1481', '', 'y', '0', '0', '', '2016-06-02', '2016-08-02', 'ECOH', '1481 Curry Ave., Windsor, ON, N9B 2K6', '42.2950826', '-83.0444469', '2016-04-12', '0000-00-00', 0),
(282, 38, '1484 Curry Ave.', 27, '1', '1900', '', '1484', '', '0', 'no_access', 'no_survey', '', '2016-06-02', '2016-08-02', 'ECOH', '1484 Curry Ave., Windsor, ON, N9B 2K6', '42.29522', '-83.0439339', '2016-04-12', '0000-00-00', 0),
(283, 38, '1486 Curry Ave.', 28, '1', '1900', '', '1486', '', '0', 'no_access', 'no_survey', '', '2016-06-02', '2016-08-02', 'ECOH', '1486 Curry Ave., Windsor, ON, N9B 2K6', '42.2951019', '-83.0441685', '2016-04-12', '0000-00-00', 0),
(284, 38, '1485 Curry Ave.', 29, '1', '1900', '', '1485', '', '0', 'no_access', 'no_survey', '', '2016-06-02', '2016-08-02', 'ECOH', '1485 Curry Ave., Windsor, ON, N9B 2K6', '42.294973', '-83.04453', '2016-04-12', '0000-00-00', 0),
(285, 38, '1487 Curry Ave.', 30, '1', '1900', '', '1487', '', '0', 'no_access', 'no_survey', '', '2016-06-02', '2016-08-02', 'ECOH', '1487 Curry Ave., Windsor, ON, N9B 2K6', '42.2950553', '-83.0441801', '2016-04-12', '0000-00-00', 0),
(286, 38, '1492 Curry Ave.', 31, '1', '1900', '', '1492', '', 'y', '0', '0', '', '2016-06-02', '2016-08-02', 'ECOH', '1492 Curry Ave., Windsor ON N9B 2K6', '42.29505', '-83.0440139', '2016-04-12', '0000-00-00', 0),
(287, 38, '1494 Curry Ave.', 32, '1', '1900', '', '1494', 'Unit 1492 Curry Ave., was surveyed', 'y', '0', 'no_survey', '', '2016-06-02', '2016-08-02', 'ECOH', '1494 Curry Ave., Windsor, ON, N9B 2K6', '42.2949746', '-83.0440865', '2016-04-12', '0000-00-00', 0),
(288, 38, '1493 Curry Ave.', 33, '1', '1900', '', '1493', '', '0', 'no_access', 'no_survey', '', '2016-06-02', '2016-08-02', 'ECOH', '1493 Curry Ave., Windsor, ON, N9B 2K6', '42.2948826', '-83.0443203', '2016-04-12', '0000-00-00', 0),
(289, 38, '1495 Curry Ave.', 34, '1', '1900', '', '1495', '', '0', 'no_access', 'no_survey', '', '2016-06-02', '2016-08-02', 'ECOH', '1495 Curry Ave., Windsor, ON, N9B 2K6', '42.2949203', '-83.0440931', '2016-04-12', '0000-00-00', 0),
(290, 38, '1500 Curry Ave.', 35, '1', '1900', '', '1500', '', '0', 'no_access', 'no_survey', '', '2016-06-02', '2016-08-02', 'ECOH', '1500 Curry Ave., Windsor, ON, N9B 2K6', '42.294942', '-83.043755', '2016-04-12', '0000-00-00', 0),
(291, 38, '1646-1648 Curry Ave.', 35, '1', '1900', '', '1646-1648 ', '', 'y', '0', '0', '', '2016-06-02', '0000-00-00', 'ECOH', '1646 Curry Ave. Windsor, Ont, N9B 2K6', '42.2920556', '-83.0429988', '2016-04-12', '0000-00-00', 1),
(292, 38, '1646-1648 Curry Ave.', 35, '1', '1900', '', '1646-1648 ', '', 'y', '0', 'no_survey', '', '2016-06-02', '0000-00-00', 'ECOH', '1646-1648 Curry Ave. Windsor Ont N9B 2K6', '42.2920556', '-83.0429988', '2016-04-12', '0000-00-00', 1),
(293, 38, '1502 Curry Ave.', 36, '1', '1900', '', '1502', '', '0', 'no_access', 'no_survey', '', '2016-06-02', '2016-08-02', 'ECOH', '1502 Curry Ave.', '42.2948252', '-83.0439902', '2016-04-12', '0000-00-00', 0),
(294, 38, '1501 Curry Ave.', 37, '1', '1900', '', '1501', '', 'y', '0', '0', '', '2016-06-02', '2016-08-02', 'ECOH', '1501 Curry Ave., Windsor, ON, N9B 2K6', '42.294701', '-83.044355', '2016-04-12', '0000-00-00', 0),
(295, 38, '1503 Curry Ave.', 38, '1', '1900', '', '1503', 'Unit 1501 Curry Ave., was surveyed', 'y', '0', 'no_survey', '', '2016-06-02', '2016-08-02', 'ECOH', '1503 Curry Ave., Windsor, ON, N9B 2K6', '42.2947896', '-83.0440089', '2016-04-12', '0000-00-00', 0),
(296, 38, '1660-1662 Curry Ave.', 39, '1', '1900', '', '1660-1662 ', '', 'y', '0', '0', '', '2016-06-02', '0000-00-00', 'ECOH', '1660Curry Ave.', '48.376784', '-89.259414', '2016-04-12', '0000-00-00', 1),
(297, 38, '1510 Curry Ave.', 39, '1', '1900', '', '1510', '', 'y', '0', '0', '', '2016-06-02', '2016-08-02', 'ECOH', '1510 Curry Ave., Windsor, ON, N9B 2K6', '42.294804', '-83.043666', '2016-04-12', '0000-00-00', 0),
(298, 38, '1512 Curry Ave.', 40, '1', '1900', '', '1512', 'Unit 1510 Curry Ave., was surveyed', 'y', '0', 'no_survey', '', '2016-06-02', '2016-08-02', 'ECOH', '1512 Curry Ave., Windsor, ON, N9B 2K6', '42.2946801', '-83.0438967', '2016-04-12', '0000-00-00', 0),
(299, 38, '1511 Curry Ave.', 41, '1', '1900', '', '1511', '', 'y', '0', '0', '', '2016-06-02', '2016-08-02', 'ECOH', '1511 Curry Ave., Windsor, ON, N9B 2K6', '42.294565', '-83.044267', '2016-04-12', '0000-00-00', 0),
(300, 38, '1515 Curry Ave.', 42, '1', '1900', '', '1515', 'Unit 1511 Curry Ave., was surveyed', 'y', '0', 'no_survey', '', '2016-06-02', '2016-08-02', 'ECOH', '1515 Curry Ave., Windsor, ON, N9B 2K6', '42.2946124', '-83.0438947', '2016-04-12', '0000-00-00', 0),
(301, 38, '1518 Curry Ave.', 43, '1', '1900', '', '1518', '', '0', 'no_access', 'no_survey', '', '2016-06-02', '2016-08-02', 'ECOH', '1518 Curry Ave., Windsor, ON, N9B 2K6', '42.294665', '-83.043577', '2016-04-12', '0000-00-00', 0),
(302, 38, '1520 Curry Ave.', 44, '1', '1900', '', '1520', '', '0', 'no_access', 'no_survey', '', '2016-06-02', '2016-08-02', 'ECOH', '1520 Curry Ave., Windsor, ON, N9B 2K6', '42.2945394', '-83.0438061', '2016-04-12', '0000-00-00', 0),
(303, 38, '1519 Curry Ave.', 45, '1', '1900', '', '1519', '', 'y', '0', '0', '', '2016-06-02', '2016-08-02', 'ECOH', '1519 Curry Ave., Windsor, ON, N9B 2K6', '42.294428', '-83.04418', '2016-04-12', '0000-00-00', 0),
(304, 38, '1521 Curry Ave.', 46, '1', '1900', '', '1521', 'Unit 1519 Curry Ave., was surveyed', 'y', '0', 'no_survey', '', '2016-06-02', '2016-08-02', 'ECOH', '1521 Curry Ave., Windsor, ON, N9B 2K6', '42.294405', '-83.0440074', '2016-04-12', '0000-00-00', 0),
(305, 38, '1526 Curry Ave.', 47, '1', '1900', '', '1526', '', 'y', '0', '0', '', '2016-06-02', '2016-08-02', 'ECOH', '1526 Curry Ave., Windsor, ON, N9B 2K6', '42.2944298', '-83.0437355', '2016-04-12', '0000-00-00', 0),
(306, 38, '1528 Curry Ave.', 48, '1', '1900', '', '1528', 'Unit 1526 Curry Ave., was surveyed', 'y', '0', 'no_survey', '', '2016-06-02', '2016-08-02', 'ECOH', '1528 Curry Ave., Windsor, ON, N9B 2K6', '42.2943933', '-83.0437119', '2016-04-12', '0000-00-00', 0),
(307, 38, '1727-1729 McKay Ave.', 49, '1', '1900', '', '1727-1729 ', '', 'y', 'no_access', 'no_survey', '', '2016-06-02', '0000-00-00', 'ECOH', '', '56.130366', '-106.346771', '2016-04-12', '0000-00-00', 1),
(308, 38, '1527 Curry Ave.', 49, '1', '1900', '', '1527', '', '0', 'no_access', 'no_survey', '', '2016-06-02', '2016-08-02', 'ECOH', '1527 Curry Ave., Windsor, ON, N9B 2K6', '42.294292', '-83.044092', '2016-04-12', '0000-00-00', 0),
(309, 38, '1529 Curry Ave.', 50, '1', '1900', '', '1529', '', '0', 'no_access', 'no_survey', '', '2016-06-02', '2016-08-02', 'ECOH', '1529 Curry Ave., Windsor, ON, N9B 2K6', '42.2943627', '-83.0437339', '2016-04-12', '0000-00-00', 0),
(310, 38, '1728-1730 McKay Ave.', 51, '1', '1900', '', '1728-1730 ', '', 'y', 'no_access', 'no_survey', '', '2016-06-02', '0000-00-00', 'ECOH', '', '56.130366', '-106.346771', '2016-04-12', '0000-00-00', 1),
(311, 38, '1532 Curry Ave.', 51, '1', '1900', '', '1532', '', 'y', '0', '0', '', '2016-06-02', '2016-08-02', 'ECOH', '1532 Curry Ave., Windsor, ON, N9B 2K6', '42.2943557', '-83.0435641', '2016-04-12', '0000-00-00', 0),
(312, 38, '1534 Curry Ave.', 52, '1', '1900', '', '1534', 'Unit 1532 Curry Ave., was surveyed', 'y', '0', 'no_survey', '', '2016-06-02', '2016-08-02', 'ECOH', '1534 Curry Ave., Windsor, ON, N9B 2K6', '42.2942898', '-83.0436453', '2016-04-12', '0000-00-00', 0),
(313, 38, '1533 Curry Ave.', 53, '1', '1900', '', '1533', 'Unit 1535 Curry Ave., was surveyed', 'y', '0', 'no_survey', '', '2016-06-02', '2016-08-02', 'ECOH', '1533 Curry Ave., Windsor, ON, N9B 2K6', '42.294156', '-83.044005', '2016-04-12', '0000-00-00', 0),
(314, 38, '1535 Curry Ave.', 54, '1', '1900', '', '1535', '', 'y', '0', '0', '', '2016-06-02', '2016-08-02', 'ECOH', '1535 Curry Ave., Windsor, ON, N9B 2K6', '42.2942381', '-83.0436536', '2016-04-12', '0000-00-00', 0),
(315, 38, '1541 Curry Ave.', 55, '1', '1900', '', '1541', '', '0', 'no_access', 'no_survey', '', '2016-06-02', '2016-08-02', 'ECOH', '1541 Curry Ave., Windsor, ON, N9B 2K6', '42.29402', '-83.0439169', '2016-04-12', '2016-04-12', 0),
(316, 38, '1543 Curry Ave.', 56, '1', '1900', '', '1543', '', '0', 'no_access', 'no_survey', '', '2016-06-02', '2016-08-02', 'ECOH', '1543 Curry Ave., Windsor, ON, N9B 2K6', '42.2941021', '-83.0435659', '2016-04-12', '0000-00-00', 0),
(317, 38, '1549 Curry Ave.', 57, '1', '1900', '', '1549', '', '0', 'no_access', 'no_survey', '', '2016-06-02', '2016-08-02', 'ECOH', '1549 Curry Ave., Windsor, ON, N9B 2K6', '42.293884', '-83.04383', '2016-04-12', '0000-00-00', 0),
(318, 38, '1551 Curry Ave.', 58, '1', '1900', '', '1551', '', '0', 'no_access', 'no_survey', '', '2016-06-02', '2016-08-02', 'ECOH', '1551 Curry Ave., Windsor, ON, N9B 2K6', '42.2939689', '-83.0434801', '2016-04-12', '0000-00-00', 0),
(319, 38, '1627 Curry Ave.', 59, '1', '1900', '', '1627', '', 'y', '0', '0', '', '2016-06-02', '2016-08-02', 'ECOH', '1627 Curry Ave., Windsor, ON, N9B 2K6', '42.2922681', '-83.0439592', '2016-04-12', '0000-00-00', 0),
(320, 38, '1629 Curry Ave.', 60, '1', '1900', '', '1629', 'Unit 1627 Curry Ave., was surveyed', 'y', '0', 'no_survey', '', '2016-06-02', '2016-08-02', 'ECOH', '1629 Curry Ave., Windsor, ON, N9B 2K6', '42.2922755', '-83.0438566', '2016-04-12', '0000-00-00', 0),
(321, 38, '1633 Curry Ave.', 61, '1', '1900', '', '1633', '', '0', 'no_access', 'no_survey', '', '2016-06-02', '2016-08-02', 'ECOH', '1633 Curry Ave., Windsor, ON, N9B 2K6', '42.2922176', '-83.0437946', '2016-04-12', '0000-00-00', 0),
(322, 38, '1635 Curry Ave.', 62, '1', '1900', '', '1635', '', '0', 'no_access', 'no_survey', '', '2016-06-02', '2016-08-02', 'ECOH', '1635 Curry Ave., Windsor, ON, N9B 2K6', '42.2922191', '-83.0436155', '2016-04-12', '0000-00-00', 0),
(323, 38, '1639 Curry Ave.', 63, '1', '1900', '', '1639', '', 'y', '0', '0', '', '2016-06-02', '2016-08-02', 'ECOH', '1639 Curry Ave., Windsor, ON, N9B 2K6', '42.2920679', '-83.0437387', '2016-04-12', '0000-00-00', 0),
(324, 38, '1641 Curry Ave.', 64, '1', '1900', '', '1641', 'Unit 1639 Curry Ave., was surveyed', 'y', '0', 'no_survey', '', '2016-06-02', '2016-08-02', 'ECOH', '1641 Curry Ave., Windsor, ON, N9B 2K6', '42.2920627', '-83.043524', '2016-04-12', '0000-00-00', 0),
(325, 38, '1645 Curry Ave.', 65, '1', '1900', '', '1645', '', '0', 'no_access', 'no_survey', '', '2016-06-02', '2016-08-02', 'ECOH', '1645 Curry Ave., Windsor, ON, N9B 2K6', '42.2918588', '-83.0436986', '2016-04-12', '0000-00-00', 0),
(326, 38, '1647 Curry Ave.', 66, '1', '1900', '', '1647', '', '0', 'no_access', 'no_survey', '', '2016-06-02', '2016-08-02', 'ECOH', '1647 Curry Ave., Windsor, ON N9B 2K6', '42.291892', '-83.043424', '2016-04-12', '0000-00-00', 0),
(327, 38, '1646 Curry Ave.', 67, '1', '1900', '', '1646', '', 'y', '0', '0', '', '2016-06-02', '2016-08-02', 'ECOH', '1646 Curry Ave., Windsor, ON, N9B 2K6', '42.2920556', '-83.0429988', '2016-04-12', '0000-00-00', 0),
(328, 38, '1648 Curry Ave.', 68, '1', '1900', '', '1648', '', '0', 'no_access', 'no_survey', '', '2016-06-02', '2016-08-02', 'ECOH', '1648 Curry Ave., Windsor, ON, N9B 2K6', '42.2918989', '-83.0433871', '2016-04-12', '0000-00-00', 0),
(329, 38, '1651 Curry Ave.', 69, '1', '1900', '', '1651', '', '0', 'no_access', 'no_survey', '', '2016-06-02', '2016-08-02', 'ECOH', '1651 Curry Ave., Windsor, ON, N9B 2K6', '42.2917223', '-83.0436121', '2016-04-12', '0000-00-00', 0),
(330, 38, '1653 Curry Ave.', 70, '1', '1900', '', '1653', '', '0', 'no_access', 'no_survey', '', '2016-06-02', '2016-08-02', 'ECOH', '1653 Curry Ave., Windsor, ON, N9B 2K6', '42.2917407', '-83.0433354', '2016-04-12', '0000-00-00', 0),
(331, 38, '1652 Curry Ave.', 71, '1', '1900', '', '1652', 'Unit 1654 Curry Ave., was surveyed', 'y', '0', 'no_survey', '', '2016-06-02', '2016-08-02', 'ECOH', '1652 Curry Ave., Windsor, ON, N9B 2K6', '42.2919031', '-83.0431727', '2016-04-12', '0000-00-00', 0),
(332, 38, '1654 Curry Ave.', 72, '1', '1900', '', '1654', '', 'y', '0', '0', '', '2016-06-02', '2016-08-02', 'ECOH', '1654 Curry Ave., Windsor, ON, N9B 2K6', '42.2918309', '-83.0431116', '2016-04-12', '0000-00-00', 0),
(333, 38, '1657 Curry Ave.', 73, '1', '1900', '', '1657', '', '0', 'no_access', 'no_survey', '', '2016-06-02', '2016-08-02', 'ECOH', '1657 Curry Ave., Windsor, ON, N9B 2K6', '42.2915107', '-83.0436146', '2016-04-12', '0000-00-00', 0),
(334, 38, '1659 Curry Ave.', 74, '1', '1900', '', '1659', '', '0', 'no_access', 'no_survey', '', '2016-06-02', '2016-08-02', 'ECOH', '1659 Curry Ave., Windsor, ON, N9B 2K6', '42.2915909', '-83.0432477', '2016-04-12', '0000-00-00', 0),
(335, 38, '1660 Curry Ave.', 75, '1', '1900', '', '1660', '', 'y', '0', '0', '', '2016-06-02', '2016-08-02', 'ECOH', '1660 Curry Ave., Windsor, ON, N9B 2K6', '42.2917419', '-83.0428862', '2016-04-12', '0000-00-00', 0),
(336, 38, '1662 Curry Ave.', 76, '1', '1900', '', '1662', 'Unit 1660 Curry Ave., was surveyed', 'y', '0', 'no_survey', '', '2016-06-02', '2016-08-02', 'ECOH', '1662 Curry Ave., Windsor, ON, N9B 2K6', '42.2915865', '-83.0427975', '2016-04-12', '0000-00-00', 0),
(337, 38, '1663 Curry Ave.', 77, '1', '1900', '', '1663', '', '0', 'no_access', 'no_survey', '', '2016-06-02', '2016-08-02', 'ECOH', '1663 Curry Ave., Windsor, ON, N9B 2K6', '42.2913072', '-83.0434923', '2016-04-12', '0000-00-00', 0),
(338, 38, '1665 Curry Ave.', 78, '1', '1900', '', '1665', '', '0', 'no_access', 'no_survey', '', '2016-06-02', '2016-08-02', 'ECOH', '1665 Curry Ave., Windsor, ON, N9B 2K6', '42.2915128', '-83.0431781', '2016-04-12', '0000-00-00', 0),
(339, 38, '1669 Curry Ave.', 79, '1', '1900', '', '1669', '', '0', 'no_access', 'no_survey', '', '2016-06-02', '2016-08-02', 'ECOH', '1669 Curry Ave., Windsor, ON, N9B 2K6', '42.291232', '-83.0432304', '2016-04-12', '0000-00-00', 0),
(340, 38, '1671 Curry Ave.', 80, '1', '1900', '', '1671', '', '0', 'no_access', 'no_survey', '', '2016-06-02', '2016-08-02', 'ECOH', '1671 Curry Ave., Windsor, ON, N9B 2K6', '42.2914917', '-83.0430873', '2016-04-12', '0000-00-00', 0),
(341, 38, '1675 Curry Ave.', 81, '1', '1900', '', '1675', '', '0', 'no_access', 'no_survey', '', '2016-06-02', '2016-08-02', 'ECOH', '1675 Curry Ave., Windsor, ON, N9B 2K6', '42.2912867', '-83.0429157', '2016-04-12', '0000-00-00', 0),
(342, 38, '1677 Curry Ave.', 82, '1', '1900', '', '1677', '', '0', 'no_access', 'no_survey', '', '2016-06-02', '2016-08-02', 'ECOH', '1677 Curry Ave., Windsor, ON, N9B 2K6', '42.2915258', '-83.042923', '2016-04-12', '0000-00-00', 0),
(343, 38, '1689-1691 Campbell Ave.', 82, '1', '1436', '', '1689-1691 ', '', 'y', '0', '0', '', '2016-06-02', '0000-00-00', 'ECOH', '1689 Campbell Ave. Windsor, Ont, N9B 3C9', '42.2918497', '-83.041786', '2016-04-12', '0000-00-00', 1),
(344, 38, '1681 Curry Ave.', 83, '1', '1900', '', '1681', '', '0', 'no_access', 'no_survey', '', '2016-06-02', '2016-08-02', 'ECOH', '1681 Curry Ave., Windsor, ON, N9B 2K6', '42.2912875', '-83.0426102', '2016-04-12', '0000-00-00', 0),
(345, 38, '1683 Curry Ave.', 84, '1', '1900', '', '1683', '', '0', 'no_access', 'no_survey', '', '2016-06-02', '2016-08-02', 'ECOH', '1683 Curry Ave., Windsor, ON, N9B 2K6', '42.291585', '-83.0426864', '2016-04-12', '0000-00-00', 0),
(346, 38, '1687 Curry Ave.', 85, '1', '1900', '', '1687', '', '0', 'no_access', 'no_survey', '', '2016-06-02', '2016-08-02', 'ECOH', '1687 Curry Ave., Windsor, ON, N9B 2K6', '42.2914117', '-83.0423926', '2016-04-12', '0000-00-00', 0),
(347, 38, '1689 Curry Ave.', 86, '1', '1900', '', '1689', '', '0', 'no_access', 'no_survey', '', '2016-06-02', '2016-08-02', 'ECOH', '1689 Curry Ave., Windsor, ON, N9B 2K6', '42.2916118', '-83.042579', '2016-04-12', '0000-00-00', 0),
(348, 38, '1688 Curry Ave.', 87, '1', '1900', '', '1688', '', '0', 'no_access', 'no_survey', '', '2016-06-02', '2016-08-02', 'ECOH', '1688 Curry Ave., Windsor, ON, N9B 2K6', '42.2918954', '-83.0425827', '2016-04-12', '0000-00-00', 0),
(349, 38, '1711-1715 Curry Ave.', 87, '1', '1436', '', '1711-1715 ', '', 'y', '0', 'no_survey', '', '2016-06-02', '0000-00-00', 'ECOH', '1711 Curry Ave. Windsor, Ont, N9B 1X1', '42.2902336', '-83.0426527', '2016-04-12', '0000-00-00', 1),
(350, 38, '1690 Curry Ave.', 88, '1', '1900', '', '1690', '', '0', 'no_access', 'no_survey', '', '2016-06-02', '2016-08-02', 'ECOH', '1690 Curry Ave., Windsor, ON, N9B 2K6', '42.2916382', '-83.042591', '2016-04-12', '0000-00-00', 0),
(351, 38, '1695 Curry Ave.', 89, '1', '1900', '', '1695', '', '0', 'no_access', 'no_survey', '', '2016-06-02', '2016-08-02', 'ECOH', '1695 Curry Ave., Windsor, ON, N9B 2K6', '42.2916256', '-83.0420228', '2016-04-12', '0000-00-00', 0),
(352, 38, '1697 Curry Ave.', 90, '1', '1900', '', '1697', '', '0', 'no_access', 'no_survey', '', '2016-06-02', '2016-08-02', 'ECOH', '1697 Curry Ave., Windsor, ON, N9B 2K6', '42.2916118', '-83.042579', '2016-04-12', '0000-00-00', 0),
(353, 38, '1696 Curry Ave.', 91, '1', '1900', '', '1696', '', '0', 'no_access', 'no_survey', '', '2016-06-02', '2016-08-02', 'ECOH', '1696 Curry Ave., Windsor, ON, N9B 2K6', '42.2917954', '-83.0423499', '2016-04-12', '0000-00-00', 0),
(354, 38, '1698 Curry Ave.', 92, '1', '1900', '', '1698', '', '0', 'no_access', 'no_survey', '', '2016-06-02', '2016-08-02', 'ECOH', '1698 Curry Ave., Windsor, ON, N9B 2K6', '42.2916382', '-83.042591', '2016-04-12', '0000-00-00', 0),
(355, 38, '1721 McKay Ave.', 93, '1', '1900', '', '1721', '', 'y', '0', '0', '', '2016-06-02', '2016-08-02', 'ECOH', '1721 McKay Ave., Windsor, ON, N9B 3N8', '42.2905712', '-83.0416626', '2016-04-12', '0000-00-00', 0),
(356, 38, '1723 McKay Ave.', 94, '1', '1900', '', '1723', 'Unit 1721 McKay Ave., was surveyed', 'y', '0', 'no_survey', '', '2016-06-02', '2016-08-02', 'ECOH', '1723 McKay Ave., Windsor, ON, N9B 3N8', '42.2906071', '-83.0413774', '2016-04-12', '0000-00-00', 0),
(357, 38, '1727 McKay Ave.', 95, '1', '1900', '', '1752-1754 ', '', 'y', '0', '0', '', '2016-06-02', '2016-08-02', 'ECOH', '1727 McKay Ave., Windsor, ON, N9B 3N8', '42.2904349', '-83.0415753', '2016-04-12', '0000-00-00', 0),
(358, 38, '1729 McKay Ave.', 96, '1', '1900', '', '1729', '', 'y', '0', '0', '', '2016-06-02', '2016-08-02', 'ECOH', '1729 McKay Ave. Windsor, ON, N9B 3N8', '42.2904458', '-83.0412715', '2016-04-12', '0000-00-00', 0),
(359, 38, '1728 McKay Ave.', 97, '1', '1900', '', '1728', '', '0', 'no_access', 'no_survey', '', '2016-06-02', '2016-08-02', 'ECOH', '1728 McKay Ave., Windsor, ON, N9B 3N8', '42.2906457', '-83.0409479', '2016-04-12', '0000-00-00', 0),
(360, 38, '1730 McKay Ave.', 98, '1', '1900', '', '1730', '', '0', 'no_access', 'no_survey', '', '2016-06-02', '2016-08-02', 'ECOH', '1730 McKay Ave., Windsor, ON, N9B 3N8', '42.2904883', '-83.0412577', '2016-04-12', '0000-00-00', 0),
(361, 38, '1731 Curry Ave.', 99, '1', '1900', '', '1731', '', '0', 'no_access', 'no_survey', '', '2016-06-02', '2016-08-02', 'ECOH', '1731 Curry Ave., Windsor, ON, N9B 1X1', '42.2898506', '-83.0423591', '2016-04-12', '0000-00-00', 0),
(362, 38, '1733 Curry Ave.', 100, '1', '1900', '', '1733', '', '0', 'no_access', 'no_survey', '', '2016-06-02', '2016-08-02', 'ECOH', '1733 Curry Ave., Windsor, ON, N9B 1X1', '42.2898546', '-83.0421152', '2016-04-12', '0000-00-00', 0),
(363, 38, '1732 Curry Ave.', 101, '1', '1900', '', '1732', '', '0', 'no_access', 'no_survey', '', '2016-06-02', '2016-08-02', 'ECOH', '1732 Curry Ave., Windsor, ON, N9B 1X1', '42.2900422', '-83.0419802', '2016-04-12', '0000-00-00', 0),
(364, 38, '1734 Curry Ave.', 102, '1', '1900', '', '1734', '', '0', 'no_access', 'no_survey', '', '2016-06-02', '2016-08-02', 'ECOH', '1734 Curry Ave., Windsor, ON, N9B 1X1', '42.2899132', '-83.0421106', '2016-04-12', '0000-00-00', 0),
(365, 6, 'Stairwell', 2201, '22', '100SF', '', '2201', '', 'y', '0', '0', '', '2016-06-08', '0000-00-00', '', '', '56.130366', '-106.346771', '2016-02-18', '2016-02-18', 0),
(366, 6, 'Stairwell', 2201, '22', '100SF', '', '2201', '', 'y', '0', '0', '', '2016-06-08', '0000-00-00', '', '', '56.130366', '-106.346771', '2016-02-18', '2016-02-18', 1),
(367, 6, 'Stairwell', 2201, '22', '100', '', '2201', '', 'y', '0', '0', '', '2016-06-08', '0000-00-00', '', '', '56.130366', '-106.346771', '2016-02-18', '2016-02-18', 1),
(368, 6, 'Stairwell', 2201, '22', '100 SF', '', '2201', '', 'y', '0', '0', '', '2016-06-08', '0000-00-00', 'ECOH', '', '56.130366', '-106.346771', '2016-02-18', '2016-02-18', 1),
(369, 6, 'Stairwell', 2201, '22', '100 SF', '', '2201', '', 'y', '0', '0', '', '2016-06-08', '0000-00-00', 'ECOH', '', '56.130366', '-106.346771', '2016-02-18', '2016-02-18', 1),
(370, 6, 'Stairwell', 2201, '22', '100 SF', '', '2201', '', 'y', 'no_access', 'no_survey', '', '2016-06-08', '0000-00-00', 'ECOH', '', '56.130366', '-106.346771', '2016-02-18', '2016-02-18', 1),
(371, 6, 'Stairwell', 2201, '22', '100', 'N/A', '2201', '', 'y', '0', '0', '', '2016-06-08', '0000-00-00', 'ECOH', '', '56.130366', '-106.346771', '2016-02-18', '2016-02-18', 1),
(372, 6, 'Stairwell Floor 22', 2201, '22', '100', '', '2201', '', 'y', '0', '0', '', '2016-06-08', '0000-00-00', 'ECOH', '', '56.130366', '-106.346771', '2016-02-18', '0000-00-00', 1),
(373, 6, '22222222', 22222222, '2', '232', '34', '43', '2222', 'y', 'no_access', 'no_survey', '', '2016-06-15', '0000-00-00', 'test', '', '56.130366', '-106.346771', '2016-02-18', '2016-02-18', 0),
(374, 2, 'sdfggf', 4323, '32', '43534', 'dsfg', 'dfsg', 'sdg', 'y', 'no_access', 'no_survey', '', '2016-06-15', '0000-00-00', 'asf', '', '56.130366', '-106.346771', '2016-02-24', '2016-02-24', 0),
(375, 2, 'sdfggf', 4323, '32', '43534', 'dsfg', 'dfsg', 'sdg', 'y', 'no_access', 'no_survey', '', '2016-06-15', '0000-00-00', 'asf', '', '56.130366', '-106.346771', '2016-02-24', '2016-02-24', 0),
(376, 2, 'sdfggf', 4323, '32', '43534', 'dsfg', 'dfsg', 'sdg', 'y', 'no_access', 'no_survey', '', '2016-06-15', '0000-00-00', 'asf', '', '56.130366', '-106.346771', '2016-02-24', '2016-02-24', 0),
(377, 2, 'location demo check', 123123, '50', '2350', 'get', '700', 'asdf', 'y', 'no_access', 'no_survey', '', '2016-06-15', '0000-00-00', 'admnier', '', '56.130366', '-106.346771', '2016-02-24', '2016-02-24', 0),
(380, 2, 'sdfaf', 1254, '34', '', '', 'dfs', '', 'y', 'no_access', 'no_survey', '', '2016-06-15', '0000-00-00', '', '', '56.130366', '-106.346771', '2016-02-24', '2016-02-24', 0),
(381, 38, '1735 McKay Ave.', 103, '1', '1900', '', '1735', 'Unit 1737 McKay Ave., was surveyed', 'y', '0', 'no_survey', '', '2016-08-02', '2016-08-02', 'ECOH', '1735 McKay Ave., Windsor, ON, N9B 3N8', '42.2902986', '-83.0414881', '2016-04-12', '0000-00-00', 0),
(382, 38, '1737 McKay Ave.', 104, '1', '1900', '', '1737', '', 'y', '0', '0', '', '2016-08-02', '0000-00-00', 'ECOH', '1737 McKay Ave., Windsor, ON, N9B 3N8', '42.2902306', '-83.0411304', '2016-04-12', '0000-00-00', 0),
(383, 38, '1736 McKay Ave.', 105, '1', '1900', '', '1736', '', '0', 'no_access', 'no_survey', '', '2016-08-02', '0000-00-00', 'ECOH', '1736 McKay Ave., Windsor, ON, N9B 3N8', '42.2904957', '-83.0408513', '2016-04-12', '0000-00-00', 0),
(384, 38, '1738 McKay Ave.', 106, '1', '1900', '', '1738', '', '0', 'no_access', 'no_survey', '', '2016-08-02', '0000-00-00', 'ECOH', '1738 McKay Ave., Windsor, ON, N9B 3N8', '42.2903428', '-83.0411623', '2016-04-12', '0000-00-00', 0),
(385, 38, '1737 Curry Ave.', 107, '1', '1900', '', '1737', '', '0', 'no_access', 'no_survey', '', '2016-08-02', '0000-00-00', 'ECOH', '1737 Curry Ave., Windsor, ON, N9B 1X1', '42.2896419', '-83.0422693', '2016-04-12', '0000-00-00', 0),
(386, 38, '1739 Curry Ave.', 108, '1', '1900', '', '1739', '', '0', 'no_access', 'no_survey', '', '2016-08-02', '0000-00-00', 'ECOH', '1739 Curry Ave., Windsor, ON, N9B 1X1', '42.2896781', '-83.0420043', '2016-04-12', '0000-00-00', 0),
(387, 38, '1738 Curry Ave.', 109, '1', '1900', '', '1738', '', '0', 'no_access', 'no_survey', '', '2016-08-02', '0000-00-00', 'ECOH', '1738 Curry Ave., Windsor, ON, N9B 1X1', '42.2898871', '-83.0416969', '2016-04-12', '0000-00-00', 0),
(388, 38, '1740 Curry Ave.', 110, '1', '1900', '', '1740', '', '0', 'no_access', 'no_survey', '', '2016-08-02', '0000-00-00', 'ECOH', '1740 Curry Ave., Windsor, ON, N9B 1X1', '42.2897251', '-83.0419924', '2016-04-12', '0000-00-00', 0),
(389, 38, '1743 Curry Ave.', 111, '1', '1900', '', '1743', '', '0', 'no_access', 'no_survey', '', '2016-08-02', '0000-00-00', 'ECOH', '1743 Curry Ave., Windsor, ON, N9B 1X1', '42.2895069', '-83.0421829', '2016-04-12', '0000-00-00', 0),
(390, 38, '1745 Curry Ave.', 112, '1', '1900', '', '1745', '', '0', 'no_access', 'no_survey', '', '2016-08-02', '0000-00-00', 'ECOH', '1745 Curry Ave., Windsor, ON, N9B 1X1', '42.2895427', '-83.0419191', '2016-04-12', '0000-00-00', 0),
(391, 38, '1749 Curry Ave.', 113, '1', '1900', '', '1749', '', '0', 'no_access', 'no_survey', '', '2016-08-02', '2016-08-02', 'ECOH', '1749 Curry Ave., Windsor, ON, N9B 1X1', '42.2893718', '-83.0420965', '2016-04-12', '0000-00-00', 0),
(392, 38, '1751 Curry Ave.', 114, '1', '1900', '', '1751', '', '0', 'no_access', 'no_survey', '', '2016-08-02', '0000-00-00', 'ECOH', '1751 Curry Ave., Windsor, ON, N9B 1X1', '42.2894072', '-83.041834', '2016-04-12', '0000-00-00', 0),
(393, 38, '1750 Curry Ave.', 115, '1', '1900', '', '1750', '', '0', 'no_access', 'no_survey', '', '2016-08-02', '0000-00-00', 'ECOH', '1750 Curry Ave., Windsor, ON, N9B 1X1', '42.2895897', '-83.0415066', '2016-04-12', '0000-00-00', 0),
(394, 38, '1752 Curry Ave.', 116, '1', '1900', '', '1752', '', '0', 'no_access', 'no_survey', '', '2016-08-02', '0000-00-00', 'ECOH', '1752 Curry Ave., Windsor, ON, N9B 1X1', '42.2894285', '-83.0418059', '2016-04-12', '0000-00-00', 0),
(395, 38, '1755 Curry Ave.', 117, '1', '1900', '', '1755', '', '0', 'no_access', 'no_survey', '', '2016-08-02', '0000-00-00', 'ECOH', '1755 Curry Ave., Windsor, ON, N9B 1X1', '42.2892368', '-83.04201', '2016-04-12', '0000-00-00', 0),
(396, 38, '1757 Curry Ave.', 118, '1', '1900', '', '1757', '', '0', 'no_access', 'no_survey', '', '2016-08-02', '0000-00-00', 'ECOH', '1757 Curry Ave., Windsor, ON, N9B 1X1', '42.2892717', '-83.0417488', '2016-04-12', '0000-00-00', 0),
(397, 38, '1756 Curry Ave.', 119, '1', '1900', '', '1756', '', '0', 'no_access', 'no_survey', '', '2016-08-02', '0000-00-00', 'ECOH', '1756 Curry Ave., Windsor, ON, N9B 1X1', '42.2894039', '-83.0415383', '2016-04-12', '0000-00-00', 0),
(398, 38, '1758 Curry Ave.', 120, '1', '1900', '', '1758', '', '0', 'no_access', 'no_survey', '', '2016-08-02', '0000-00-00', 'ECOH', '1758 Curry Ave., Windsor, ON, N9B 1X1', '42.2893016', '-83.0417262', '2016-04-12', '0000-00-00', 0),
(399, 38, '1757 McKay Ave.', 121, '1', '1900', '', '1757', 'Unit 1759 McKay Ave., was surveyed', 'y', '0', 'no_survey', '', '2016-08-02', '2016-08-02', 'ECOH', '1757 McKay Ave., Windsor, ON, N9B 3N8', '42.289855', '-83.0412042', '2016-04-12', '0000-00-00', 0),
(400, 38, '1759 McKay Ave.', 122, '1', '1900', '', '1759', '', 'y', '0', '0', '', '2016-08-02', '0000-00-00', 'ECOH', '1759 McKay Ave., Windsor, ON, N9B 3N8', '42.2896389', '-83.0407424', '2016-04-12', '0000-00-00', 0),
(401, 38, '1761 Curry Ave.', 123, '1', '1900', '', '1761', '', '0', 'no_access', 'no_survey', '', '2016-08-02', '0000-00-00', 'ECOH', '1761 Curry Ave., Windsor, ON, N9B 1X1', '42.2891017', '-83.0419236', '2016-04-12', '0000-00-00', 0),
(402, 38, '1763 Curry Ave.', 124, '1', '1900', '', '1763', '', '0', 'no_access', 'no_survey', '', '2016-08-02', '0000-00-00', 'ECOH', '1763 Curry Ave., Windsor, ON, N9B 1X1', '42.289129', '-83.0416592', '2016-04-12', '0000-00-00', 0),
(403, 38, '1763 McKay Ave.', 125, '1', '1900', '', '1763', '', '0', 'no_access', 'no_survey', '', '2016-08-02', '0000-00-00', 'ECOH', '1763 McKay Ave., Windsor, ON, N9B 3N8', '42.2897187', '-83.041117', '2016-04-12', '0000-00-00', 0),
(404, 38, '1765 McKay Ave.', 126, '1', '1900', '', '1765', '', '0', 'no_access', 'no_survey', '', '2016-08-02', '0000-00-00', 'ECOH', '1765 McKay Ave., Windsor, ON, N9B 3N8', '42.2894776', '-83.0406366', '2016-04-12', '0000-00-00', 0),
(405, 38, '1767 Curry Ave.', 127, '1', '1900', '', '1767', '', '0', 'no_access', 'no_survey', '', '2016-08-02', '0000-00-00', 'ECOH', '1767 Curry Ave., Windsor, ON, N9B 1X1', '42.2889065', '-83.0419362', '2016-04-12', '0000-00-00', 0),
(406, 38, '1769 Curry Ave.', 128, '1', '1900', '', '1769', '', '0', 'no_access', 'no_survey', '', '2016-08-02', '0000-00-00', 'ECOH', '1769 Curry Ave., Windsor, ON, N9B 1X1', '42.2889994', '-83.0415777', '2016-04-12', '0000-00-00', 0),
(407, 38, '1769 McKay Ave.', 129, '1', '1900', '', '1769', '', 'y', '0', '0', '', '2016-08-02', '0000-00-00', 'ECOH', '1769 McKay Ave., Windsor, ON, N9B 3N8', '42.2895824', '-83.0410297', '2016-04-12', '0000-00-00', 0),
(408, 38, '1771 McKay Ave.', 130, '1', '1900', '', '1771', 'Unit 1769 McKay Ave., was surveyed', 'y', '0', 'no_survey', '', '2016-08-02', '0000-00-00', 'ECOH', '1771 McKay Ave., Windsor, ON, N9B 3N8', '42.2893162', '-83.0405308', '2016-04-12', '0000-00-00', 0),
(409, 38, '1773 Curry Ave.', 131, '1', '1900', '', '1773', '', '0', 'no_access', 'no_survey', '', '2016-08-02', '0000-00-00', 'ECOH', '1773 Curry Ave., Windsor, ON, N9B 1X1', '42.2888412', '-83.0418192', '2016-04-12', '0000-00-00', 0),
(410, 38, '1775 Curry Ave.', 132, '1', '1900', '', '1775', '', '0', 'no_access', 'no_survey', '', '2016-08-02', '0000-00-00', 'ECOH', '1775 Curry Ave., Windsor, ON, N9B 1X1', '42.2889178', '-83.0415213', '2016-04-12', '0000-00-00', 0),
(411, 38, '1779 Curry Ave.', 133, '1', '1900', '', '1779', '', '0', 'no_access', 'no_survey', '', '2016-08-02', '0000-00-00', 'ECOH', '1779 Curry Ave., Windsor, ON, N9B 1X1', '42.2885111', '-83.0416557', '2016-04-12', '0000-00-00', 0),
(412, 38, '1781 Curry Ave.', 134, '1', '1900', '', '1781', '', '0', 'no_access', 'no_survey', '', '2016-08-02', '0000-00-00', 'ECOH', '1781 Curry Ave., Windsor, ON, N9B 1X1', '42.2888614', '-83.0414326', '2016-04-12', '0000-00-00', 0),
(413, 38, '1782 McKay Ave.', 135, '1', '1900', '', '1782', '', '0', 'no_access', 'no_survey', '', '2016-08-02', '0000-00-00', 'ECOH', '1782 McKay Ave., Windsor, ON, N9B 3N8', '42.2893077', '-83.0400239', '2016-04-12', '0000-00-00', 0),
(414, 38, '1784 McKay Ave.', 136, '1', '1900', '', '1784', '', '0', 'no_access', 'no_survey', '', '2016-08-02', '0000-00-00', 'ECOH', '1784 McKay Ave., Windsor, ON, N9B 3N8', '42.2893492', '-83.0405107', '2016-04-12', '0000-00-00', 0),
(415, 38, '1785 Curry Ave.', 137, '1', '1900', '', '1785', '', '0', 'no_access', 'no_survey', '', '2016-08-02', '0000-00-00', 'ECOH', '1785 Curry Ave., Windsor, ON, N9B 1X1', '42.2885361', '-83.0413993', '2016-04-12', '0000-00-00', 0),
(416, 38, '1787 Curry Ave.', 138, '1', '1900', '', '1787', '', 'y', 'no_access', 'no_survey', '', '2016-08-02', '0000-00-00', 'ECOH', '1787 Curry Ave., Windsor, ON, N9B 1X1', '42.2888758', '-83.041357', '2016-04-12', '0000-00-00', 0),
(417, 38, '1786 McKay Ave.', 139, '1', '1900', '', '1786', 'Unit 1788 McKay Ave., was surveyed', 'y', '0', 'no_survey', '', '2016-08-02', '0000-00-00', 'ECOH', '1786 McKay Ave., Windsor, ON, N9B 3N8', '42.2890442', '-83.0400332', '2016-04-12', '0000-00-00', 0),
(418, 38, '1788 McKay Ave.', 140, '1', '1900', '', '1788', '', 'y', '0', '0', '', '2016-08-02', '2016-08-02', 'ECOH', '1788 McKay Ave., Windsor, ON, N9B 1X1', '42.2892457', '-83.0404516', '2016-04-12', '0000-00-00', 0),
(419, 38, '1789 Curry Ave.', 141, '1', '1900', '', '1789', '', '0', 'no_access', 'no_survey', '', '2016-08-02', '0000-00-00', 'ECOH', '1789 Curry Ave., Windsor, ON, N9B 1X1', '42.2886242', '-83.0411575', '2016-04-12', '0000-00-00', 0),
(420, 38, '1791 Curry Ave.', 142, '1', '1900', '', '1791', '', '0', 'no_access', 'no_survey', '', '2016-08-02', '0000-00-00', 'ECOH', '1791 Curry Ave., Windsor, ON, N9B 1X1', '42.2889252', '-83.0411974', '2016-04-12', '0000-00-00', 0),
(421, 38, '1792 McKay Ave.', 143, '1', '1900', '', '1792', '', '0', 'no_access', 'no_survey', '', '2016-08-02', '2016-08-02', 'ECOH', '1792 McKay Ave., Windsor, ON, N9B 3N8', '42.2889229', '-83.040348', '2016-04-12', '0000-00-00', 0),
(422, 38, '1794 McKay Ave.', 144, '1', '1900', '', '1794', '', '0', 'no_access', 'no_survey', '', '2016-08-02', '0000-00-00', 'ECOH', '1794 McKay Ave., Windsor, ON, N9B 3N8', '42.2891263', '-83.0405997', '2016-04-12', '0000-00-00', 0),
(423, 38, '1793 Curry Ave.', 145, '1', '1900', '', '1793', '', '0', 'no_access', 'no_survey', '', '2016-08-02', '0000-00-00', 'ECOH', '1793 Curry Ave., Windsor, ON, N9B 1X1', '42.2886888', '-83.0409333', '2016-04-12', '0000-00-00', 0),
(424, 38, '1795 Curry Ave.', 146, '1', '1900', '', '1795', '', '0', 'no_access', 'no_survey', '', '2016-08-02', '0000-00-00', 'ECOH', '1795 Curry Ave., Windsor, ON, N9B 1X1', '42.2889639', '-83.0410724', '2016-04-12', '0000-00-00', 0),
(425, 38, '1796 McKay Ave.', 147, '1', '1900', '', '1796', 'Unit 1798 McKay Ave., was surveyed', 'y', '0', 'no_survey', '', '2016-08-02', '0000-00-00', 'ECOH', '1796 McKay Ave., Windsor, ON, N9B 3N8', '42.2888972', '-83.0406014', '2016-04-12', '0000-00-00', 0),
(426, 38, '1798 McKay Ave.', 148, '1', '1900', '', '1798', '', 'y', '0', '0', '', '2016-08-02', '0000-00-00', 'ECOH', '1798 McKay Ave., Windsor, ON, N9B 3N8', '42.2890779', '-83.0407319', '2016-04-12', '0000-00-00', 0),
(427, 38, '1797 Curry Ave.', 149, '1', '1900', '', '1797', '', '0', 'no_access', 'no_survey', '', '2016-08-02', '0000-00-00', 'ECOH', '1797 Curry Ave., Windsor, ON, N9B 1X1', '42.2888335', '-83.0407861', '2016-04-12', '0000-00-00', 0),
(428, 38, '1799 Curry Ave.', 150, '1', '1900', '', '1799', '', '0', 'no_access', 'no_survey', '', '2016-08-02', '0000-00-00', 'ECOH', '1799 Curry Ave., Windsor, ON, N9B 1X1', '42.2889726', '-83.0410445', '2016-04-12', '0000-00-00', 0),
(429, 38, '1340 Totten St.', 151, '1', '1436', '', '1340', '', '0', 'no_access', 'no_survey', '', '2016-08-02', '2016-08-02', 'ECOH', '1340 Totten St., Windsor, ON, N9B 3C9', '42.2914497', '-83.04159', '2016-04-12', '0000-00-00', 0),
(430, 38, '1342 Totten St.', 152, '1', '1436', '', '1342', '', '0', 'no_access', 'no_survey', '', '2016-08-02', '0000-00-00', 'ECOH', '1342 Totten St., Windsor, ON, N9B 3C9', '42.2912848', '-83.0414762', '2016-04-12', '0000-00-00', 0),
(431, 38, '1350 Totten St.', 153, '1', '1436', '', '1350', '', '0', 'no_access', 'no_survey', '', '2016-08-02', '0000-00-00', 'ECOH', '1350 Totten St., Windsor, ON, N9B 3C9', '42.2913888', '-83.0418237', '2016-04-12', '0000-00-00', 0),
(432, 38, '1352 Totten St.', 154, '1', '1436', '', '1352', '', '0', 'no_access', 'no_survey', '', '2016-08-02', '0000-00-00', 'ECOH', '1352 Totten St., Windsor, ON, N9B 3C9', '42.2911984', '-83.0416265', '2016-04-12', '0000-00-00', 0),
(433, 38, '1360 Totten St.', 155, '1', '1436', '', '1360', '', '0', 'no_access', 'no_survey', '', '2016-08-02', '0000-00-00', 'ECOH', '1360 Totten St., Windsor, ON, N9B 3C9', '42.2912588', '-83.0419965', '2016-04-12', '0000-00-00', 0),
(434, 38, '1362 Totten St.', 156, '1', '1436', '', '1362', '', '0', 'no_access', 'no_survey', '', '2016-08-02', '0000-00-00', 'ECOH', '1362 Totten St., Windsor, ON, N9B 3C9', '42.291193', '-83.0416358', '2016-04-12', '0000-00-00', 0),
(435, 38, '1370 Totten St.', 157, '1', '1436', '', '1370', '', 'y', '0', '0', '', '2016-08-02', '0000-00-00', 'ECOH', '1370 Totten St., Windsor, ON, N9B 3C9', '42.2912154', '-83.0422283', '2016-04-12', '0000-00-00', 0),
(436, 38, '1372 Totten St.', 158, '1', '1436', '', '1372', 'Unit 1370 Totten St., was surveyed', 'y', '0', 'no_survey', '', '2016-08-02', '0000-00-00', 'ECOH', '1372 Totten St., Windsor, ON, N9B 3C9', '42.2911876', '-83.0416451', '2016-04-12', '0000-00-00', 0),
(437, 38, '1689 Campbell Ave.', 159, '1', '1436', '', '1689', '', 'y', '0', '0', '', '2016-08-05', '0000-00-00', 'ECOH', '1689 Campbell Ave., Windsor, ON, N9B 3C9', '42.2918497', '-83.041786', '2016-04-12', '0000-00-00', 0),
(438, 38, '1691 Campbell Ave.', 160, '1', '1436', '', '1691', 'Unit 1689 Campbell Ave., was surveyed', 'y', '0', 'no_survey', '', '2016-08-05', '0000-00-00', 'ECOH', '1691 Campbell Ave., Windsor, ON, N9B 3C9', '42.2920052', '-83.0414946', '2016-04-12', '0000-00-00', 0),
(439, 38, '1693 Campbell Ave.', 161, '1', '1436', '', '1693', '', '0', 'no_access', 'no_survey', '', '2016-08-05', '0000-00-00', 'ECOH', '1693 Campbell Ave., Windsor, ON, N9B 3C9', '42.2917466', '-83.0415675', '2016-04-12', '0000-00-00', 0),
(440, 38, '1695 Campbell Ave.', 162, '1', '1436', '', '1695', '', '0', 'no_access', 'no_survey', '', '2016-08-05', '0000-00-00', 'ECOH', '1695 Campbell Ave., Windsor, ON, N9B 3C9', '42.2918891', '-83.0412657', '2016-04-12', '0000-00-00', 0),
(441, 38, '1697 Campbell Ave.', 163, '1', '1436', '', '1697', '', '0', 'no_access', 'no_survey', '', '2016-08-05', '0000-00-00', 'ECOH', '1697 Campbell Ave., Windsor, ON, N9B 3C9', '42.2916379', '-83.0413286', '2016-04-12', '0000-00-00', 0),
(442, 38, '1699 Campbell Ave.', 164, '1', '1436', '', '1699', '', '0', 'no_access', 'no_survey', '', '2016-08-05', '0000-00-00', 'ECOH', '1699 Campbell Ave., Windsor, ON, N9B 3C9', '42.2917194', '-83.0409308', '2016-04-12', '0000-00-00', 0),
(443, 38, '1704 McKay Ave.', 165, '1', '1450', '', '1704', '', 'y', '0', '0', '', '2016-08-05', '0000-00-00', 'ECOH', '1704 McKay Ave., Windsor, ON, N9B 3N8', '42.2911559', '-83.0412262', '2016-04-12', '0000-00-00', 0),
(444, 38, '1706 McKay Ave.', 166, '1', '1450', '', '1706', 'Unit 1704 McKay Ave., was surveyed', 'y', '0', 'no_survey', '', '2016-08-05', '0000-00-00', 'ECOH', '1706 McKay Ave., Windsor, ON, N9B 3N8', '42.2909733', '-83.0415758', '2016-04-12', '0000-00-00', 0),
(445, 38, '1707 McKay Ave.', 167, '1', '1450', '', '1707', '', '0', 'no_access', 'no_survey', '', '2016-08-05', '0000-00-00', 'ECOH', '1707 McKay Ave., Windsor, ON, N9B 3N8', '42.2908792', '-83.041866', '2016-04-12', '0000-00-00', 0),
(446, 38, '1709 McKay Ave.', 168, '1', '1450', '', '1709', '', '0', 'no_access', 'no_survey', '', '2016-08-05', '0000-00-00', 'ECOH', '1709 McKay Ave., Windsor, ON, N9B 3N8', '42.2909291', '-83.0415885', '2016-04-12', '0000-00-00', 0),
(447, 38, '1711 Curry Ave.', 169, '1', '1450', '', '1711', '', '0', 'no_access', 'no_survey', '', '2016-08-05', '0000-00-00', 'ECOH', '1711 Curry Ave., Windsor, ON, N9B 1X1', '42.2902336', '-83.0426527', '2016-04-12', '0000-00-00', 0),
(448, 38, '1715 Curry Ave.', 170, '1', '1450', '', '1715', '', '0', 'no_access', 'no_survey', '', '2016-08-05', '0000-00-00', 'ECOH', '1715 Curry Ave., Windsor, ON, N9B 1X1', '42.29024', '-83.0423574', '2016-04-12', '0000-00-00', 0),
(449, 38, '1712 McKay Ave.', 171, '1', '1450', '', '1712', '', 'y', '0', '0', '', '2016-08-05', '0000-00-00', 'ECOH', '1712 McKay Ave., Windsor, ON, N9B 3N8', '42.2909555', '-83.0411474', '2016-04-12', '0000-00-00', 0),
(450, 38, '1714 McKay Ave.', 172, '1', '1450', '', '1714', 'Unit 1712 McKay Ave., was surveyed', 'y', '0', 'no_survey', '', '2016-08-05', '0000-00-00', 'ECOH', '1714 McKay Ave., Windsor, ON, N9B 3N8', '42.2907956', '-83.0414592', '2016-04-12', '0000-00-00', 0),
(451, 38, '1715 McKay Ave.', 173, '1', '1450', '', '1715', '', '0', 'no_access', 'no_survey', '', '2016-08-05', '0000-00-00', 'ECOH', '1715 McKay Ave., Windsor, ON, N9B 3N8', '42.2907176', '-83.0417626', '2016-04-12', '0000-00-00', 0),
(452, 38, '1717 McKay Ave.', 174, '1', '1450', '', '1717', '', '0', 'no_access', 'no_survey', '', '2016-08-05', '0000-00-00', 'ECOH', '1717 McKay Ave., Windsor, ON, N9B 3N8', '42.2907593', '-83.0414771', '2016-04-12', '0000-00-00', 0),
(453, 38, '1719 Curry Ave.', 175, '1', '1450', '', '1719', '', '0', 'no_access', 'no_survey', '', '2016-08-05', '0000-00-00', 'ECOH', '1719 Curry Ave., Windsor, ON, N9B 1X1', '42.2900775', '-83.0425528', '2016-04-12', '0000-00-00', 0),
(454, 38, '1721 Curry Ave.', 176, '1', '1450', '', '1721', '', '0', 'no_access', 'no_survey', '', '2016-08-05', '0000-00-00', 'ECOH', '1721 Curry Ave., Windsor, ON, N9B 1X1', '42.2901094', '-83.0422753', '2016-04-12', '0000-00-00', 0),
(455, 38, '1720 Curry Ave.', 177, '1', '1450', '', '1720', '', '0', 'no_access', 'no_survey', '', '2016-08-05', '0000-00-00', 'ECOH', '1720 Curry Ave., Windsor, ON, N9B 1X1', '42.2903392', '-83.0419909', '2016-04-12', '0000-00-00', 0),
(456, 38, '1722 Curry Ave.', 178, '1', '1450', '', '1722', '', '0', 'no_access', 'no_survey', '', '2016-08-05', '0000-00-00', 'ECOH', '1722 Curry Ave., Windsor, ON, N9B 1X1', '42.2902013', '-83.0422917', '2016-04-12', '0000-00-00', 0),
(457, 38, '1720 McKay Ave.', 179, '1', '1450', '', '1720', '', '0', 'no_access', 'no_survey', '', '2016-08-05', '0000-00-00', 'ECOH', '1720 McKay Ave., Windsor, ON, N9B 3N8', '42.2907995', '-83.0410473', '2016-04-12', '0000-00-00', 0),
(458, 38, '1722 McKay Ave.', 180, '1', '1450', '', '1722', '', '0', 'no_access', 'no_survey', '', '2016-08-05', '0000-00-00', 'ECOH', '1722 McKay Ave., ON, N9B 3N8', '42.2906407', '-83.0413577', '2016-04-12', '0000-00-00', 0);

-- --------------------------------------------------------

--
-- Table structure for table `material`
--

CREATE TABLE IF NOT EXISTS `material` (
  `id` int(11) NOT NULL AUTO_INCREMENT,
  `m_building_id` int(11) NOT NULL,
  `material_name` varchar(50) NOT NULL,
  `material_desc` longtext NOT NULL,
  `status` int(11) NOT NULL,
  `added_date` date NOT NULL,
  PRIMARY KEY (`id`)
) ENGINE=MyISAM  DEFAULT CHARSET=latin1 AUTO_INCREMENT=106 ;

--
-- Dumping data for table `material`
--

INSERT INTO `material` (`id`, `m_building_id`, `material_name`, `material_desc`, `status`, `added_date`) VALUES
(1, 3, 'Acoustic Spray(SOFT)', 'Acoustic Spray(SOFT)', 0, '2016-03-14'),
(3, 3, 'Aircel', 'Aircel Insulation', 0, '2016-03-14'),
(4, 6, 'Aluminium', '', 0, '0000-00-00'),
(5, 3, 'Armaflex', '', 0, '0000-00-00'),
(6, 3, 'Canvas', '', 0, '0000-00-00'),
(7, 3, 'Caposite', '', 0, '0000-00-00'),
(8, 3, 'Carpet', 'Carpet Floor', 0, '2016-03-14'),
(9, 3, 'Caulking', 'Caulking', 0, '2016-03-14'),
(10, 3, 'Cementitious Fireproofing', 'Cementitious Fireproofing', 0, '2016-03-14'),
(11, 3, 'Ceramic Tiles', 'Ceramic Tiles', 0, '2016-03-14'),
(12, 3, 'Cheesecloth', 'Cheesecloth', 0, '2016-03-14'),
(13, 3, 'Clay Tile(Blocked/Speed Tile)', '', 0, '0000-00-00'),
(14, 3, 'Concrete(Poured)', 'Concrete(Poured)', 0, '2016-03-14'),
(15, 3, 'Concrete(Precast)', 'Concrete(Precast)', 0, '2016-03-14'),
(16, 3, 'Cork', 'Cork', 0, '2016-03-14'),
(17, 3, 'Corrugated Paper', 'Corrugated Paper', 0, '2016-03-14'),
(18, 3, 'Dirt', 'Dirt', 0, '2016-03-14'),
(19, 3, 'Drywall and Joint Compound', 'Drywall and Joint Compound', 0, '2016-03-14'),
(20, 3, 'Drywall Compound Only', 'Drywall Compound Only', 0, '2016-03-14'),
(21, 3, 'Encapsulant', 'Encapsulant', 0, '2016-03-14'),
(22, 3, 'Fibreglass', 'Fibreglass Insulation', 0, '2016-03-14'),
(23, 3, 'Fibrous Board', 'Fibrous Board', 0, '2016-03-14'),
(24, 3, 'Fibrous Fireproofing', 'Fibrous Fireproofing', 0, '2016-03-14'),
(25, 3, 'Foamglas', 'Foamglas', 0, '2016-03-14'),
(26, 3, 'Foil Face', '', 0, '0000-00-00'),
(27, 3, 'Galbestos Siding', '', 0, '0000-00-00'),
(28, 3, 'Gasket', 'Gasket', 0, '2016-03-14'),
(29, 3, 'Glass', '', 0, '0000-00-00'),
(30, 3, 'Glued-On-Ceiling Tiles', 'Glued-On-Ceiling Tiles', 0, '2016-03-14'),
(31, 2, 'HorseHair', 'HorseHair Insulation', 0, '2016-03-14'),
(32, 2, 'Kraft Paper', '', 0, '0000-00-00'),
(33, 2, 'Lay-in-Ceiling Tiles', 'Lay-in-Ceiling Tiles', 0, '2016-03-14'),
(34, 2, 'Magnesia Block Insulation', 'Magnesia Block Insulation', 0, '2016-03-14'),
(35, 2, 'Maranite Board(Amosite)', 'Maranite Board(Amosite)', 0, '2016-03-14'),
(36, 2, 'Marble', 'Marble', 0, '2016-03-14'),
(37, 2, 'Masonry', 'Masonry', 0, '2016-03-14'),
(38, 2, 'Mechanically Fastened Ceiling Tiles', 'Mechanically Fastened Ceiling Tiles', 0, '2016-03-14'),
(39, 2, 'Metal', 'Metal', 0, '2016-03-14'),
(40, 2, 'Metal Lath', '', 0, '0000-00-00'),
(41, 2, 'Metal Liner Ceiling', 'Metal Liner Ceiling', 0, '2016-03-14'),
(42, 2, 'Metal Pan Ceiling Tiles', 'Metal Pan Ceiling Tiles', 0, '2016-03-14'),
(43, 2, 'Non-Slip Flooring(Rubber etc)', 'Non-Slip Flooring(Rubber etc)', 0, '2016-03-14'),
(44, 2, 'Not Insulated', 'Not Insulated', 0, '2016-03-14'),
(45, 2, 'Overspray**', 'Overspray**', 0, '2016-03-14'),
(46, 2, 'Painted', '', 0, '0000-00-00'),
(47, 2, 'Paper', '', 0, '0000-00-00'),
(48, 2, 'Parging Cement Insulation', 'Parging Cement Insulation', 0, '2016-03-14'),
(49, 2, 'Parging Cement Over Fibreglass', 'Parging Cement Over Fibreglass', 0, '2016-03-14'),
(50, 2, 'Parging Cement Over Magnesia Block', 'Parging Cement Over Magnesia Block', 0, '2016-03-14'),
(51, 2, 'Parging Cement Over Preformed Block', 'Parging Cement Over Preformed Block', 0, '2016-03-14'),
(52, 2, 'Plastic', 'testing........', 0, '2016-03-03'),
(53, 2, 'Plastic Laminate', 'Plastic Laminate', 0, '2016-03-14'),
(54, 2, 'Plexglas', '', 0, '0000-00-00'),
(55, 2, 'Polyvinyl Chloride(PVC)', '', 1, '0000-00-00'),
(56, 2, 'Polyvinyl Chloride(PVC)', 'Polyvinyl Chloride(PVC)', 0, '2016-03-14'),
(57, 2, 'Performed Block Insulation', 'Performed Block Insulation', 0, '2016-03-14'),
(58, 2, 'Performed Block Insulation', '', 1, '0000-00-00'),
(59, 2, 'Quarry Tile(Floor Tile)', '', 0, '0000-00-00'),
(60, 2, 'Rope', '', 0, '0000-00-00'),
(61, 5, 'Rubber', 'Rubber', 0, '2016-03-14'),
(62, 5, 'Splined Ceiling Tiles', '', 0, '0000-00-00'),
(63, 5, 'Steel', 'Steel', 0, '2016-03-14'),
(64, 5, 'Styrofoam(Polystrene)', 'Styrofoam(Polystrene)', 0, '2016-03-14'),
(65, 5, 'SweatWrap(Cellulose)', 'SweatWrap(Cellulose)', 0, '2016-03-14'),
(66, 5, 'Tape', 'Tape', 0, '2016-03-14'),
(67, 5, 'Tar', 'Tar', 0, '2016-03-14'),
(68, 5, 'Tar Paper', 'Tar Paper', 0, '2016-03-14'),
(69, 5, 'Tectum', 'Tectum', 0, '2016-03-14'),
(70, 5, 'Terra Cotta', '', 0, '0000-00-00'),
(71, 5, 'Terrazzo', 'Terrazzo', 0, '2016-03-14'),
(72, 5, 'Textile', 'Textile', 0, '2016-03-14'),
(73, 5, 'Texture Finish(Texture Coat)', 'Texture Finish(Texture Coat)', 0, '2016-03-14'),
(74, 5, 'Thermal Insulation', 'Thermal Insulation', 0, '2016-03-14'),
(75, 5, 'Transite', 'Transite', 0, '2016-03-14'),
(76, 5, 'Unidentified Material*', '', 0, '0000-00-00'),
(77, 5, 'Unjacketed', 'Unjacketed', 0, '2016-03-14'),
(78, 5, 'Vermiculite', 'Vermiculite', 0, '2016-03-14'),
(79, 5, 'Vinyl Floor Tiles', 'Vinyl Floor Tiles', 0, '2016-03-14'),
(80, 5, 'Vinyl Sheet Flooring', 'Vinyl Sheet Flooring', 0, '2016-03-14'),
(81, 5, 'Wall Covering', 'Wall Covering', 0, '2016-03-14'),
(82, 5, 'Wallboard With Plastic Laminate', 'Wallboard With Plastic Laminate', 0, '2016-03-14'),
(83, 5, 'Wood', 'Wood', 0, '2016-03-14'),
(89, 6, 'Plaster', 'Plaster', 0, '2016-03-12'),
(90, 3, 'Concrete Block', 'Concrete Block', 0, '2016-03-14'),
(91, 6, 'Foundation Texture', 'Foundation Texture', 0, '2016-03-14'),
(92, 8, 'Uninsulated', 'Uninsulated', 0, '2016-03-21'),
(93, 8, 'Fiberglass', 'Fiberglass', 0, '2016-03-21'),
(94, 6, 'Not Found', 'Material Not Found', 0, '2016-03-28'),
(95, 8, 'Concrete', 'Concrete', 0, '2016-03-23'),
(96, 6, 'Foam Insulation', 'Foam Insulation', 0, '2016-03-23'),
(97, 6, 'Heat Sheild', 'Heat Sheild', 0, '2016-03-23'),
(98, 19, 'Parging Cement on Fittings', 'Parging Cement on Fittings', 0, '2016-03-23'),
(99, 101, 'Flex Connector', 'Flex Connector', 0, '2016-03-28'),
(100, 100, 'Brakes Pad', 'Brakes Pad', 0, '2016-03-28'),
(101, 77, 'Stick-on Floor Tiles', 'Stick-on Floor Tiles', 0, '2016-03-30'),
(102, 36, 'Texture Finish', 'Texture Finish on Plaster', 0, '2016-05-11'),
(103, 36, 'Paper Sheild', 'Paper Sheild', 0, '2016-05-12'),
(104, 36, 'Hard Wood', 'Hard Wood', 0, '2016-05-12'),
(105, 36, 'Laminate Flooring', 'Laminate Flooring', 0, '2016-05-12');

-- --------------------------------------------------------

--
-- Table structure for table `material_identification`
--

CREATE TABLE IF NOT EXISTS `material_identification` (
  `m_id` int(11) NOT NULL AUTO_INCREMENT,
  `building_id` int(11) NOT NULL,
  `system` varchar(50) NOT NULL,
  `material_id` int(11) NOT NULL,
  `m_identification` varchar(50) NOT NULL,
  `m_description` longtext NOT NULL,
  `status` int(11) NOT NULL,
  PRIMARY KEY (`m_id`)
) ENGINE=MyISAM  DEFAULT CHARSET=latin1 AUTO_INCREMENT=56 ;

--
-- Dumping data for table `material_identification`
--

INSERT INTO `material_identification` (`m_id`, `building_id`, `system`, `material_id`, `m_identification`, `m_description`, `status`) VALUES
(1, 2, '1', 1, 'VFT2', '12"x12" Vinyl Floor Tiles (Blue) and Associated Mastic', 0),
(3, 2, '2', 52, 'Vsf02', 'testing', 0),
(6, 2, '2', 79, 'VFT1', '12x12 blue with brown specs', 0),
(5, 0, '', 0, 'N/A', '', 0),
(7, 2, '3', 33, 'CT1', '2x4 white with pink backing textured finish', 0),
(8, 2, '3', 30, 'CT-2', '1x1 textured ceiling tiles', 0),
(9, 3, '1', 33, 'CT1', '2x4 textured', 0),
(10, 3, '2', 79, 'VFT1', '12x12 blue', 0),
(11, 2, '1', 79, 'VFT6', '9x9 blue', 0),
(12, 6, '79', 79, 'VFT1', '12"x12" Grey with Dark Grey & White Streaks + Mastics', 0),
(13, 6, '2', 79, 'VFT2', '12"x12" Beige with Brown Streaks & Mastic', 0),
(14, 6, '2', 79, 'VFT3', '12"x12" Beige with Brown Lines & Mastic', 0),
(15, 6, '2', 79, 'VFT4', '12"x12" Beige with Brown & Yellow Streaks & Mastic', 0),
(16, 6, '80', 80, 'VSF1', 'Square Flower Pattern', 0),
(17, 6, '2', 80, 'VSF2', 'Small Grey/White Squares', 1),
(18, 6, '2', 80, 'VSF1', 'Square Flower Pattern', 0),
(19, 6, '2', 80, 'VSF2', 'Small Grey/White Squares', 0),
(20, 6, '3', 33, 'CT1', '2''x4'' Small Pinhole Small Fissure', 0),
(21, 6, '3', 33, 'CT2', '2''x4'' Lengthwise Fissure', 0),
(22, 6, '3', 33, 'CT3', '2''x4'' Widthwise Fissure', 0),
(23, 6, '3', 33, 'CT4', '2''x4'' Faux 2''x2''', 0),
(24, 6, '1', 9, 'Caulking 1', 'Exterior Expansion caulking (Grey)', 0),
(25, 6, '1', 9, 'Caulking 2', 'Exterior Balcony Door Caulking', 0),
(26, 6, '2', 79, 'VFT5', 'Unknown Vinyl Floor Tiles', 0),
(27, 36, '2', 79, 'VFT1', '12"x12" Beige with black veins', 0),
(28, 36, '2', 79, 'VFT2', '12"x12" Beige with dark streaks', 0),
(29, 36, '2', 79, 'VFT3', '9"x 9" Black with light brown streak', 0),
(30, 36, '2', 79, 'VFT4', '12"x 12" Beige with brown marks', 0),
(31, 36, '2', 80, 'VSF1', 'Square Pattern', 0),
(32, 36, '2', 80, 'VSF2', 'Beige with stoney pattern', 0),
(33, 36, '2', 80, 'VSF3', 'Grey-new', 0),
(34, 36, '2', 80, 'VSF4', 'Beige, sandy with blue dots', 0),
(35, 36, '2', 79, 'VFT5', '12"X 12" Beige with Brown Streaks', 0),
(36, 36, '2', 79, 'VFT6', '12" X 12" Beige with Brown, Yellow and Blue Streak', 0),
(37, 37, '2', 79, 'VFT1', '12"x 12" Beige with Brown Streaks.', 0),
(38, 37, '2', 79, 'VFT2', '12"x 12" Beige with Brown, Yellow and Blue specks.', 0),
(39, 37, '2', 80, 'VSF1', 'Beige with Stoney Pattern', 0),
(40, 37, '2', 80, 'VSF2', 'Beige-New', 0),
(41, 37, '2', 80, 'VSF3', 'Grey-New', 0),
(42, 37, '2', 80, 'VSF4', 'Beige Sandy Pattern with Blue Dots', 0),
(43, 38, '2', 79, 'VFT1', '12" x 12" Beige with Brown Specks', 0),
(44, 38, '2', 79, 'VFT2', '12" x 12" Beige with Black Lines', 0),
(45, 38, '2', 79, 'VFT3', '12" x 12" Beige with Brown/Yellow Streaks', 0),
(46, 38, '2', 79, 'VFT4', 'Unidentified flooring under VFT1', 0),
(47, 38, '2', 79, 'VFT5', '12" x 12" Light Brown with Brown Streaks', 0),
(48, 38, '2', 80, 'VSF1', 'White with Streaks - New Vinyl Sheet Flooring', 0),
(49, 38, '2', 80, 'VSF2', 'Faux Pattern - New Vinyl Sheet Flooring', 0),
(50, 38, '2', 80, 'VSF3', 'Beige Stony Pattern', 0),
(51, 38, '2', 80, 'VSF4', 'Grey Mosaic Pattern', 0),
(52, 38, '3', 73, 'TF', 'Texture Finish on Drywall', 1),
(53, 38, '1', 19, 'DJC', 'Drywall Joint Compound', 1),
(54, 38, '3', 73, 'NA', 'Texture Finish on Drywall', 1),
(55, 38, '1', 19, 'NA', 'Drywall and Joint Compound', 1);

-- --------------------------------------------------------

--
-- Table structure for table `Province`
--

CREATE TABLE IF NOT EXISTS `Province` (
  `p_id` int(11) NOT NULL AUTO_INCREMENT,
  `province` varchar(30) NOT NULL,
  `code` varchar(20) NOT NULL,
  PRIMARY KEY (`p_id`)
) ENGINE=MyISAM  DEFAULT CHARSET=latin1 AUTO_INCREMENT=14 ;

--
-- Dumping data for table `Province`
--

INSERT INTO `Province` (`p_id`, `province`, `code`) VALUES
(1, 'Alberta', 'AB'),
(2, 'British Columbia', 'BC'),
(3, 'Manitoba', 'MB'),
(4, 'New Brunswick', 'NB'),
(5, 'Newfoundland and Labrador', 'NL'),
(6, 'Northwest Territories', 'NT'),
(7, 'Nova Scotia', 'NS'),
(8, 'Nunavut', 'NU'),
(9, 'Ontario', 'ON'),
(10, 'Prince Edward Island', 'PE'),
(11, 'Quebec', 'QC'),
(12, 'Saskatchewan', 'SK'),
(13, 'Yukon', 'YT');

-- --------------------------------------------------------

--
-- Table structure for table `room_by_room`
--

CREATE TABLE IF NOT EXISTS `room_by_room` (
  `r_id` int(11) NOT NULL AUTO_INCREMENT,
  `building_ID` int(11) NOT NULL,
  `location_ID` int(11) NOT NULL,
  `system_ID` int(11) NOT NULL,
  `material_ID` int(11) NOT NULL,
  `material_identi` varchar(50) NOT NULL,
  `friability` varchar(50) NOT NULL,
  `access` varchar(50) NOT NULL,
  `good` int(11) NOT NULL,
  `fair` int(11) NOT NULL,
  `poor` int(11) NOT NULL,
  `total` int(11) NOT NULL,
  `units` varchar(50) NOT NULL,
  `debris` varchar(50) NOT NULL,
  `unit` varchar(50) NOT NULL,
  `sample_rst` varchar(50) NOT NULL,
  `s_number` varchar(100) NOT NULL,
  `rst` varchar(50) NOT NULL,
  `r_hazard` varchar(200) NOT NULL,
  `action` int(11) NOT NULL,
  `parent` int(11) NOT NULL,
  `date_added` date NOT NULL,
  PRIMARY KEY (`r_id`)
) ENGINE=MyISAM  DEFAULT CHARSET=latin1 AUTO_INCREMENT=1518 ;

--
-- Dumping data for table `room_by_room`
--

INSERT INTO `room_by_room` (`r_id`, `building_ID`, `location_ID`, `system_ID`, `material_ID`, `material_identi`, `friability`, `access`, `good`, `fair`, `poor`, `total`, `units`, `debris`, `unit`, `sample_rst`, `s_number`, `rst`, `r_hazard`, `action`, `parent`, `date_added`) VALUES
(1, 2, 1, 2, 79, '11', 'y', 'b', 300, 200, 50, 550, '1', 'testsss', '', '', '73', 'Confirmed Asbestos', 'Confirmed Asbestos', 2, 0, '2016-03-14'),
(2, 2, 1, 3, 33, '7', 'y', 'b', 500, 100, 10, 610, '', 'test', '0', '', '79', '&lt;L.O.D ( Chrysotile 0.4% )', '&lt;L.O.D', 3, 0, '2016-03-14'),
(3, 2, 1, 4, 63, '5', 'n', 'c', 233, 50, 44, 327, '1', 'testing sub', '', '', '73', 'Confirmed Asbestos', 'Confirmed Asbestos', 2, 1, '2016-03-14'),
(72, 6, 12, 3, 33, '23', 'n', 'c', 160, 0, 0, 160, '1', '', '', 'v', '71', 'None Detected', 'None Detected', 4, 0, '2016-03-23'),
(5, 2, 1, 1, 81, '5', 'y', 'a', 200, 150, 150, 500, '1', 'hj', '', '', '76', 'Confirmed Asbestos ( Amosite 0.6 )', 'Confirmed Asbestos', 3, 2, '2016-03-15'),
(6, 2, 1, 1, 81, '5', 'n', 'e', 100, 100, 100, 300, '1', 'ee', '', 'v', '73', 'Non Detected ( Chrysotile 0.4 )', '', 3, 0, '2016-03-16'),
(8, 2, 1, 4, 62, '5', 'y', 'a', 150, 150, 150, 450, '', 'dd', '1', 'v', '1', '', 'No Asbestos', 5, 0, '2016-03-17'),
(9, 2, 1, 6, 18, '5', 'n', 'b', 150, 100, 50, 300, '', 'dsa', '1', 's', '2', '', 'Confirmed Asbestos', 5, 8, '2016-03-17'),
(10, 2, 1, 5, 46, '5', 'y', 'd', 300, 150, 100, 550, '1', 'test', '', 'v', '3', 'Presumed Asbestos', 'Presumed Asbestos', 3, 0, '2016-03-17'),
(71, 6, 12, 2, 95, '5', 'Please Select', 'Please Select', 0, 0, 0, 0, '', '', '', 'Please Select', '4', 'No Asbestos', 'No Asbestos', 1, 0, '2016-03-23'),
(26, 2, 1, 3, 14, '5', 'Please Select', 'Please Select', 0, 0, 0, 0, '', '', '', 'Please Select', 'Please Select', '', '', 0, 0, '2016-03-23'),
(27, 2, 1, 3, 14, '5', 'Please Select', 'Please Select', 0, 0, 0, 0, '', '', '', 'Please Select', 'Please Select', '', '', 0, 0, '2016-03-23'),
(25, 2, 1, 3, 14, '5', 'Please Select', 'Please Select', 0, 0, 0, 0, '', '', '', 'Please Select', 'Please Select', '', '', 0, 0, '2016-03-23'),
(14, 6, 8, 2, 14, '5', 'Please Select', 'Please Select', 0, 0, 0, 0, '', '', '', 'v', '1', 'None Deducted', 'None Deducted', 0, 0, '2016-03-21'),
(15, 6, 8, 5, 92, '5', 'Please Select', 'Please Select', 0, 0, 0, 0, '', '', '', 'Please Select', 'Please Select', '', '', 0, 0, '2016-03-21'),
(16, 6, 8, 5, 92, '5', 'Please Select', 'Please Select', 0, 0, 0, 0, '', '', '', 'Please Select', 'Please Select', '', '', 0, 0, '2016-03-21'),
(18, 6, 8, 1, 14, '5', 'n', 'a', 500, 0, 0, 500, '', '', '', 'v', '1', 'None Deducted', 'None Deducted', 4, 17, '2016-03-22'),
(19, 6, 8, 5, 75, '5', 'n', 'c', 50, 2, 14, 66, '', '', '', 'v', '2', 'Visually Confirmed', 'Confirmed Asbestos', 0, 0, '2016-03-22'),
(43, 6, 9, 2, 11, '5', 'Please Select', 'Please Select', 0, 0, 0, 0, '', '', '', 'Please Select', '4', 'No Asbestos', 'No Asbestos', 1, 0, '2016-03-23'),
(44, 6, 9, 3, 33, '23', 'n', 'c', 2000, 0, 0, 2000, '1', '', '', 's', '71', 'None Detected', 'None Detected', 4, 0, '2016-03-23'),
(22, 6, 8, 1, 19, '5', 'n', 'b', 500, 0, 0, 500, '', '', '', 's', '55', 'None Detected ( N/A None Detected )', '', 0, 0, '2016-03-22'),
(38, 2, 1, 5, 14, '5', 'Please Select', 'Please Select', 0, 0, 0, 0, '', '', '', 'Please Select', '4', 'No Asbestos', 'No Asbestos', 1, 0, '2016-03-23'),
(39, 2, 1, 1, 14, '5', 'Please Select', 'Please Select', 0, 0, 0, 0, '', '', '', 'Please Select', '4', 'No Asbestos', 'No Asbestos', 1, 38, '2016-03-23'),
(34, 2, 1, 2, 14, '5', 'Please Select', 'Please Select', 0, 0, 0, 0, '', '', '', 'Please Select', '4', 'No Asbestos', 'No Asbestos', 0, 0, '2016-03-23'),
(41, 6, 8, 2, 0, '5', 'Please Select', 'Please Select', 0, 0, 0, 0, '', '', '', 'Please Select', '4', 'No Asbestos', 'No Asbestos', 1, 0, '2016-03-23'),
(45, 6, 9, 1, 89, '5', 'n', 'a', 90, 0, 0, 90, '2', '', '', 's', '54', 'None Detected', 'None Detected', 4, 0, '2016-03-23'),
(46, 6, 9, 1, 19, '5', 'n', 'a', 10, 0, 0, 10, '2', '', '', 'v', '55', 'No Asbestos', 'No Asbestos', 4, 0, '2016-03-23'),
(47, 6, 9, 4, 95, '5', 'Please Select', 'Please Select', 0, 0, 0, 0, '', '', '', 'Please Select', '4', 'No Asbestos', 'No Asbestos', 1, 0, '2016-03-23'),
(48, 6, 9, 5, 92, '5', 'Please Select', 'Please Select', 0, 0, 0, 0, '', '', '', 'Please Select', '4', 'No Asbestos', 'No Asbestos', 1, 0, '2016-03-23'),
(49, 6, 9, 5, 93, '5', 'Please Select', 'Please Select', 0, 0, 0, 0, '', '', '', 'Please Select', '4', 'No Asbestos', 'No Asbestos', 1, 0, '2016-03-23'),
(50, 6, 9, 5, 96, '5', 'Please Select', 'Please Select', 0, 0, 0, 0, '', '', '', 'Please Select', '4', 'No Asbestos', 'No Asbestos', 1, 0, '2016-03-23'),
(51, 6, 9, 6, 92, '5', 'Please Select', 'Please Select', 0, 0, 0, 0, '', '', '', 'Please Select', '4', 'No Asbestos', 'No Asbestos', 1, 0, '2016-03-23'),
(52, 6, 9, 7, 94, '5', 'Please Select', 'Please Select', 0, 0, 0, 0, '', '', '', 'Please Select', '4', 'No Asbestos', 'No Asbestos', 1, 0, '2016-03-23'),
(53, 6, 9, 8, 94, '5', 'Please Select', 'Please Select', 0, 0, 0, 0, '', '', '', 'Please Select', '4', 'No Asbestos', 'No Asbestos', 1, 0, '2016-03-23'),
(54, 6, 17, 2, 95, '5', 'Please Select', 'Please Select', 0, 0, 0, 0, '', '', '', 'Please Select', '4', 'No Asbestos', 'No Asbestos', 1, 0, '2016-03-23'),
(55, 6, 17, 1, 89, '5', 'n', 'a', 100, 0, 0, 100, '2', '', '', 'v', '54', 'None Detected', 'None Detected', 4, 0, '2016-03-23'),
(56, 6, 17, 3, 89, '5', 'n', 'c', 140, 0, 0, 140, '1', '', '', 'v', '54', 'None Detected', 'None Detected', 4, 0, '2016-03-23'),
(57, 6, 17, 4, 94, '5', 'Please Select', 'Please Select', 0, 0, 0, 0, '', '', '', 'Please Select', '4', 'No Asbestos', 'No Asbestos', 1, 0, '2016-03-23'),
(58, 6, 17, 5, 92, '5', 'Please Select', 'Please Select', 0, 0, 0, 0, '', '', '', 'Please Select', '4', 'No Asbestos', 'No Asbestos', 1, 0, '2016-03-23'),
(59, 6, 17, 6, 92, '5', 'Please Select', 'Please Select', 0, 0, 0, 0, '', '', '', 'Please Select', '4', 'No Asbestos', 'No Asbestos', 1, 0, '2016-03-23'),
(60, 6, 17, 7, 92, '5', 'Please Select', 'Please Select', 0, 0, 0, 0, '', '', '', 'Please Select', '4', 'No Asbestos', 'No Asbestos', 1, 0, '2016-03-23'),
(61, 6, 17, 8, 94, '5', 'Please Select', 'Please Select', 0, 0, 0, 0, '', '', '', 'Please Select', '4', 'No Asbestos', 'No Asbestos', 1, 0, '2016-03-23'),
(62, 6, 40, 2, 79, '13', 'n', 'a', 800, 0, 0, 800, '1', '', '', 'v', '63', 'Chrysotile 2%', 'Confirmed Asbestos', 4, 0, '2016-03-23'),
(64, 6, 40, 1, 89, '5', 'n', 'a', 100, 0, 0, 100, '2', '', '', 'v', '54', 'None Detected', 'None Detected', 4, 0, '2016-03-23'),
(65, 6, 40, 3, 73, '5', 'y', 'c', 800, 0, 0, 800, '1', '', '', 'v', '57', 'Chrysotile 2%', 'Confirmed Asbestos', 4, 0, '2016-03-23'),
(66, 6, 40, 4, 94, '5', 'Please Select', 'Please Select', 0, 0, 0, 0, '', '', '', 'Please Select', '4', 'No Asbestos', 'No Asbestos', 1, 0, '2016-03-23'),
(67, 6, 40, 5, 94, '5', 'Please Select', 'Please Select', 0, 0, 0, 0, '', '', '', 'Please Select', '4', 'No Asbestos', 'No Asbestos', 1, 0, '2016-03-23'),
(68, 6, 40, 6, 94, '5', 'Please Select', 'Please Select', 0, 0, 0, 0, '', '', '', 'Please Select', '4', 'No Asbestos', 'No Asbestos', 1, 0, '2016-03-23'),
(69, 6, 40, 7, 94, '5', 'Please Select', 'Please Select', 0, 0, 0, 0, '', '', '', 'Please Select', '4', 'No Asbestos', 'No Asbestos', 1, 0, '2016-03-23'),
(70, 6, 40, 8, 97, '5', 'y', 'd', 3, 0, 0, 3, '3', '', '', 'v', '3', 'Presumed Asbestos', 'Presumed Asbestos', 4, 0, '2016-03-23'),
(73, 6, 12, 1, 89, '5', 'n', 'b', 100, 0, 0, 100, '2', '', '', 's', '54', 'None Detected', 'None Detected', 4, 0, '2016-03-23'),
(74, 6, 12, 4, 95, '5', 'Please Select', 'Please Select', 0, 0, 0, 0, '', '', '', 'Please Select', '4', 'No Asbestos', 'No Asbestos', 1, 0, '2016-03-23'),
(75, 6, 12, 5, 92, '5', 'Please Select', 'Please Select', 0, 0, 0, 0, '', '', '', 'Please Select', '4', 'No Asbestos', 'No Asbestos', 1, 0, '2016-03-23'),
(76, 6, 12, 5, 22, '5', 'Please Select', 'Please Select', 0, 0, 0, 0, '', '', '', 'Please Select', '4', 'No Asbestos', 'No Asbestos', 1, 0, '2016-03-23'),
(77, 6, 12, 6, 92, '5', 'Please Select', 'Please Select', 0, 0, 0, 0, '', '', '', 'Please Select', '4', 'No Asbestos', 'No Asbestos', 1, 0, '2016-03-23'),
(78, 6, 12, 8, 94, '5', 'Please Select', 'Please Select', 0, 0, 0, 0, '', '', '', 'Please Select', '4', 'No Asbestos', 'No Asbestos', 1, 0, '2016-03-23'),
(79, 6, 13, 2, 11, '5', 'Please Select', 'Please Select', 0, 0, 0, 0, '', '', '', 'Please Select', '4', 'No Asbestos', 'No Asbestos', 1, 0, '2016-03-23'),
(80, 6, 13, 3, 33, '23', 'n', 'c', 300, 0, 0, 300, '', '', '', 'v', '71', 'None Detected', 'None Detected', 4, 0, '2016-03-23'),
(81, 6, 13, 1, 89, '5', 'n', 'a', 60, 0, 0, 60, '2', '', '', 'v', '54', 'None Detected', 'None Detected', 4, 0, '2016-03-23'),
(82, 6, 13, 1, 19, '5', 'n', 'a', 40, 0, 0, 40, '2', '', '', 'v', '55', 'None Detected', 'None Detected', 4, 0, '2016-03-23'),
(83, 6, 13, 4, 95, '5', 'Please Select', 'Please Select', 0, 0, 0, 0, '', '', '', 'Please Select', '4', 'No Asbestos', 'No Asbestos', 1, 0, '2016-03-23'),
(84, 6, 13, 5, 92, '5', 'Please Select', 'Please Select', 0, 0, 0, 0, '', '', '', 'Please Select', '4', 'No Asbestos', 'No Asbestos', 1, 0, '2016-03-23'),
(85, 6, 13, 6, 92, '5', 'Please Select', 'Please Select', 0, 0, 0, 0, '', '', '', 'Please Select', '4', 'No Asbestos', 'No Asbestos', 1, 0, '2016-03-23'),
(86, 6, 13, 7, 92, '5', 'Please Select', 'Please Select', 0, 0, 0, 0, '', '', '', 'Please Select', '4', 'No Asbestos', 'No Asbestos', 1, 0, '2016-03-23'),
(87, 6, 13, 8, 94, '5', 'Please Select', 'Please Select', 0, 0, 0, 0, '', '', '', 'Please Select', '4', 'No Asbestos', 'No Asbestos', 1, 0, '2016-03-23'),
(88, 6, 14, 2, 11, '5', 'Please Select', 'Please Select', 0, 0, 0, 0, '', '', '', 'Please Select', '4', 'No Asbestos', 'No Asbestos', 1, 0, '2016-03-23'),
(89, 6, 14, 3, 33, '23', 'n', 'c', 25, 0, 0, 25, '1', '', '', 'v', '71', 'None Detected', 'None Detected', 4, 0, '2016-03-23'),
(90, 6, 14, 1, 89, '5', 'n', 'a', 100, 0, 0, 100, '2', '', '', 'v', '54', 'None Detected', 'None Detected', 4, 0, '2016-03-23'),
(91, 6, 14, 4, 95, '5', 'Please Select', 'Please Select', 0, 0, 0, 0, '', '', '', 'Please Select', '4', 'No Asbestos', 'No Asbestos', 1, 0, '2016-03-23'),
(92, 6, 14, 5, 92, '5', 'Please Select', 'Please Select', 0, 0, 0, 0, '', '', '', 'Please Select', '4', 'No Asbestos', 'No Asbestos', 1, 0, '2016-03-23'),
(93, 6, 14, 6, 92, '5', 'Please Select', 'Please Select', 0, 0, 0, 0, '', '', '', 'Please Select', '4', 'No Asbestos', 'No Asbestos', 1, 0, '2016-03-23'),
(94, 6, 14, 7, 94, '5', 'Please Select', 'Please Select', 0, 0, 0, 0, '', '', '', 'Please Select', '4', 'No Asbestos', 'No Asbestos', 1, 0, '2016-03-23'),
(95, 6, 14, 8, 94, '5', 'Please Select', 'Please Select', 0, 0, 0, 0, '', '', '', 'Please Select', '4', 'No Asbestos', 'No Asbestos', 1, 0, '2016-03-23'),
(96, 6, 36, 2, 8, '5', 'Please Select', 'Please Select', 0, 0, 0, 0, '', '', '', 'Please Select', '4', 'No Asbestos', 'No Asbestos', 1, 0, '2016-03-23'),
(97, 6, 36, 3, 33, '23', 'n', 'c', 400, 0, 0, 400, '1', '', '', 'v', '71', 'None Detected', 'None Detected', 4, 0, '2016-03-23'),
(98, 6, 36, 1, 89, '5', 'n', 'a', 90, 0, 0, 90, '2', '', '', 'v', '54', 'None Detected', 'None Detected', 4, 0, '2016-03-23'),
(99, 6, 36, 1, 19, '5', 'n', 'a', 10, 0, 0, 10, '2', '', '', 'v', '55', 'None Detected', 'None Detected', 4, 0, '2016-03-23'),
(100, 6, 36, 4, 95, '5', 'Please Select', 'Please Select', 0, 0, 0, 0, '', '', '', 'Please Select', '4', 'No Asbestos', 'No Asbestos', 1, 0, '2016-03-23'),
(101, 6, 36, 5, 93, '5', 'Please Select', 'Please Select', 0, 0, 0, 0, '', '', '', 'Please Select', '4', 'No Asbestos', 'No Asbestos', 1, 0, '2016-03-23'),
(102, 6, 36, 5, 92, '5', 'Please Select', 'Please Select', 0, 0, 0, 0, '', '', '', 'Please Select', '4', 'No Asbestos', 'No Asbestos', 1, 0, '2016-03-23'),
(103, 6, 36, 6, 92, '5', 'Please Select', 'Please Select', 0, 0, 0, 0, '', '', '', 'Please Select', '4', 'No Asbestos', 'No Asbestos', 1, 0, '2016-03-23'),
(104, 6, 36, 7, 94, '5', 'Please Select', 'Please Select', 0, 0, 0, 0, '', '', '', 'Please Select', '4', 'No Asbestos', 'No Asbestos', 1, 0, '2016-03-23'),
(105, 6, 36, 8, 94, '5', 'Please Select', 'Please Select', 0, 0, 0, 0, '', '', '', 'Please Select', '4', 'No Asbestos', 'No Asbestos', 1, 0, '2016-03-23'),
(106, 6, 16, 2, 95, '5', 'Please Select', 'Please Select', 0, 0, 0, 0, '', '', '', 'Please Select', '4', 'No Asbestos', 'No Asbestos', 1, 0, '2016-03-23'),
(107, 6, 16, 3, 94, '5', 'Please Select', 'Please Select', 0, 0, 0, 0, '', '', '', 'Please Select', '4', 'No Asbestos', 'No Asbestos', 1, 0, '2016-03-23'),
(108, 6, 16, 1, 95, '5', 'Please Select', 'Please Select', 0, 0, 0, 0, '', '', '', 'Please Select', '4', 'No Asbestos', 'No Asbestos', 1, 0, '2016-03-23'),
(109, 6, 16, 4, 95, '5', 'Please Select', 'Please Select', 0, 0, 0, 0, '', '', '', 'Please Select', '4', 'No Asbestos', 'No Asbestos', 1, 0, '2016-03-23'),
(110, 6, 16, 5, 92, '5', 'Please Select', 'Please Select', 0, 0, 0, 0, '', '', '', 'Please Select', '4', 'No Asbestos', 'No Asbestos', 1, 0, '2016-03-23'),
(111, 6, 16, 5, 93, '5', 'Please Select', 'Please Select', 0, 0, 0, 0, '', '', '', 'Please Select', '4', 'No Asbestos', 'No Asbestos', 1, 0, '2016-03-23'),
(112, 6, 16, 5, 96, '5', 'Please Select', 'Please Select', 0, 0, 0, 0, '', '', '', 'Please Select', '4', 'No Asbestos', 'No Asbestos', 1, 0, '2016-03-23'),
(113, 6, 16, 6, 92, '5', 'Please Select', 'Please Select', 0, 0, 0, 0, '', '', '', 'Please Select', '4', 'No Asbestos', 'No Asbestos', 1, 0, '2016-03-23'),
(114, 6, 16, 7, 94, '5', 'Please Select', 'Please Select', 0, 0, 0, 0, '', '', '', 'Please Select', '4', 'No Asbestos', 'No Asbestos', 1, 0, '2016-03-23'),
(115, 6, 16, 8, 94, '5', 'Please Select', 'Please Select', 0, 0, 0, 0, '', '', '', 'Please Select', '4', 'No Asbestos', 'No Asbestos', 1, 0, '2016-03-23'),
(116, 6, 19, 2, 95, '5', 'Please Select', 'Please Select', 0, 0, 0, 0, '', '', '', 'Please Select', '4', 'No Asbestos', 'No Asbestos', 1, 0, '2016-03-23'),
(117, 6, 19, 3, 94, '5', 'Please Select', 'Please Select', 0, 0, 0, 0, '', '', '', 'Please Select', '4', 'No Asbestos', 'No Asbestos', 1, 0, '2016-03-23'),
(118, 6, 19, 1, 95, '5', 'Please Select', 'Please Select', 0, 0, 0, 0, '', '', '', 'Please Select', '4', 'No Asbestos', 'No Asbestos', 1, 0, '2016-03-23'),
(119, 6, 19, 4, 95, '5', 'Please Select', 'Please Select', 0, 0, 0, 0, '', '', '', 'Please Select', '4', 'No Asbestos', 'No Asbestos', 1, 0, '2016-03-23'),
(120, 6, 19, 5, 92, '5', 'Please Select', 'Please Select', 0, 0, 0, 0, '', '', '', 'Please Select', '4', 'No Asbestos', 'No Asbestos', 1, 0, '2016-03-23'),
(121, 6, 19, 5, 22, '5', 'Please Select', 'Please Select', 0, 0, 0, 0, '', '', '', 'Please Select', '4', 'No Asbestos', 'No Asbestos', 1, 0, '2016-03-23'),
(122, 6, 19, 5, 98, '5', 'y', 'b', 4, 0, 0, 4, '3', '', '', 's', '59', 'Chrysotile 40%', 'Confirmed Asbestos', 4, 0, '2016-03-23'),
(123, 6, 19, 6, 94, '5', 'Please Select', 'Please Select', 0, 0, 0, 0, '', '', '', 'Please Select', '4', 'No Asbestos', 'No Asbestos', 1, 0, '2016-03-23'),
(124, 6, 19, 7, 94, '5', 'Please Select', 'Please Select', 0, 0, 0, 0, '', '', '', 'Please Select', '4', 'No Asbestos', 'No Asbestos', 1, 0, '2016-03-23'),
(125, 6, 19, 8, 94, '5', 'Please Select', 'Please Select', 0, 0, 0, 0, '', '', '', 'Please Select', '4', 'No Asbestos', 'No Asbestos', 1, 0, '2016-03-23'),
(126, 6, 20, 2, 11, '5', 'Please Select', 'Please Select', 0, 0, 0, 0, '', '', '', 'Please Select', '4', 'No Asbestos', 'No Asbestos', 1, 0, '2016-03-23'),
(127, 6, 20, 3, 94, '5', 'Please Select', 'Please Select', 0, 0, 0, 0, '', '', '', 'Please Select', '4', 'No Asbestos', 'No Asbestos', 1, 0, '2016-03-23'),
(128, 6, 20, 1, 95, '5', 'Please Select', 'Please Select', 0, 0, 0, 0, '', '', '', 'Please Select', '4', 'No Asbestos', 'No Asbestos', 1, 0, '2016-03-23'),
(129, 6, 20, 4, 95, '5', 'Please Select', 'Please Select', 0, 0, 0, 0, '', '', '', 'Please Select', '4', 'No Asbestos', 'No Asbestos', 1, 0, '2016-03-23'),
(130, 6, 20, 5, 92, '5', 'Please Select', 'Please Select', 0, 0, 0, 0, '', '', '', 'Please Select', '4', 'No Asbestos', 'No Asbestos', 1, 0, '2016-03-23'),
(131, 6, 20, 5, 22, '5', 'Please Select', 'Please Select', 0, 0, 0, 0, '', '', '', 'Please Select', '4', 'No Asbestos', 'No Asbestos', 1, 0, '2016-03-23'),
(132, 6, 20, 5, 98, '5', 'y', 'b', 1, 0, 0, 1, '3', '', '', 'v', '59', 'Chrysotile 40%', 'Confirmed Asbestos', 4, 0, '2016-03-23'),
(133, 6, 20, 6, 94, '5', 'Please Select', 'Please Select', 0, 0, 0, 0, '', '', '', 'Please Select', '4', 'No Asbestos', 'No Asbestos', 1, 0, '2016-03-23'),
(134, 6, 20, 7, 94, '5', 'Please Select', 'Please Select', 0, 0, 0, 0, '', '', '', 'Please Select', '4', 'No Asbestos', 'No Asbestos', 1, 0, '2016-03-23'),
(135, 6, 20, 8, 94, '5', 'Please Select', 'Please Select', 0, 0, 0, 0, '', '', '', 'Please Select', '4', 'No Asbestos', 'No Asbestos', 1, 0, '2016-03-23'),
(137, 6, 29, 2, 79, '13', 'n', 'b', 120, 0, 0, 120, '1', '', '', 'v', '64', 'Chrysotile 2%', 'Confirmed Asbestos', 4, 0, '2016-03-23'),
(138, 6, 29, 3, 73, '5', 'y', 'c', 120, 0, 0, 120, '1', '', '', 'v', '57', 'Chrysotile 2%', 'Confirmed Asbestos', 4, 0, '2016-03-23'),
(139, 6, 29, 1, 89, '5', 'n', 'b', 50, 0, 0, 50, '2', '', '', 'v', '54', 'None Detected', 'None Detected', 4, 0, '2016-03-23'),
(140, 6, 29, 1, 19, '5', 'n', 'b', 50, 0, 0, 50, '2', '', '', 'v', '55', 'None Detected', 'None Detected', 4, 0, '2016-03-23'),
(141, 6, 29, 4, 94, '5', 'Please Select', 'Please Select', 0, 0, 0, 0, '', '', '', 'Please Select', '4', 'No Asbestos', 'No Asbestos', 1, 0, '2016-03-23'),
(142, 6, 29, 5, 94, '5', 'Please Select', 'Please Select', 0, 0, 0, 0, '', '', '', 'Please Select', '4', 'No Asbestos', 'No Asbestos', 1, 0, '2016-03-23'),
(143, 6, 29, 6, 94, '5', 'Please Select', 'Please Select', 0, 0, 0, 0, '', '', '', 'Please Select', '4', 'No Asbestos', 'No Asbestos', 1, 0, '2016-03-23'),
(144, 6, 29, 7, 94, '5', 'Please Select', 'Please Select', 0, 0, 0, 0, '', '', '', 'Please Select', '4', 'No Asbestos', 'No Asbestos', 1, 0, '2016-03-23'),
(145, 6, 29, 8, 94, '5', 'Please Select', 'Please Select', 0, 0, 0, 0, '', '', '', 'Please Select', '4', 'No Asbestos', 'No Asbestos', 1, 0, '2016-03-23'),
(146, 6, 24, 2, 11, '5', 'Please Select', 'Please Select', 0, 0, 0, 0, '', '', '', 'Please Select', '4', 'No Asbestos', 'No Asbestos', 1, 0, '2016-03-23'),
(147, 6, 24, 3, 33, '21', 'n', 'c', 350, 0, 0, 350, '1', '', '', 'v', '69', 'Amosite 2%', 'Confirmed Asbestos', 4, 0, '2016-03-23'),
(148, 6, 24, 1, 89, '5', 'n', 'b', 50, 0, 0, 50, '2', '', '', 'v', '54', 'None Detected', 'None Detected', 4, 0, '2016-03-23'),
(149, 6, 24, 1, 19, '5', 'n', 'b', 50, 0, 0, 50, '2', '', '', 'v', '55', 'None Detected', 'None Detected', 4, 0, '2016-03-23'),
(150, 6, 24, 4, 95, '5', 'Please Select', 'Please Select', 0, 0, 0, 0, '', '', '', 'Please Select', '4', 'No Asbestos', 'No Asbestos', 1, 0, '2016-03-23'),
(151, 6, 24, 5, 92, '5', 'Please Select', 'Please Select', 0, 0, 0, 0, '', '', '', 'Please Select', '4', 'No Asbestos', 'No Asbestos', 1, 0, '2016-03-23'),
(152, 6, 24, 5, 22, '5', 'Please Select', 'Please Select', 0, 0, 0, 0, '', '', '', 'Please Select', '4', 'No Asbestos', 'No Asbestos', 1, 0, '2016-03-23'),
(153, 6, 24, 6, 92, '5', 'Please Select', 'Please Select', 0, 0, 0, 0, '', '', '', 'Please Select', '4', 'No Asbestos', 'No Asbestos', 1, 0, '2016-03-23'),
(154, 6, 24, 7, 94, '5', 'Please Select', 'Please Select', 0, 0, 0, 0, '', '', '', 'Please Select', '4', 'No Asbestos', 'No Asbestos', 1, 0, '2016-03-23'),
(155, 6, 24, 8, 94, '5', 'Please Select', 'Please Select', 0, 0, 0, 0, '', '', '', 'Please Select', '4', 'No Asbestos', 'No Asbestos', 1, 0, '2016-03-23'),
(156, 6, 27, 2, 79, '14', 'n', 'b', 150, 0, 0, 150, '1', '', '', 'v', '64', 'Chrysotile 2%', 'Confirmed Asbestos', 4, 0, '2016-03-23'),
(157, 6, 27, 3, 33, '22', 'n', 'c', 150, 0, 0, 150, '1', '', '', 'v', '70', 'None Detected', 'None Detected', 4, 0, '2016-03-23'),
(158, 6, 27, 1, 89, '5', 'n', 'b', 100, 0, 0, 100, '2', '', '', 'v', '54', 'None Detected', 'None Detected', 4, 0, '2016-03-23'),
(159, 6, 27, 4, 95, '5', 'Please Select', 'Please Select', 0, 0, 0, 0, '', '', '', 'Please Select', '4', 'No Asbestos', 'No Asbestos', 1, 0, '2016-03-23'),
(160, 6, 27, 5, 92, '5', 'Please Select', 'Please Select', 0, 0, 0, 0, '', '', '', 'Please Select', '4', 'No Asbestos', 'No Asbestos', 1, 0, '2016-03-23'),
(161, 6, 27, 5, 93, '5', 'Please Select', 'Please Select', 0, 0, 0, 0, '', '', '', 'Please Select', '4', 'No Asbestos', 'No Asbestos', 1, 0, '2016-03-23'),
(162, 6, 27, 6, 94, '5', 'Please Select', 'Please Select', 0, 0, 0, 0, '', '', '', 'Please Select', '4', 'No Asbestos', 'No Asbestos', 1, 0, '2016-03-23'),
(163, 6, 27, 7, 94, '5', 'Please Select', 'Please Select', 0, 0, 0, 0, '', '', '', 'Please Select', '4', 'No Asbestos', 'No Asbestos', 1, 0, '2016-03-23'),
(164, 6, 27, 8, 94, '5', 'Please Select', 'Please Select', 0, 0, 0, 0, '', '', '', 'Please Select', '4', 'No Asbestos', 'No Asbestos', 1, 0, '2016-03-23'),
(165, 6, 28, 2, 79, '15', 'n', 'b', 150, 0, 0, 150, '1', '', '', 'v', '65', 'Chrysotile 2%', 'Confirmed Asbestos', 4, 0, '2016-03-23'),
(166, 6, 28, 3, 33, '23', 'n', 'c', 150, 0, 0, 150, '1', '', '', 'v', '71', 'None Detected', 'None Detected', 4, 0, '2016-03-23'),
(167, 6, 28, 2, 89, '5', 'n', 'b', 100, 0, 0, 100, '2', '', '', 'v', '54', 'None Detected', 'None Detected', 4, 0, '2016-03-23'),
(168, 6, 28, 4, 95, '5', 'Please Select', 'Please Select', 0, 0, 0, 0, '', '', '', 'Please Select', '4', 'No Asbestos', 'No Asbestos', 1, 0, '2016-03-23'),
(169, 6, 28, 5, 93, '5', 'Please Select', 'Please Select', 0, 0, 0, 0, '', '', '', 'Please Select', '4', 'No Asbestos', 'No Asbestos', 1, 0, '2016-03-23'),
(170, 6, 28, 5, 92, '5', 'Please Select', 'Please Select', 0, 0, 0, 0, '', '', '', 'Please Select', '4', 'No Asbestos', 'No Asbestos', 1, 0, '2016-03-23'),
(171, 6, 28, 6, 94, '5', 'Please Select', 'Please Select', 0, 0, 0, 0, '', '', '', 'Please Select', '4', 'No Asbestos', 'No Asbestos', 1, 0, '2016-03-23'),
(172, 6, 28, 7, 94, '5', 'Please Select', 'Please Select', 0, 0, 0, 0, '', '', '', 'Please Select', '4', 'No Asbestos', 'No Asbestos', 1, 0, '2016-03-23'),
(173, 6, 28, 8, 94, '5', 'Please Select', 'Please Select', 0, 0, 0, 0, '', '', '', 'Please Select', '4', 'No Asbestos', 'No Asbestos', 1, 0, '2016-03-23'),
(174, 6, 30, 2, 11, '5', 'Please Select', 'Please Select', 0, 0, 0, 0, '', '', '', 'Please Select', '4', 'No Asbestos', 'No Asbestos', 1, 0, '2016-03-23'),
(175, 6, 30, 3, 73, '5', 'y', 'c', 70, 0, 10, 80, '1', '', '', 'v', '57', 'Chrysotile 2%', 'Confirmed Asbestos', 2, 0, '2016-03-23'),
(176, 6, 30, 1, 89, '5', 'n', 'b', 100, 0, 0, 100, '2', '', '', 'v', '54', 'None Detected', 'None Detected', 4, 0, '2016-03-23'),
(177, 6, 30, 4, 95, '5', 'Please Select', 'Please Select', 0, 0, 0, 0, '', '', '', 'Please Select', '4', 'No Asbestos', 'No Asbestos', 1, 0, '2016-03-23'),
(178, 6, 30, 5, 92, '5', 'Please Select', 'Please Select', 0, 0, 0, 0, '', '', '', 'Please Select', '4', 'No Asbestos', 'No Asbestos', 1, 0, '2016-03-23'),
(179, 6, 30, 6, 94, '5', 'Please Select', 'Please Select', 0, 0, 0, 0, '', '', '', 'Please Select', '4', 'No Asbestos', 'No Asbestos', 1, 0, '2016-03-23'),
(180, 6, 30, 7, 94, '5', 'Please Select', 'Please Select', 0, 0, 0, 0, '', '', '', 'Please Select', '4', 'No Asbestos', 'No Asbestos', 1, 0, '2016-03-23'),
(181, 6, 30, 8, 94, '5', 'Please Select', 'Please Select', 0, 0, 0, 0, '', '', '', 'Please Select', '4', 'No Asbestos', 'No Asbestos', 1, 0, '2016-03-23'),
(182, 6, 31, 2, 79, '13', 'n', 'a', 200, 0, 0, 200, '1', '', '', 'v', '63', 'Chrysotile 2%', 'Confirmed Asbestos', 4, 0, '2016-03-23'),
(183, 6, 31, 3, 33, '23', 'n', 'c', 200, 0, 0, 200, '1', '', '', 'v', '71', 'None Detected', 'None Detected', 4, 0, '2016-03-23'),
(184, 6, 31, 1, 89, '5', 'n', 'a', 100, 0, 0, 100, '2', '', '', 'v', '54', 'None Detected', 'None Detected', 4, 0, '2016-03-23'),
(185, 6, 31, 1, 19, '5', 'n', 'a', 50, 0, 0, 50, '1', '', '', 's', '55', 'No Asbestos', 'No Asbestos', 4, 0, '2016-03-23'),
(186, 6, 31, 4, 95, '5', 'Please Select', 'Please Select', 0, 0, 0, 0, '', '', '', 'Please Select', '4', 'No Asbestos', 'No Asbestos', 1, 0, '2016-03-23'),
(187, 6, 31, 5, 92, '5', 'Please Select', 'Please Select', 0, 0, 0, 0, '', '', '', 'Please Select', '4', 'No Asbestos', 'No Asbestos', 1, 0, '2016-03-23'),
(188, 6, 31, 6, 94, '5', 'Please Select', 'Please Select', 0, 0, 0, 0, '', '', '', 'Please Select', '4', 'No Asbestos', 'No Asbestos', 1, 0, '2016-03-23'),
(189, 6, 31, 7, 94, '5', 'Please Select', 'Please Select', 0, 0, 0, 0, '', '', '', 'Please Select', '4', 'No Asbestos', 'No Asbestos', 1, 0, '2016-03-23'),
(190, 6, 31, 8, 94, '5', 'Please Select', 'Please Select', 0, 0, 0, 0, '', '', '', 'Please Select', '4', 'No Asbestos', 'No Asbestos', 1, 0, '2016-03-23'),
(191, 6, 32, 2, 11, '5', 'Please Select', 'Please Select', 0, 0, 0, 0, '', '', '', 'Please Select', '4', 'No Asbestos', 'No Asbestos', 1, 0, '2016-03-23'),
(192, 6, 32, 3, 33, '23', 'n', 'c', 50, 0, 0, 50, '1', '', '', 'v', '71', 'None Detected', 'None Detected', 4, 0, '2016-03-23'),
(193, 6, 32, 1, 89, '5', 'n', 'a', 100, 0, 0, 100, '2', '', '', 'v', '54', 'None Detected', 'None Detected', 4, 0, '2016-03-23'),
(194, 6, 32, 4, 95, '5', 'Please Select', 'Please Select', 0, 0, 0, 0, '', '', '', 'Please Select', '4', 'No Asbestos', 'No Asbestos', 1, 0, '2016-03-23'),
(195, 6, 32, 5, 92, '5', 'Please Select', 'Please Select', 0, 0, 0, 0, '', '', '', 'Please Select', '4', 'No Asbestos', 'No Asbestos', 1, 0, '2016-03-23'),
(196, 6, 32, 5, 93, '5', 'Please Select', 'Please Select', 0, 0, 0, 0, '', '', '', 'Please Select', '4', 'No Asbestos', 'No Asbestos', 1, 0, '2016-03-23'),
(197, 6, 32, 6, 92, '5', 'Please Select', 'Please Select', 0, 0, 0, 0, '', '', '', 'Please Select', '4', 'No Asbestos', 'No Asbestos', 1, 0, '2016-03-23'),
(198, 6, 32, 7, 94, '5', 'Please Select', 'Please Select', 0, 0, 0, 0, '', '', '', 'Please Select', '4', 'No Asbestos', 'No Asbestos', 1, 0, '2016-03-23'),
(199, 6, 32, 8, 94, '5', 'Please Select', 'Please Select', 0, 0, 0, 0, '', '', '', 'Please Select', '4', 'No Asbestos', 'No Asbestos', 1, 0, '2016-03-23'),
(200, 6, 34, 2, 79, '15', 'n', 'a', 300, 0, 0, 300, '1', '', '', 's', '65', 'Chrysotile 2%', 'Confirmed Asbestos', 4, 0, '2016-03-23'),
(201, 6, 34, 3, 33, '21', 'n', 'c', 300, 0, 0, 300, '1', '', '', 'v', '69', 'Amosite 2%', 'Confirmed Asbestos', 4, 0, '2016-03-23'),
(202, 6, 34, 1, 89, '5', 'n', 'a', 100, 0, 0, 100, '2', '', '', 's', '54', 'None Detected', 'None Detected', 4, 0, '2016-03-23'),
(203, 6, 34, 1, 19, '5', 'n', 'a', 50, 0, 0, 50, '1', '', '', 's', '55', 'None Detected', 'None Detected', 4, 0, '2016-03-23'),
(204, 6, 34, 4, 95, '5', 'Please Select', 'Please Select', 0, 0, 0, 0, '', '', '', 'Please Select', '4', 'No Asbestos', 'No Asbestos', 1, 0, '2016-03-23'),
(205, 6, 34, 5, 92, '5', 'Please Select', 'Please Select', 0, 0, 0, 0, '', '', '', 'Please Select', '4', 'No Asbestos', 'No Asbestos', 1, 0, '2016-03-23'),
(206, 6, 34, 5, 22, '5', 'Please Select', 'Please Select', 0, 0, 0, 0, '', '', '', 'Please Select', '4', 'No Asbestos', 'No Asbestos', 1, 0, '2016-03-23'),
(207, 6, 34, 6, 92, '5', 'Please Select', 'Please Select', 0, 0, 0, 0, '', '', '', 'Please Select', '4', 'No Asbestos', 'No Asbestos', 1, 0, '2016-03-23'),
(208, 6, 34, 7, 94, '5', 'Please Select', 'Please Select', 0, 0, 0, 0, '', '', '', 'Please Select', '4', 'No Asbestos', 'No Asbestos', 1, 0, '2016-03-23'),
(209, 6, 34, 8, 94, '5', 'Please Select', 'Please Select', 0, 0, 0, 0, '', '', '', 'Please Select', '4', 'No Asbestos', 'No Asbestos', 1, 0, '2016-03-23'),
(210, 6, 35, 2, 79, '13', 'n', 'a', 250, 0, 0, 250, '1', '', '', 's', '63', 'Chrysotile 2%', 'Confirmed Asbestos', 4, 0, '2016-03-23'),
(211, 6, 35, 2, 79, '15', 'n', 'b', 50, 0, 0, 50, '1', '', '', 'v', '65', 'Chrysotile 2%', 'Confirmed Asbestos', 4, 0, '2016-03-23'),
(212, 6, 35, 3, 33, '20', 'n', 'c', 150, 0, 0, 150, '1', '', '', 'v', '68', 'None Detected', 'None Detected', 4, 0, '2016-03-23'),
(213, 6, 35, 3, 33, '21', 'n', 'c', 150, 0, 0, 150, '1', '', '', 'v', '69', 'Amosite 2%', 'Confirmed Asbestos', 4, 0, '2016-03-23'),
(214, 6, 35, 1, 52, '5', 'n', 'a', 90, 0, 0, 90, '2', '', '', 'v', '54', 'None Detected', 'None Detected', 4, 0, '2016-03-23'),
(215, 6, 35, 1, 19, '5', 'n', 'a', 10, 0, 0, 10, '2', '', '', 'v', '55', 'None Detected', 'None Detected', 4, 0, '2016-03-23'),
(216, 6, 35, 4, 95, '5', 'Please Select', 'Please Select', 0, 0, 0, 0, '', '', '', 'Please Select', '4', 'No Asbestos', 'No Asbestos', 1, 0, '2016-03-23'),
(217, 6, 35, 5, 92, '5', 'Please Select', 'Please Select', 0, 0, 0, 0, '', '', '', 'Please Select', '4', 'No Asbestos', 'No Asbestos', 1, 0, '2016-03-23'),
(218, 6, 35, 5, 22, '5', 'Please Select', 'Please Select', 0, 0, 0, 0, '', '', '', 'Please Select', '4', 'No Asbestos', 'No Asbestos', 1, 0, '2016-03-23'),
(219, 6, 35, 6, 92, '5', 'Please Select', 'Please Select', 0, 0, 0, 0, '', '', '', 'Please Select', '4', 'No Asbestos', 'No Asbestos', 1, 0, '2016-03-23'),
(220, 6, 35, 7, 94, '5', 'Please Select', 'Please Select', 0, 0, 0, 0, '', '', '', 'Please Select', '4', 'No Asbestos', 'No Asbestos', 1, 0, '2016-03-23'),
(221, 6, 35, 8, 94, '5', 'Please Select', 'Please Select', 0, 0, 0, 0, '', '', '', 'Please Select', '4', 'No Asbestos', 'No Asbestos', 1, 0, '2016-03-23'),
(222, 6, 42, 2, 79, '13', 'n', 'a', 100, 0, 0, 100, '1', '', '', 'v', '63', 'Chrysotile 2%', 'Confirmed Asbestos', 4, 0, '2016-03-23'),
(223, 6, 42, 3, 33, '23', 'n', 'c', 100, 0, 0, 100, '1', '', '', 'v', '71', 'None Detected', 'None Detected', 4, 0, '2016-03-23'),
(224, 6, 42, 1, 89, '5', 'n', 'a', 100, 0, 0, 100, '2', '', '', 'v', '54', 'None Detected', 'None Detected', 4, 0, '2016-03-23'),
(225, 6, 42, 4, 95, '5', 'Please Select', 'Please Select', 0, 0, 0, 0, '', '', '', 'Please Select', '4', 'No Asbestos', 'No Asbestos', 1, 0, '2016-03-23'),
(226, 6, 42, 5, 22, '5', 'Please Select', 'Please Select', 0, 0, 0, 0, '', '', '', 'Please Select', '4', 'No Asbestos', 'No Asbestos', 1, 0, '2016-03-23'),
(227, 6, 42, 5, 92, '5', 'Please Select', 'Please Select', 0, 0, 0, 0, '', '', '', 'Please Select', '4', 'No Asbestos', 'No Asbestos', 1, 0, '2016-03-23'),
(228, 6, 42, 6, 94, '5', 'Please Select', 'Please Select', 0, 0, 0, 0, '', '', '', 'Please Select', '4', 'No Asbestos', 'No Asbestos', 1, 0, '2016-03-23'),
(229, 6, 42, 7, 94, '5', 'Please Select', 'Please Select', 0, 0, 0, 0, '', '', '', 'Please Select', '4', 'No Asbestos', 'No Asbestos', 1, 0, '2016-03-23'),
(230, 6, 42, 8, 94, '5', 'Please Select', 'Please Select', 0, 0, 0, 0, '', '', '', 'Please Select', '4', 'No Asbestos', 'No Asbestos', 1, 0, '2016-03-23'),
(231, 6, 97, 2, 79, '12', 'n', 'a', 25, 0, 0, 25, '1', '', '', 'v', '62', 'None Detected', 'None Detected', 4, 0, '2016-03-24'),
(232, 6, 97, 3, 73, '5', 'y', 'c', 2000, 0, 0, 2000, '1', '', '', 'v', '57', 'Chrysotile 2%', 'Confirmed Asbestos', 4, 0, '2016-03-24'),
(233, 6, 97, 3, 19, '5', 'n', 'c', 100, 0, 0, 100, '1', '', '', 'v', '55', 'None Detected', 'None Detected', 4, 0, '2016-03-24'),
(234, 6, 97, 1, 89, '5', 'n', 'a', 80, 0, 0, 80, '2', '', '', 'v', '54', 'None Detected', 'None Detected', 4, 0, '2016-03-24'),
(235, 6, 97, 1, 19, '5', 'n', 'a', 20, 0, 0, 20, '2', '', '', 'v', '55', 'None Detected', 'None Detected', 4, 0, '2016-03-24'),
(236, 6, 97, 4, 94, '5', 'Please Select', 'Please Select', 0, 0, 0, 0, '', '', '', 'Please Select', '4', 'No Asbestos', 'No Asbestos', 1, 0, '2016-03-24'),
(237, 6, 97, 5, 92, '5', 'Please Select', 'Please Select', 0, 0, 0, 0, '', '', '', 'Please Select', '4', 'No Asbestos', 'No Asbestos', 1, 0, '2016-03-24'),
(238, 6, 97, 6, 92, '5', 'Please Select', 'Please Select', 0, 0, 0, 0, '', '', '', 'Please Select', '4', 'No Asbestos', 'No Asbestos', 1, 0, '2016-03-24'),
(239, 6, 97, 7, 94, '5', 'Please Select', 'Please Select', 0, 0, 0, 0, '', '', '', 'Please Select', '4', 'No Asbestos', 'No Asbestos', 1, 0, '2016-03-24'),
(240, 6, 97, 8, 94, '5', 'Please Select', 'Please Select', 0, 0, 0, 0, '', '', '', 'Please Select', '4', 'No Asbestos', 'No Asbestos', 1, 0, '2016-03-24'),
(241, 6, 97, 2, 43, '5', 'Please Select', 'Please Select', 0, 0, 0, 0, '', '', '', 'Please Select', '4', 'No Asbestos', 'No Asbestos', 1, 0, '2016-03-24'),
(283, 2, 6, 2, 14, '5', 'Please Select', 'Please Select', 0, 0, 0, 0, '', '', '', 'Please Select', '4', 'No Asbestos', 'No Asbestos', 0, 0, '2016-03-25'),
(282, 2, 6, 1, 14, '5', 'Please Select', 'Please Select', 0, 0, 0, 0, '', '', '', 'Please Select', '4', 'No Asbestos', 'No Asbestos', 1, 281, '2016-03-25'),
(281, 2, 6, 5, 14, '5', 'Please Select', 'Please Select', 0, 0, 0, 0, '', '', '', 'Please Select', '4', 'No Asbestos', 'No Asbestos', 1, 0, '2016-03-25'),
(279, 2, 6, 3, 14, '5', 'Please Select', 'Please Select', 0, 0, 0, 0, '', '', '', 'Please Select', 'Please Select', '', '', 0, 0, '2016-03-25'),
(280, 2, 6, 3, 14, '5', 'Please Select', 'Please Select', 0, 0, 0, 0, '', '', '', 'Please Select', 'Please Select', '', '', 0, 0, '2016-03-25'),
(278, 2, 6, 3, 14, '5', 'Please Select', 'Please Select', 0, 0, 0, 0, '', '', '', 'Please Select', 'Please Select', '', '', 0, 0, '2016-03-25'),
(277, 2, 6, 5, 46, '5', 'y', 'd', 300, 150, 100, 550, '1', 'test', '', 'v', '3', '', 'Presumed Asbestos', 3, 0, '2016-03-25'),
(275, 2, 6, 4, 62, '5', 'y', 'a', 150, 150, 150, 450, '', 'dd', '1', 'v', '1', '', 'No Asbestos', 5, 0, '2016-03-25'),
(276, 2, 6, 6, 18, '5', 'n', 'b', 150, 100, 50, 300, '', 'dsa', '1', 's', '2', '', 'Confirmed Asbestos', 5, 275, '2016-03-25'),
(274, 2, 6, 1, 81, '5', 'n', 'e', 100, 100, 100, 300, '1', 'ee', '', 'v', '73', 'Non Detected ( Chrysotile 0.4 )', '', 3, 0, '2016-03-25'),
(272, 2, 6, 3, 33, '7', 'y', 'b', 500, 100, 10, 610, '', 'test', '1', '', '79', '&lt;L.O.D ( Chrysotile 0.4 )', '&lt;L.O.D', 3, 0, '2016-03-25'),
(273, 2, 6, 1, 81, '5', 'y', 'a', 200, 150, 150, 500, '1', 'hj', '', '', '76', 'Confirmed Asbestos ( Amosite 0.6 )', 'Confirmed Asbestos', 3, 272, '2016-03-25'),
(271, 2, 6, 4, 63, '5', 'n', 'c', 233, 50, 44, 327, '1', 'testing sub', '', '', '73', 'Confirmed Asbestos', 'Confirmed Asbestos', 2, 270, '2016-03-25'),
(270, 2, 6, 2, 79, '11', 'y', 'b', 300, 200, 50, 550, '1', 'testsss', '', '', '73', 'Confirmed Asbestos', 'Confirmed Asbestos', 2, 0, '2016-03-25'),
(284, 6, 39, 2, 79, '13', 'n', 'a', 750, 0, 0, 750, '1', '', '', 's', '63', 'Chrysotile 2%', 'Confirmed Asbestos', 4, 0, '2016-03-25'),
(285, 6, 39, 1, 89, '5', 'n', 'a', 100, 0, 0, 100, '2', '', '', 'v', '54', 'None Detected', 'None Detected', 4, 0, '2016-03-25'),
(286, 6, 39, 3, 73, '5', 'y', 'c', 780, 0, 20, 800, '1', '', '', 'v', '57', 'Chrysotile 2%', 'Confirmed Asbestos', 2, 0, '2016-03-25'),
(287, 6, 39, 4, 94, '5', 'Please Select', 'Please Select', 0, 0, 0, 0, '', '', '', 'Please Select', '4', 'No Asbestos', 'No Asbestos', 1, 0, '2016-03-25'),
(288, 6, 39, 5, 94, '5', 'Please Select', 'Please Select', 0, 0, 0, 0, '', '', '', 'Please Select', '4', 'No Asbestos', 'No Asbestos', 1, 0, '2016-03-25'),
(289, 6, 39, 6, 94, '5', 'Please Select', 'Please Select', 0, 0, 0, 0, '', '', '', 'Please Select', '4', 'No Asbestos', 'No Asbestos', 1, 0, '2016-03-25'),
(290, 6, 39, 7, 94, '5', 'Please Select', 'Please Select', 0, 0, 0, 0, '', '', '', 'Please Select', '4', 'No Asbestos', 'No Asbestos', 1, 0, '2016-03-25'),
(291, 6, 39, 8, 97, '5', 'y', 'd', 3, 0, 0, 3, '3', '', '', 'v', '3', 'Presumed Asbestos', 'Presumed Asbestos', 4, 0, '2016-03-25'),
(292, 6, 39, 2, 80, '17', 'n', 'a', 50, 0, 0, 50, '', '', '1', 's', '67', 'None Detected', 'None Detected', 4, 284, '2016-03-25'),
(293, 6, 108, 2, 11, '5', 'Please Select', 'Please Select', 0, 0, 0, 0, '', '', '', 'Please Select', '4', 'No Asbestos', 'No Asbestos', 1, 0, '2016-03-26'),
(294, 6, 108, 3, 33, '23', 'n', 'c', 25, 0, 0, 25, '1', '', '', 'v', '71', 'None Detected', 'None Detected', 4, 0, '2016-03-26'),
(295, 6, 108, 1, 89, '5', 'n', 'a', 100, 0, 0, 100, '2', '', '', 'v', '54', 'None Detected', 'None Detected', 4, 0, '2016-03-26'),
(296, 6, 108, 4, 95, '5', 'Please Select', 'Please Select', 0, 0, 0, 0, '', '', '', 'Please Select', '4', 'No Asbestos', 'No Asbestos', 1, 0, '2016-03-26'),
(297, 6, 108, 5, 92, '5', 'Please Select', 'Please Select', 0, 0, 0, 0, '', '', '', 'Please Select', '4', 'No Asbestos', 'No Asbestos', 1, 0, '2016-03-26'),
(298, 6, 108, 6, 92, '5', 'Please Select', 'Please Select', 0, 0, 0, 0, '', '', '', 'Please Select', '4', 'No Asbestos', 'No Asbestos', 1, 0, '2016-03-26'),
(299, 6, 108, 7, 94, '5', 'Please Select', 'Please Select', 0, 0, 0, 0, '', '', '', 'Please Select', '4', 'No Asbestos', 'No Asbestos', 1, 0, '2016-03-26'),
(300, 6, 108, 8, 94, '5', 'Please Select', 'Please Select', 0, 0, 0, 0, '', '', '', 'Please Select', '4', 'No Asbestos', 'No Asbestos', 1, 0, '2016-03-26'),
(301, 6, 99, 2, 83, '5', 'Please Select', 'Please Select', 0, 0, 0, 0, '', '', '', 'Please Select', '4', 'No Asbestos', 'No Asbestos', 1, 0, '2016-03-26'),
(302, 6, 99, 2, 79, '12', 'n', 'a', 500, 0, 0, 500, '1', '', '', 'v', '62', 'None Detected', 'None Detected', 4, 0, '2016-03-26'),
(303, 6, 99, 3, 73, '5', 'y', 'c', 300, 0, 0, 300, '1', '', '', 'v', '57', 'Chrysotile 2%', 'Confirmed Asbestos', 4, 0, '2016-03-26'),
(304, 6, 99, 3, 89, '5', 'n', 'c', 200, 0, 0, 200, '1', '', '', 's', '54', 'None Detected', 'None Detected', 4, 0, '2016-03-26'),
(305, 6, 99, 1, 89, '5', 'n', 'a', 100, 0, 0, 100, '2', '', '', 's', '54', 'None Detected', 'None Detected', 4, 0, '2016-03-26'),
(306, 6, 99, 4, 94, '5', 'Please Select', 'Please Select', 0, 0, 0, 0, '', '', '', 'Please Select', '4', 'No Asbestos', 'No Asbestos', 1, 0, '2016-03-26'),
(307, 6, 99, 5, 92, '5', 'Please Select', 'Please Select', 0, 0, 0, 0, '', '', '', 'Please Select', '4', 'No Asbestos', 'No Asbestos', 1, 0, '2016-03-26'),
(308, 6, 99, 6, 92, '5', 'Please Select', 'Please Select', 0, 0, 0, 0, '', '', '', 'Please Select', '4', 'No Asbestos', 'No Asbestos', 1, 0, '2016-03-26'),
(309, 6, 99, 7, 94, '5', 'Please Select', 'Please Select', 0, 0, 0, 0, '', '', '', 'Please Select', '4', 'No Asbestos', 'No Asbestos', 1, 0, '2016-03-26'),
(310, 6, 99, 8, 94, '5', 'Please Select', 'Please Select', 0, 0, 0, 0, '', '', '', 'Please Select', '4', 'No Asbestos', 'No Asbestos', 1, 0, '2016-03-26'),
(311, 6, 93, 2, 79, '13', 'n', 'a', 500, 0, 0, 500, '1', '', '', 'v', '63', 'Chrysotile 2%', 'Confirmed Asbestos', 4, 0, '2016-03-26'),
(314, 6, 93, 3, 73, '5', 'y', 'c', 300, 0, 0, 300, '', '', '', 'v', '57', 'Chrysotile 2%', 'Confirmed Asbestos', 4, 0, '2016-03-26'),
(313, 6, 93, 3, 89, '5', 'n', 'c', 200, 0, 0, 200, '1', '', '', 'v', '54', 'None Detected', 'None Detected', 4, 0, '2016-03-26'),
(316, 6, 93, 1, 89, '5', 'n', 'a', 100, 0, 0, 100, '2', '', '', 'v', '54', 'None Detected', 'None Detected', 4, 0, '2016-03-26'),
(317, 6, 93, 4, 94, '5', 'Please Select', 'Please Select', 0, 0, 0, 0, '', '', '', 'Please Select', '4', 'No Asbestos', 'No Asbestos', 1, 0, '2016-03-26'),
(318, 6, 93, 5, 92, '5', 'Please Select', 'Please Select', 0, 0, 0, 0, '', '', '', 'Please Select', '4', 'No Asbestos', 'No Asbestos', 1, 0, '2016-03-26'),
(319, 6, 93, 6, 92, '5', 'Please Select', 'Please Select', 0, 0, 0, 0, '', '', '', 'Please Select', '4', 'No Asbestos', 'No Asbestos', 1, 0, '2016-03-26'),
(320, 6, 93, 7, 94, '5', 'Please Select', 'Please Select', 0, 0, 0, 0, '', '', '', 'Please Select', '4', 'No Asbestos', 'No Asbestos', 1, 0, '2016-03-26'),
(321, 6, 93, 8, 94, '5', 'Please Select', 'Please Select', 0, 0, 0, 0, '', '', '', 'Please Select', '4', 'No Asbestos', 'No Asbestos', 1, 0, '2016-03-26'),
(322, 6, 46, 2, 11, '5', 'Please Select', 'Please Select', 0, 0, 0, 0, '', '', '', 'Please Select', '4', 'No Asbestos', 'No Asbestos', 1, 0, '2016-03-26'),
(323, 6, 46, 2, 8, '5', 'Please Select', 'Please Select', 0, 0, 0, 0, '', '', '', 'Please Select', '4', 'No Asbestos', 'No Asbestos', 1, 0, '2016-03-26'),
(324, 6, 46, 3, 73, '5', 'y', 'c', 2000, 0, 0, 2000, '1', '', '', 'v', '57', 'Chrysotile 2%', 'Confirmed Asbestos', 4, 0, '2016-03-26'),
(325, 6, 46, 1, 89, '5', 'n', 'a', 100, 0, 0, 100, '2', '', '', 'v', '54', 'None Detected', 'None Detected', 4, 0, '2016-03-26'),
(327, 6, 46, 4, 94, '5', 'Please Select', 'Please Select', 0, 0, 0, 0, '', '', '', 'Please Select', '4', 'No Asbestos', 'No Asbestos', 1, 0, '2016-03-26'),
(328, 6, 46, 5, 94, '5', 'Please Select', 'Please Select', 0, 0, 0, 0, '', '', '', 'Please Select', '4', 'No Asbestos', 'No Asbestos', 1, 0, '2016-03-26'),
(329, 6, 46, 6, 94, '', 'Please Select', 'Please Select', 0, 0, 0, 0, '', '', '', 'Please Select', '4', 'No Asbestos', 'No Asbestos', 1, 0, '2016-03-26'),
(330, 6, 46, 6, 94, '5', 'Please Select', 'Please Select', 0, 0, 0, 0, '', '', '', 'Please Select', '4', 'No Asbestos', 'No Asbestos', 1, 0, '2016-03-26'),
(331, 6, 46, 7, 94, '5', 'Please Select', 'Please Select', 0, 0, 0, 0, '', '', '', 'Please Select', '4', 'No Asbestos', 'No Asbestos', 1, 0, '2016-03-26'),
(332, 6, 46, 8, 94, '5', 'Please Select', 'Please Select', 0, 0, 0, 0, '', '', '', 'Please Select', '4', 'No Asbestos', 'No Asbestos', 1, 0, '2016-03-26'),
(333, 6, 64, 2, 11, '5', 'Please Select', 'Please Select', 0, 0, 0, 0, '', '', '', 'Please Select', '4', 'No Asbestos', 'No Asbestos', 1, 0, '2016-03-26'),
(334, 6, 64, 2, 8, '5', 'Please Select', 'Please Select', 0, 0, 0, 0, '', '', '', 'Please Select', '4', 'No Asbestos', 'No Asbestos', 1, 0, '2016-03-26'),
(335, 6, 64, 3, 73, '5', 'y', 'c', 2000, 0, 0, 2000, '1', '', '', 'v', '57', 'Chrysotile 2%', 'Confirmed Asbestos', 4, 0, '2016-03-26'),
(336, 6, 64, 1, 89, '5', 'n', 'a', 100, 0, 0, 100, '2', '', '', 'v', '54', 'None Detected', 'None Detected', 4, 0, '2016-03-26'),
(337, 6, 64, 4, 94, '5', 'Please Select', 'Please Select', 0, 0, 0, 0, '', '', '', 'Please Select', '4', 'No Asbestos', 'No Asbestos', 1, 0, '2016-03-26'),
(338, 6, 64, 5, 94, '5', 'Please Select', 'Please Select', 0, 0, 0, 0, '', '', '', 'Please Select', '4', 'No Asbestos', 'No Asbestos', 1, 0, '2016-03-26'),
(339, 6, 64, 6, 94, '', 'Please Select', 'Please Select', 0, 0, 0, 0, '', '', '', 'Please Select', '4', 'No Asbestos', 'No Asbestos', 1, 0, '2016-03-26'),
(340, 6, 64, 6, 94, '5', 'Please Select', 'Please Select', 0, 0, 0, 0, '', '', '', 'Please Select', '4', 'No Asbestos', 'No Asbestos', 1, 0, '2016-03-26'),
(341, 6, 64, 7, 94, '5', 'Please Select', 'Please Select', 0, 0, 0, 0, '', '', '', 'Please Select', '4', 'No Asbestos', 'No Asbestos', 1, 0, '2016-03-26'),
(342, 6, 64, 8, 94, '5', 'Please Select', 'Please Select', 0, 0, 0, 0, '', '', '', 'Please Select', '4', 'No Asbestos', 'No Asbestos', 1, 0, '2016-03-26'),
(343, 6, 68, 2, 11, '5', 'Please Select', 'Please Select', 0, 0, 0, 0, '', '', '', 'Please Select', '4', 'No Asbestos', 'No Asbestos', 1, 0, '2016-03-26'),
(344, 6, 68, 2, 8, '5', 'Please Select', 'Please Select', 0, 0, 0, 0, '', '', '', 'Please Select', '4', 'No Asbestos', 'No Asbestos', 1, 0, '2016-03-26'),
(345, 6, 68, 3, 73, '5', 'y', 'c', 2000, 0, 0, 2000, '1', '', '', 'v', '57', 'Chrysotile 2%', 'Confirmed Asbestos', 4, 0, '2016-03-26'),
(346, 6, 68, 1, 89, '5', 'n', 'a', 100, 0, 0, 100, '2', '', '', 'v', '54', 'None Detected', 'None Detected', 4, 0, '2016-03-26'),
(347, 6, 68, 4, 94, '5', 'Please Select', 'Please Select', 0, 0, 0, 0, '', '', '', 'Please Select', '4', 'No Asbestos', 'No Asbestos', 1, 0, '2016-03-26'),
(348, 6, 68, 5, 94, '5', 'Please Select', 'Please Select', 0, 0, 0, 0, '', '', '', 'Please Select', '4', 'No Asbestos', 'No Asbestos', 1, 0, '2016-03-26'),
(349, 6, 68, 6, 94, '', 'Please Select', 'Please Select', 0, 0, 0, 0, '', '', '', 'Please Select', '4', 'No Asbestos', 'No Asbestos', 1, 0, '2016-03-26'),
(350, 6, 68, 6, 94, '5', 'Please Select', 'Please Select', 0, 0, 0, 0, '', '', '', 'Please Select', '4', 'No Asbestos', 'No Asbestos', 1, 0, '2016-03-26'),
(351, 6, 68, 7, 94, '5', 'Please Select', 'Please Select', 0, 0, 0, 0, '', '', '', 'Please Select', '4', 'No Asbestos', 'No Asbestos', 1, 0, '2016-03-26'),
(352, 6, 68, 8, 94, '5', 'Please Select', 'Please Select', 0, 0, 0, 0, '', '', '', 'Please Select', '4', 'No Asbestos', 'No Asbestos', 1, 0, '2016-03-26'),
(353, 6, 91, 2, 11, '5', 'Please Select', 'Please Select', 0, 0, 0, 0, '', '', '', 'Please Select', '4', 'No Asbestos', 'No Asbestos', 1, 0, '2016-03-26'),
(354, 6, 91, 2, 8, '5', 'Please Select', 'Please Select', 0, 0, 0, 0, '', '', '', 'Please Select', '4', 'No Asbestos', 'No Asbestos', 1, 0, '2016-03-26'),
(355, 6, 91, 3, 73, '5', 'y', 'c', 2000, 0, 0, 2000, '1', '', '', 'v', '57', 'Chrysotile 2%', 'Confirmed Asbestos', 4, 0, '2016-03-26'),
(356, 6, 91, 1, 89, '5', 'n', 'a', 100, 0, 0, 100, '2', '', '', 'v', '54', 'None Detected', 'None Detected', 4, 0, '2016-03-26'),
(357, 6, 91, 4, 94, '5', 'Please Select', 'Please Select', 0, 0, 0, 0, '', '', '', 'Please Select', '4', 'No Asbestos', 'No Asbestos', 1, 0, '2016-03-26'),
(358, 6, 91, 5, 94, '5', 'Please Select', 'Please Select', 0, 0, 0, 0, '', '', '', 'Please Select', '4', 'No Asbestos', 'No Asbestos', 1, 0, '2016-03-26'),
(359, 6, 91, 6, 94, '', 'Please Select', 'Please Select', 0, 0, 0, 0, '', '', '', 'Please Select', '4', 'No Asbestos', 'No Asbestos', 1, 0, '2016-03-26'),
(360, 6, 91, 6, 94, '5', 'Please Select', 'Please Select', 0, 0, 0, 0, '', '', '', 'Please Select', '4', 'No Asbestos', 'No Asbestos', 1, 0, '2016-03-26'),
(361, 6, 91, 7, 94, '5', 'Please Select', 'Please Select', 0, 0, 0, 0, '', '', '', 'Please Select', '4', 'No Asbestos', 'No Asbestos', 1, 0, '2016-03-26'),
(362, 6, 91, 8, 94, '5', 'Please Select', 'Please Select', 0, 0, 0, 0, '', '', '', 'Please Select', '4', 'No Asbestos', 'No Asbestos', 1, 0, '2016-03-26'),
(363, 6, 53, 2, 11, '5', 'Please Select', 'Please Select', 0, 0, 0, 0, '', '', '', 'Please Select', '4', 'No Asbestos', 'No Asbestos', 1, 0, '2016-03-26'),
(364, 6, 53, 2, 8, '5', 'Please Select', 'Please Select', 0, 0, 0, 0, '', '', '', 'Please Select', '4', 'No Asbestos', 'No Asbestos', 1, 0, '2016-03-26'),
(365, 6, 53, 3, 73, '5', 'y', 'c', 2000, 0, 0, 2000, '1', '', '', 'v', '57', 'Chrysotile 2%', 'Confirmed Asbestos', 4, 0, '2016-03-26'),
(366, 6, 53, 1, 89, '5', 'n', 'a', 100, 0, 0, 100, '2', '', '', 'v', '54', 'None Detected', 'None Detected', 4, 0, '2016-03-26'),
(367, 6, 53, 4, 94, '5', 'Please Select', 'Please Select', 0, 0, 0, 0, '', '', '', 'Please Select', '4', 'No Asbestos', 'No Asbestos', 1, 0, '2016-03-26'),
(368, 6, 53, 5, 94, '5', 'Please Select', 'Please Select', 0, 0, 0, 0, '', '', '', 'Please Select', '4', 'No Asbestos', 'No Asbestos', 1, 0, '2016-03-26'),
(369, 6, 53, 6, 94, '', 'Please Select', 'Please Select', 0, 0, 0, 0, '', '', '', 'Please Select', '4', 'No Asbestos', 'No Asbestos', 1, 0, '2016-03-26'),
(370, 6, 53, 6, 94, '5', 'Please Select', 'Please Select', 0, 0, 0, 0, '', '', '', 'Please Select', '4', 'No Asbestos', 'No Asbestos', 1, 0, '2016-03-26'),
(371, 6, 53, 7, 94, '5', 'Please Select', 'Please Select', 0, 0, 0, 0, '', '', '', 'Please Select', '4', 'No Asbestos', 'No Asbestos', 1, 0, '2016-03-26'),
(372, 6, 53, 8, 94, '5', 'Please Select', 'Please Select', 0, 0, 0, 0, '', '', '', 'Please Select', '4', 'No Asbestos', 'No Asbestos', 1, 0, '2016-03-26'),
(373, 6, 57, 2, 11, '5', 'Please Select', 'Please Select', 0, 0, 0, 0, '', '', '', 'Please Select', '4', 'No Asbestos', 'No Asbestos', 1, 0, '2016-03-26'),
(374, 6, 57, 2, 8, '5', 'Please Select', 'Please Select', 0, 0, 0, 0, '', '', '', 'Please Select', '4', 'No Asbestos', 'No Asbestos', 1, 0, '2016-03-26'),
(375, 6, 57, 3, 73, '5', 'y', 'c', 2000, 0, 0, 2000, '1', '', '', 'v', '57', 'Chrysotile 2%', 'Confirmed Asbestos', 4, 0, '2016-03-26'),
(376, 6, 57, 1, 89, '5', 'n', 'a', 100, 0, 0, 100, '2', '', '', 'v', '54', 'None Detected', 'None Detected', 4, 0, '2016-03-26'),
(377, 6, 57, 4, 94, '5', 'Please Select', 'Please Select', 0, 0, 0, 0, '', '', '', 'Please Select', '4', 'No Asbestos', 'No Asbestos', 1, 0, '2016-03-26'),
(378, 6, 57, 5, 94, '5', 'Please Select', 'Please Select', 0, 0, 0, 0, '', '', '', 'Please Select', '4', 'No Asbestos', 'No Asbestos', 1, 0, '2016-03-26'),
(379, 6, 57, 6, 94, '', 'Please Select', 'Please Select', 0, 0, 0, 0, '', '', '', 'Please Select', '4', 'No Asbestos', 'No Asbestos', 1, 0, '2016-03-26'),
(380, 6, 57, 6, 94, '5', 'Please Select', 'Please Select', 0, 0, 0, 0, '', '', '', 'Please Select', '4', 'No Asbestos', 'No Asbestos', 1, 0, '2016-03-26'),
(381, 6, 57, 7, 94, '5', 'Please Select', 'Please Select', 0, 0, 0, 0, '', '', '', 'Please Select', '4', 'No Asbestos', 'No Asbestos', 1, 0, '2016-03-26'),
(382, 6, 57, 8, 94, '5', 'Please Select', 'Please Select', 0, 0, 0, 0, '', '', '', 'Please Select', '4', 'No Asbestos', 'No Asbestos', 1, 0, '2016-03-26'),
(383, 6, 61, 2, 11, '5', 'Please Select', 'Please Select', 0, 0, 0, 0, '', '', '', 'Please Select', '4', 'No Asbestos', 'No Asbestos', 1, 0, '2016-03-26'),
(384, 6, 61, 2, 8, '5', 'Please Select', 'Please Select', 0, 0, 0, 0, '', '', '', 'Please Select', '4', 'No Asbestos', 'No Asbestos', 1, 0, '2016-03-26'),
(385, 6, 61, 3, 73, '5', 'y', 'c', 2000, 0, 0, 2000, '1', '', '', 'v', '57', 'Chrysotile 2%', 'Confirmed Asbestos', 4, 0, '2016-03-26'),
(386, 6, 61, 1, 89, '5', 'n', 'a', 100, 0, 0, 100, '2', '', '', 'v', '54', 'None Detected', 'None Detected', 4, 0, '2016-03-26'),
(387, 6, 61, 4, 94, '5', 'Please Select', 'Please Select', 0, 0, 0, 0, '', '', '', 'Please Select', '4', 'No Asbestos', 'No Asbestos', 1, 0, '2016-03-26'),
(388, 6, 61, 5, 94, '5', 'Please Select', 'Please Select', 0, 0, 0, 0, '', '', '', 'Please Select', '4', 'No Asbestos', 'No Asbestos', 1, 0, '2016-03-26'),
(389, 6, 61, 6, 94, '', 'Please Select', 'Please Select', 0, 0, 0, 0, '', '', '', 'Please Select', '4', 'No Asbestos', 'No Asbestos', 1, 0, '2016-03-26'),
(390, 6, 61, 6, 94, '5', 'Please Select', 'Please Select', 0, 0, 0, 0, '', '', '', 'Please Select', '4', 'No Asbestos', 'No Asbestos', 1, 0, '2016-03-26'),
(391, 6, 61, 7, 94, '5', 'Please Select', 'Please Select', 0, 0, 0, 0, '', '', '', 'Please Select', '4', 'No Asbestos', 'No Asbestos', 1, 0, '2016-03-26'),
(392, 6, 61, 8, 94, '5', 'Please Select', 'Please Select', 0, 0, 0, 0, '', '', '', 'Please Select', '4', 'No Asbestos', 'No Asbestos', 1, 0, '2016-03-26'),
(393, 6, 62, 2, 11, '5', 'Please Select', 'Please Select', 0, 0, 0, 0, '', '', '', 'Please Select', '4', 'No Asbestos', 'No Asbestos', 1, 0, '2016-03-26'),
(394, 6, 62, 2, 8, '5', 'Please Select', 'Please Select', 0, 0, 0, 0, '', '', '', 'Please Select', '4', 'No Asbestos', 'No Asbestos', 1, 0, '2016-03-26');
INSERT INTO `room_by_room` (`r_id`, `building_ID`, `location_ID`, `system_ID`, `material_ID`, `material_identi`, `friability`, `access`, `good`, `fair`, `poor`, `total`, `units`, `debris`, `unit`, `sample_rst`, `s_number`, `rst`, `r_hazard`, `action`, `parent`, `date_added`) VALUES
(395, 6, 62, 3, 73, '5', 'y', 'c', 2000, 0, 0, 2000, '1', '', '', 'v', '57', 'Chrysotile 2%', 'Confirmed Asbestos', 4, 0, '2016-03-26'),
(396, 6, 62, 1, 89, '5', 'n', 'a', 100, 0, 0, 100, '2', '', '', 'v', '54', 'None Detected', 'None Detected', 4, 0, '2016-03-26'),
(397, 6, 62, 4, 94, '5', 'Please Select', 'Please Select', 0, 0, 0, 0, '', '', '', 'Please Select', '4', 'No Asbestos', 'No Asbestos', 1, 0, '2016-03-26'),
(398, 6, 62, 5, 94, '5', 'Please Select', 'Please Select', 0, 0, 0, 0, '', '', '', 'Please Select', '4', 'No Asbestos', 'No Asbestos', 1, 0, '2016-03-26'),
(399, 6, 62, 6, 94, '', 'Please Select', 'Please Select', 0, 0, 0, 0, '', '', '', 'Please Select', '4', 'No Asbestos', 'No Asbestos', 1, 0, '2016-03-26'),
(400, 6, 62, 6, 94, '5', 'Please Select', 'Please Select', 0, 0, 0, 0, '', '', '', 'Please Select', '4', 'No Asbestos', 'No Asbestos', 1, 0, '2016-03-26'),
(401, 6, 62, 7, 94, '5', 'Please Select', 'Please Select', 0, 0, 0, 0, '', '', '', 'Please Select', '4', 'No Asbestos', 'No Asbestos', 1, 0, '2016-03-26'),
(402, 6, 62, 8, 94, '5', 'Please Select', 'Please Select', 0, 0, 0, 0, '', '', '', 'Please Select', '4', 'No Asbestos', 'No Asbestos', 1, 0, '2016-03-26'),
(403, 6, 71, 2, 11, '5', 'Please Select', 'Please Select', 0, 0, 0, 0, '', '', '', 'Please Select', '4', 'No Asbestos', 'No Asbestos', 1, 0, '2016-03-26'),
(404, 6, 71, 2, 8, '5', 'Please Select', 'Please Select', 0, 0, 0, 0, '', '', '', 'Please Select', '4', 'No Asbestos', 'No Asbestos', 1, 0, '2016-03-26'),
(405, 6, 71, 3, 73, '5', 'y', 'c', 2000, 0, 0, 2000, '1', '', '', 's', '57', 'Chrysotile 2%', 'Confirmed Asbestos', 4, 0, '2016-03-26'),
(406, 6, 71, 1, 89, '5', 'n', 'a', 100, 0, 0, 100, '2', '', '', 'v', '54', 'None Detected', 'None Detected', 4, 0, '2016-03-26'),
(407, 6, 71, 4, 94, '5', 'Please Select', 'Please Select', 0, 0, 0, 0, '', '', '', 'Please Select', '4', 'No Asbestos', 'No Asbestos', 1, 0, '2016-03-26'),
(408, 6, 71, 5, 94, '5', 'Please Select', 'Please Select', 0, 0, 0, 0, '', '', '', 'Please Select', '4', 'No Asbestos', 'No Asbestos', 1, 0, '2016-03-26'),
(409, 6, 71, 6, 94, '', 'Please Select', 'Please Select', 0, 0, 0, 0, '', '', '', 'Please Select', '4', 'No Asbestos', 'No Asbestos', 1, 0, '2016-03-26'),
(410, 6, 71, 6, 94, '5', 'Please Select', 'Please Select', 0, 0, 0, 0, '', '', '', 'Please Select', '4', 'No Asbestos', 'No Asbestos', 1, 0, '2016-03-26'),
(411, 6, 71, 7, 94, '5', 'Please Select', 'Please Select', 0, 0, 0, 0, '', '', '', 'Please Select', '4', 'No Asbestos', 'No Asbestos', 1, 0, '2016-03-26'),
(412, 6, 71, 8, 94, '5', 'Please Select', 'Please Select', 0, 0, 0, 0, '', '', '', 'Please Select', '4', 'No Asbestos', 'No Asbestos', 1, 0, '2016-03-26'),
(413, 6, 74, 2, 11, '5', 'Please Select', 'Please Select', 0, 0, 0, 0, '', '', '', 'Please Select', '4', 'No Asbestos', 'No Asbestos', 1, 0, '2016-03-26'),
(414, 6, 74, 2, 8, '5', 'Please Select', 'Please Select', 0, 0, 0, 0, '', '', '', 'Please Select', '4', 'No Asbestos', 'No Asbestos', 1, 0, '2016-03-26'),
(415, 6, 74, 3, 73, '5', 'y', 'c', 2000, 0, 0, 2000, '1', '', '', 's', '57', 'Chrysotile 2%', 'Confirmed Asbestos', 4, 0, '2016-03-26'),
(416, 6, 74, 1, 89, '5', 'n', 'a', 100, 0, 0, 100, '2', '', '', 'v', '54', 'None Detected', 'None Detected', 4, 0, '2016-03-26'),
(417, 6, 74, 4, 94, '5', 'Please Select', 'Please Select', 0, 0, 0, 0, '', '', '', 'Please Select', '4', 'No Asbestos', 'No Asbestos', 1, 0, '2016-03-26'),
(418, 6, 74, 5, 94, '5', 'Please Select', 'Please Select', 0, 0, 0, 0, '', '', '', 'Please Select', '4', 'No Asbestos', 'No Asbestos', 1, 0, '2016-03-26'),
(419, 6, 74, 6, 94, '', 'Please Select', 'Please Select', 0, 0, 0, 0, '', '', '', 'Please Select', '4', 'No Asbestos', 'No Asbestos', 1, 0, '2016-03-26'),
(420, 6, 74, 6, 94, '5', 'Please Select', 'Please Select', 0, 0, 0, 0, '', '', '', 'Please Select', '4', 'No Asbestos', 'No Asbestos', 1, 0, '2016-03-26'),
(421, 6, 74, 7, 94, '5', 'Please Select', 'Please Select', 0, 0, 0, 0, '', '', '', 'Please Select', '4', 'No Asbestos', 'No Asbestos', 1, 0, '2016-03-26'),
(422, 6, 74, 8, 94, '5', 'Please Select', 'Please Select', 0, 0, 0, 0, '', '', '', 'Please Select', '4', 'No Asbestos', 'No Asbestos', 1, 0, '2016-03-26'),
(423, 6, 76, 2, 11, '5', 'Please Select', 'Please Select', 0, 0, 0, 0, '', '', '', 'Please Select', '4', 'No Asbestos', 'No Asbestos', 1, 0, '2016-03-26'),
(424, 6, 76, 2, 8, '5', 'Please Select', 'Please Select', 0, 0, 0, 0, '', '', '', 'Please Select', '4', 'No Asbestos', 'No Asbestos', 1, 0, '2016-03-26'),
(425, 6, 76, 3, 73, '5', 'y', 'c', 2000, 0, 0, 2000, '1', '', '', 's', '57', 'Chrysotile 2%', 'Confirmed Asbestos', 4, 0, '2016-03-26'),
(426, 6, 76, 1, 89, '5', 'n', 'a', 100, 0, 0, 100, '2', '', '', 'v', '54', 'None Detected', 'None Detected', 4, 0, '2016-03-26'),
(427, 6, 76, 4, 94, '5', 'Please Select', 'Please Select', 0, 0, 0, 0, '', '', '', 'Please Select', '4', 'No Asbestos', 'No Asbestos', 1, 0, '2016-03-26'),
(428, 6, 76, 5, 94, '5', 'Please Select', 'Please Select', 0, 0, 0, 0, '', '', '', 'Please Select', '4', 'No Asbestos', 'No Asbestos', 1, 0, '2016-03-26'),
(429, 6, 76, 6, 94, '', 'Please Select', 'Please Select', 0, 0, 0, 0, '', '', '', 'Please Select', '4', 'No Asbestos', 'No Asbestos', 1, 0, '2016-03-26'),
(430, 6, 76, 6, 94, '5', 'Please Select', 'Please Select', 0, 0, 0, 0, '', '', '', 'Please Select', '4', 'No Asbestos', 'No Asbestos', 1, 0, '2016-03-26'),
(431, 6, 76, 7, 94, '5', 'Please Select', 'Please Select', 0, 0, 0, 0, '', '', '', 'Please Select', '4', 'No Asbestos', 'No Asbestos', 1, 0, '2016-03-26'),
(432, 6, 76, 8, 94, '5', 'Please Select', 'Please Select', 0, 0, 0, 0, '', '', '', 'Please Select', '4', 'No Asbestos', 'No Asbestos', 1, 0, '2016-03-26'),
(433, 6, 78, 2, 11, '5', 'Please Select', 'Please Select', 0, 0, 0, 0, '', '', '', 'Please Select', '4', 'No Asbestos', 'No Asbestos', 1, 0, '2016-03-26'),
(434, 6, 78, 2, 8, '5', 'Please Select', 'Please Select', 0, 0, 0, 0, '', '', '', 'Please Select', '4', 'No Asbestos', 'No Asbestos', 1, 0, '2016-03-26'),
(435, 6, 78, 3, 73, '5', 'y', 'c', 2000, 0, 0, 2000, '1', '', '', 'v', '57', 'Chrysotile 2%', 'Confirmed Asbestos', 4, 0, '2016-03-26'),
(436, 6, 78, 1, 89, '5', 'n', 'a', 100, 0, 0, 100, '2', '', '', 's', '54', 'None Detected', 'None Detected', 4, 0, '2016-03-26'),
(437, 6, 78, 4, 94, '5', 'Please Select', 'Please Select', 0, 0, 0, 0, '', '', '', 'Please Select', '4', 'No Asbestos', 'No Asbestos', 1, 0, '2016-03-26'),
(438, 6, 78, 5, 94, '5', 'Please Select', 'Please Select', 0, 0, 0, 0, '', '', '', 'Please Select', '4', 'No Asbestos', 'No Asbestos', 1, 0, '2016-03-26'),
(439, 6, 78, 6, 94, '', 'Please Select', 'Please Select', 0, 0, 0, 0, '', '', '', 'Please Select', '4', 'No Asbestos', 'No Asbestos', 1, 0, '2016-03-26'),
(440, 6, 78, 6, 94, '5', 'Please Select', 'Please Select', 0, 0, 0, 0, '', '', '', 'Please Select', '4', 'No Asbestos', 'No Asbestos', 1, 0, '2016-03-26'),
(441, 6, 78, 7, 94, '5', 'Please Select', 'Please Select', 0, 0, 0, 0, '', '', '', 'Please Select', '4', 'No Asbestos', 'No Asbestos', 1, 0, '2016-03-26'),
(442, 6, 78, 8, 94, '5', 'Please Select', 'Please Select', 0, 0, 0, 0, '', '', '', 'Please Select', '4', 'No Asbestos', 'No Asbestos', 1, 0, '2016-03-26'),
(443, 6, 80, 2, 11, '5', 'Please Select', 'Please Select', 0, 0, 0, 0, '', '', '', 'Please Select', '4', 'No Asbestos', 'No Asbestos', 1, 0, '2016-03-26'),
(444, 6, 80, 2, 8, '5', 'Please Select', 'Please Select', 0, 0, 0, 0, '', '', '', 'Please Select', '4', 'No Asbestos', 'No Asbestos', 1, 0, '2016-03-26'),
(445, 6, 80, 3, 73, '5', 'y', 'c', 2000, 0, 0, 2000, '1', '', '', 's', '57', 'Chrysotile 2%', 'Confirmed Asbestos', 4, 0, '2016-03-26'),
(446, 6, 80, 1, 89, '5', 'n', 'a', 100, 0, 0, 100, '2', '', '', 'v', '54', 'None Detected', 'None Detected', 4, 0, '2016-03-26'),
(447, 6, 80, 4, 94, '5', 'Please Select', 'Please Select', 0, 0, 0, 0, '', '', '', 'Please Select', '4', 'No Asbestos', 'No Asbestos', 1, 0, '2016-03-26'),
(448, 6, 80, 5, 94, '5', 'Please Select', 'Please Select', 0, 0, 0, 0, '', '', '', 'Please Select', '4', 'No Asbestos', 'No Asbestos', 1, 0, '2016-03-26'),
(449, 6, 80, 6, 94, '', 'Please Select', 'Please Select', 0, 0, 0, 0, '', '', '', 'Please Select', '4', 'No Asbestos', 'No Asbestos', 1, 0, '2016-03-26'),
(450, 6, 80, 6, 94, '5', 'Please Select', 'Please Select', 0, 0, 0, 0, '', '', '', 'Please Select', '4', 'No Asbestos', 'No Asbestos', 1, 0, '2016-03-26'),
(451, 6, 80, 7, 94, '5', 'Please Select', 'Please Select', 0, 0, 0, 0, '', '', '', 'Please Select', '4', 'No Asbestos', 'No Asbestos', 1, 0, '2016-03-26'),
(452, 6, 80, 8, 94, '5', 'Please Select', 'Please Select', 0, 0, 0, 0, '', '', '', 'Please Select', '4', 'No Asbestos', 'No Asbestos', 1, 0, '2016-03-26'),
(453, 6, 82, 2, 11, '5', 'Please Select', 'Please Select', 0, 0, 0, 0, '', '', '', 'Please Select', '4', 'No Asbestos', 'No Asbestos', 1, 0, '2016-03-26'),
(454, 6, 82, 2, 8, '5', 'Please Select', 'Please Select', 0, 0, 0, 0, '', '', '', 'Please Select', '4', 'No Asbestos', 'No Asbestos', 1, 0, '2016-03-26'),
(455, 6, 82, 3, 73, '5', 'y', 'c', 2000, 0, 0, 2000, '1', '', '', 'v', '57', 'Chrysotile 2%', 'Confirmed Asbestos', 4, 0, '2016-03-26'),
(456, 6, 82, 1, 89, '5', 'n', 'a', 100, 0, 0, 100, '2', '', '', 'v', '54', 'None Detected', 'None Detected', 4, 0, '2016-03-26'),
(457, 6, 82, 4, 94, '5', 'Please Select', 'Please Select', 0, 0, 0, 0, '', '', '', 'Please Select', '4', 'No Asbestos', 'No Asbestos', 1, 0, '2016-03-26'),
(458, 6, 82, 5, 94, '5', 'Please Select', 'Please Select', 0, 0, 0, 0, '', '', '', 'Please Select', '4', 'No Asbestos', 'No Asbestos', 1, 0, '2016-03-26'),
(459, 6, 82, 6, 94, '', 'Please Select', 'Please Select', 0, 0, 0, 0, '', '', '', 'Please Select', '4', 'No Asbestos', 'No Asbestos', 1, 0, '2016-03-26'),
(460, 6, 82, 6, 94, '5', 'Please Select', 'Please Select', 0, 0, 0, 0, '', '', '', 'Please Select', '4', 'No Asbestos', 'No Asbestos', 1, 0, '2016-03-26'),
(461, 6, 82, 7, 94, '5', 'Please Select', 'Please Select', 0, 0, 0, 0, '', '', '', 'Please Select', '4', 'No Asbestos', 'No Asbestos', 1, 0, '2016-03-26'),
(462, 6, 82, 8, 94, '5', 'Please Select', 'Please Select', 0, 0, 0, 0, '', '', '', 'Please Select', '4', 'No Asbestos', 'No Asbestos', 1, 0, '2016-03-26'),
(463, 6, 84, 2, 11, '5', 'Please Select', 'Please Select', 0, 0, 0, 0, '', '', '', 'Please Select', '4', 'No Asbestos', 'No Asbestos', 1, 0, '2016-03-26'),
(464, 6, 84, 2, 8, '5', 'Please Select', 'Please Select', 0, 0, 0, 0, '', '', '', 'Please Select', '4', 'No Asbestos', 'No Asbestos', 1, 0, '2016-03-26'),
(465, 6, 84, 3, 73, '5', 'y', 'c', 2000, 0, 0, 2000, '1', '', '', 's', '57', 'Chrysotile 2%', 'Confirmed Asbestos', 4, 0, '2016-03-26'),
(466, 6, 84, 1, 89, '5', 'n', 'a', 100, 0, 0, 100, '2', '', '', 's', '54', 'None Detected', 'None Detected', 4, 0, '2016-03-26'),
(467, 6, 84, 4, 94, '5', 'Please Select', 'Please Select', 0, 0, 0, 0, '', '', '', 'Please Select', '4', 'No Asbestos', 'No Asbestos', 1, 0, '2016-03-26'),
(468, 6, 84, 5, 94, '5', 'Please Select', 'Please Select', 0, 0, 0, 0, '', '', '', 'Please Select', '4', 'No Asbestos', 'No Asbestos', 1, 0, '2016-03-26'),
(469, 6, 84, 6, 94, '', 'Please Select', 'Please Select', 0, 0, 0, 0, '', '', '', 'Please Select', '4', 'No Asbestos', 'No Asbestos', 1, 0, '2016-03-26'),
(470, 6, 84, 6, 94, '5', 'Please Select', 'Please Select', 0, 0, 0, 0, '', '', '', 'Please Select', '4', 'No Asbestos', 'No Asbestos', 1, 0, '2016-03-26'),
(471, 6, 84, 7, 94, '5', 'Please Select', 'Please Select', 0, 0, 0, 0, '', '', '', 'Please Select', '4', 'No Asbestos', 'No Asbestos', 1, 0, '2016-03-26'),
(472, 6, 84, 8, 94, '5', 'Please Select', 'Please Select', 0, 0, 0, 0, '', '', '', 'Please Select', '4', 'No Asbestos', 'No Asbestos', 1, 0, '2016-03-26'),
(473, 6, 86, 2, 11, '5', 'Please Select', 'Please Select', 0, 0, 0, 0, '', '', '', 'Please Select', '4', 'No Asbestos', 'No Asbestos', 1, 0, '2016-03-26'),
(474, 6, 86, 2, 8, '5', 'Please Select', 'Please Select', 0, 0, 0, 0, '', '', '', 'Please Select', '4', 'No Asbestos', 'No Asbestos', 1, 0, '2016-03-26'),
(475, 6, 86, 3, 73, '5', 'y', 'c', 2000, 0, 0, 2000, '1', '', '', 'v', '57', 'Chrysotile 2%', 'Confirmed Asbestos', 4, 0, '2016-03-26'),
(476, 6, 86, 1, 89, '5', 'n', 'a', 100, 0, 0, 100, '2', '', '', 'v', '54', 'None Detected', 'None Detected', 4, 0, '2016-03-26'),
(477, 6, 86, 4, 94, '5', 'Please Select', 'Please Select', 0, 0, 0, 0, '', '', '', 'Please Select', '4', 'No Asbestos', 'No Asbestos', 1, 0, '2016-03-26'),
(478, 6, 86, 5, 94, '5', 'Please Select', 'Please Select', 0, 0, 0, 0, '', '', '', 'Please Select', '4', 'No Asbestos', 'No Asbestos', 1, 0, '2016-03-26'),
(479, 6, 86, 6, 94, '', 'Please Select', 'Please Select', 0, 0, 0, 0, '', '', '', 'Please Select', '4', 'No Asbestos', 'No Asbestos', 1, 0, '2016-03-26'),
(480, 6, 86, 6, 94, '5', 'Please Select', 'Please Select', 0, 0, 0, 0, '', '', '', 'Please Select', '4', 'No Asbestos', 'No Asbestos', 1, 0, '2016-03-26'),
(481, 6, 86, 7, 94, '5', 'Please Select', 'Please Select', 0, 0, 0, 0, '', '', '', 'Please Select', '4', 'No Asbestos', 'No Asbestos', 1, 0, '2016-03-26'),
(482, 6, 86, 8, 94, '5', 'Please Select', 'Please Select', 0, 0, 0, 0, '', '', '', 'Please Select', '4', 'No Asbestos', 'No Asbestos', 1, 0, '2016-03-26'),
(483, 6, 88, 2, 11, '5', 'Please Select', 'Please Select', 0, 0, 0, 0, '', '', '', 'Please Select', '4', 'No Asbestos', 'No Asbestos', 1, 0, '2016-03-26'),
(484, 6, 88, 2, 8, '5', 'Please Select', 'Please Select', 0, 0, 0, 0, '', '', '', 'Please Select', '4', 'No Asbestos', 'No Asbestos', 1, 0, '2016-03-26'),
(485, 6, 88, 3, 73, '5', 'y', 'c', 2000, 0, 0, 2000, '1', '', '', 'v', '57', 'Chrysotile 2%', 'Confirmed Asbestos', 4, 0, '2016-03-26'),
(486, 6, 88, 1, 89, '5', 'n', 'a', 100, 0, 0, 100, '2', '', '', 'v', '54', 'None Detected', 'None Detected', 4, 0, '2016-03-26'),
(487, 6, 88, 4, 94, '5', 'Please Select', 'Please Select', 0, 0, 0, 0, '', '', '', 'Please Select', '4', 'No Asbestos', 'No Asbestos', 1, 0, '2016-03-26'),
(488, 6, 88, 5, 94, '5', 'Please Select', 'Please Select', 0, 0, 0, 0, '', '', '', 'Please Select', '4', 'No Asbestos', 'No Asbestos', 1, 0, '2016-03-26'),
(489, 6, 88, 6, 94, '', 'Please Select', 'Please Select', 0, 0, 0, 0, '', '', '', 'Please Select', '4', 'No Asbestos', 'No Asbestos', 1, 0, '2016-03-26'),
(490, 6, 88, 6, 94, '5', 'Please Select', 'Please Select', 0, 0, 0, 0, '', '', '', 'Please Select', '4', 'No Asbestos', 'No Asbestos', 1, 0, '2016-03-26'),
(491, 6, 88, 7, 94, '5', 'Please Select', 'Please Select', 0, 0, 0, 0, '', '', '', 'Please Select', '4', 'No Asbestos', 'No Asbestos', 1, 0, '2016-03-26'),
(492, 6, 88, 8, 94, '5', 'Please Select', 'Please Select', 0, 0, 0, 0, '', '', '', 'Please Select', '4', 'No Asbestos', 'No Asbestos', 1, 0, '2016-03-26'),
(493, 6, 66, 2, 11, '5', 'Please Select', 'Please Select', 0, 0, 0, 0, '', '', '', 'Please Select', '4', 'No Asbestos', 'No Asbestos', 1, 0, '2016-03-26'),
(494, 6, 66, 2, 8, '5', 'Please Select', 'Please Select', 0, 0, 0, 0, '', '', '', 'Please Select', '4', 'No Asbestos', 'No Asbestos', 1, 0, '2016-03-26'),
(495, 6, 66, 3, 33, '20', 'n', 'c', 700, 0, 0, 700, '1', '', '', 's', '68', 'None Detected', 'None Detected', 4, 0, '2016-03-26'),
(496, 6, 66, 3, 33, '21', 'n', 'c', 700, 0, 0, 700, '1', '', '', 's', '69', 'Amosite 2%', 'Confirmed Asbestos', 4, 0, '2016-03-26'),
(497, 6, 66, 3, 33, '22', 'n', 'c', 600, 0, 0, 600, '1', '', '', 's', '70', 'None Detected', 'None Detected', 4, 0, '2016-03-26'),
(498, 6, 66, 1, 89, '5', 'n', 'a', 100, 0, 0, 100, '2', '', '', 'v', '54', 'None Detected', 'None Detected', 4, 0, '2016-03-26'),
(499, 6, 66, 4, 95, '5', 'Please Select', 'Please Select', 0, 0, 0, 0, '', '', '', 'Please Select', '4', 'No Asbestos', 'No Asbestos', 1, 0, '2016-03-26'),
(500, 6, 66, 5, 93, '5', 'Please Select', 'Please Select', 0, 0, 0, 0, '', '', '', 'Please Select', '4', 'No Asbestos', 'No Asbestos', 1, 0, '2016-03-26'),
(501, 6, 66, 5, 92, '5', 'Please Select', 'Please Select', 0, 0, 0, 0, '', '', '', 'Please Select', '4', 'No Asbestos', 'No Asbestos', 1, 0, '2016-03-26'),
(502, 6, 66, 6, 92, '5', 'Please Select', 'Please Select', 0, 0, 0, 0, '', '', '', 'Please Select', '4', 'No Asbestos', 'No Asbestos', 1, 0, '2016-03-26'),
(503, 6, 66, 7, 94, '5', 'Please Select', 'Please Select', 0, 0, 0, 0, '', '', '', 'Please Select', '4', 'No Asbestos', 'No Asbestos', 1, 0, '2016-03-26'),
(504, 6, 66, 8, 94, '5', 'Please Select', 'Please Select', 0, 0, 0, 0, '', '', '', 'Please Select', '4', 'No Asbestos', 'No Asbestos', 1, 0, '2016-03-26'),
(505, 6, 95, 2, 11, '5', 'Please Select', 'Please Select', 0, 0, 0, 0, '', '', '', 'Please Select', '4', 'No Asbestos', 'No Asbestos', 1, 0, '2016-03-26'),
(506, 6, 95, 2, 8, '5', 'Please Select', 'Please Select', 0, 0, 0, 0, '', '', '', 'Please Select', '4', 'No Asbestos', 'No Asbestos', 1, 0, '2016-03-26'),
(507, 6, 95, 3, 33, '20', 'n', 'c', 700, 0, 0, 700, '1', '', '', 's', '68', 'None Detected', 'None Detected', 4, 0, '2016-03-26'),
(508, 6, 95, 3, 33, '21', 'n', 'c', 700, 0, 0, 700, '1', '', '', 's', '69', 'Amosite 2%', 'Confirmed Asbestos', 4, 0, '2016-03-26'),
(509, 6, 95, 3, 33, '22', 'n', 'c', 600, 0, 0, 600, '1', '', '', 's', '70', 'None Detected', 'None Detected', 4, 0, '2016-03-26'),
(510, 6, 95, 1, 89, '5', 'n', 'a', 100, 0, 0, 100, '2', '', '', 'v', '54', 'None Detected', 'None Detected', 4, 0, '2016-03-26'),
(511, 6, 95, 4, 95, '5', 'Please Select', 'Please Select', 0, 0, 0, 0, '', '', '', 'Please Select', '4', 'No Asbestos', 'No Asbestos', 1, 0, '2016-03-26'),
(512, 6, 95, 5, 93, '5', 'Please Select', 'Please Select', 0, 0, 0, 0, '', '', '', 'Please Select', '4', 'No Asbestos', 'No Asbestos', 1, 0, '2016-03-26'),
(513, 6, 95, 5, 92, '5', 'Please Select', 'Please Select', 0, 0, 0, 0, '', '', '', 'Please Select', '4', 'No Asbestos', 'No Asbestos', 1, 0, '2016-03-26'),
(514, 6, 95, 6, 92, '5', 'Please Select', 'Please Select', 0, 0, 0, 0, '', '', '', 'Please Select', '4', 'No Asbestos', 'No Asbestos', 1, 0, '2016-03-26'),
(515, 6, 95, 7, 94, '5', 'Please Select', 'Please Select', 0, 0, 0, 0, '', '', '', 'Please Select', '4', 'No Asbestos', 'No Asbestos', 1, 0, '2016-03-26'),
(516, 6, 95, 8, 94, '5', 'Please Select', 'Please Select', 0, 0, 0, 0, '', '', '', 'Please Select', '4', 'No Asbestos', 'No Asbestos', 1, 0, '2016-03-26'),
(517, 6, 8, 2, 95, '5', 'Please Select', 'Please Select', 0, 0, 0, 0, '', '', '', 'Please Select', '4', 'No Asbestos', 'No Asbestos', 1, 0, '2016-03-26'),
(518, 6, 8, 3, 94, '5', 'Please Select', 'Please Select', 0, 0, 0, 0, '', '', '', 'Please Select', '4', 'No Asbestos', 'No Asbestos', 1, 0, '2016-03-26'),
(519, 6, 8, 1, 95, '5', 'Please Select', 'Please Select', 0, 0, 0, 0, '', '', '', 'Please Select', '4', 'No Asbestos', 'No Asbestos', 1, 0, '2016-03-26'),
(520, 6, 8, 4, 95, '5', 'Please Select', 'Please Select', 0, 0, 0, 0, '', '', '', 'Please Select', '4', 'No Asbestos', 'No Asbestos', 1, 0, '2016-03-26'),
(521, 6, 8, 5, 92, '5', 'Please Select', 'Please Select', 0, 0, 0, 0, '', '', '', 'Please Select', '4', 'No Asbestos', 'No Asbestos', 1, 0, '2016-03-26'),
(522, 6, 8, 5, 93, '5', 'Please Select', 'Please Select', 0, 0, 0, 0, '', '', '', 'Please Select', '4', 'No Asbestos', 'No Asbestos', 1, 0, '2016-03-26'),
(523, 6, 8, 5, 56, '5', 'Please Select', 'Please Select', 0, 0, 0, 0, '', '', '', 'Please Select', '4', 'No Asbestos', 'No Asbestos', 1, 0, '2016-03-26'),
(524, 6, 8, 6, 92, '5', 'Please Select', 'Please Select', 0, 0, 0, 0, '', '', '', 'Please Select', '4', 'No Asbestos', 'No Asbestos', 1, 0, '2016-03-26'),
(525, 6, 8, 7, 92, '5', 'Please Select', 'Please Select', 0, 0, 0, 0, '', '', '', 'Please Select', '4', 'No Asbestos', 'No Asbestos', 1, 0, '2016-03-26'),
(526, 6, 8, 8, 94, '5', 'Please Select', 'Please Select', 0, 0, 0, 0, '', '', '', 'Please Select', '4', 'No Asbestos', 'No Asbestos', 1, 0, '2016-03-26'),
(527, 6, 18, 2, 11, '5', 'Please Select', 'Please Select', 0, 0, 0, 0, '', '', '', 'Please Select', '4', 'No Asbestos', 'No Asbestos', 1, 0, '2016-03-26'),
(528, 6, 18, 3, 33, '20', 'n', 'c', 50, 0, 0, 50, '1', '', '', 's', '68', 'None Detected', 'None Detected', 4, 0, '2016-03-26'),
(529, 6, 18, 3, 33, '21', 'n', 'c', 60, 0, 0, 60, '1', '', '0', 's', '69', 'Amosite 2%', 'Confirmed Asbestos', 4, 0, '2016-03-26'),
(530, 6, 18, 3, 33, '22', 'n', 'c', 30, 0, 0, 30, '1', '', '', 's', '70', 'None Detected', 'None Detected', 4, 0, '2016-03-26'),
(531, 6, 18, 1, 19, '5', 'n', 'b', 100, 0, 0, 100, '1', '', '', 's', '55', 'None Detected', 'None Detected', 4, 0, '2016-03-26'),
(532, 6, 18, 1, 95, '5', 'Please Select', 'Please Select', 0, 0, 0, 0, '', '', '', 'Please Select', '4', 'No Asbestos', 'No Asbestos', 1, 0, '2016-03-26'),
(533, 6, 18, 4, 95, '5', 'Please Select', 'Please Select', 0, 0, 0, 0, '', '', '', 'Please Select', '4', 'No Asbestos', 'No Asbestos', 1, 0, '2016-03-26'),
(534, 6, 18, 5, 22, '5', 'Please Select', 'Please Select', 0, 0, 0, 0, '', '', '', 'Please Select', '4', 'No Asbestos', 'No Asbestos', 1, 0, '2016-03-26'),
(535, 6, 18, 5, 92, '5', 'Please Select', 'Please Select', 0, 0, 0, 0, '', '', '', 'Please Select', '4', 'No Asbestos', 'No Asbestos', 1, 0, '2016-03-26'),
(536, 6, 18, 6, 94, '5', 'Please Select', 'Please Select', 0, 0, 0, 0, '', '', '', 'Please Select', '4', 'No Asbestos', 'No Asbestos', 1, 0, '2016-03-26'),
(537, 6, 18, 7, 92, '5', 'Please Select', 'Please Select', 0, 0, 0, 0, '', '', '', 'Please Select', '4', 'No Asbestos', 'No Asbestos', 1, 0, '2016-03-26'),
(538, 6, 18, 8, 94, '5', 'Please Select', 'Please Select', 0, 0, 0, 0, '', '', '', 'Please Select', '4', 'No Asbestos', 'No Asbestos', 1, 0, '2016-03-26'),
(539, 6, 21, 2, 79, '13', 'n', 'b', 120, 0, 0, 120, '1', '', '', 'v', '64', 'Confirmed Asbestos', 'Confirmed Asbestos', 4, 0, '2016-03-26'),
(540, 6, 21, 3, 73, '5', 'y', 'c', 120, 0, 0, 120, '1', '', '', 'v', '57', 'Chrysotile 2%', 'Confirmed Asbestos', 4, 0, '2016-03-26'),
(541, 6, 21, 1, 89, '5', 'n', 'b', 50, 0, 0, 50, '2', '', '', 'v', '54', 'None Detected', 'None Detected', 4, 0, '2016-03-26'),
(542, 6, 21, 1, 19, '5', 'n', 'b', 50, 0, 0, 50, '2', '', '', 'v', '55', 'None Detected', 'None Detected', 4, 0, '2016-03-26'),
(543, 6, 21, 4, 94, '5', 'Please Select', 'Please Select', 0, 0, 0, 0, '', '', '', 'Please Select', '4', 'No Asbestos', 'No Asbestos', 1, 0, '2016-03-26'),
(544, 6, 21, 5, 94, '5', 'Please Select', 'Please Select', 0, 0, 0, 0, '', '', '', 'Please Select', '4', 'No Asbestos', 'No Asbestos', 1, 0, '2016-03-26'),
(545, 6, 21, 6, 94, '5', 'Please Select', 'Please Select', 0, 0, 0, 0, '', '', '', 'Please Select', '4', 'No Asbestos', 'No Asbestos', 1, 0, '2016-03-26'),
(546, 6, 21, 7, 94, '5', 'Please Select', 'Please Select', 0, 0, 0, 0, '', '', '', 'Please Select', '4', 'No Asbestos', 'No Asbestos', 1, 0, '2016-03-26'),
(547, 6, 21, 8, 94, '5', 'Please Select', 'Please Select', 0, 0, 0, 0, '', '', '', 'Please Select', '4', 'No Asbestos', 'No Asbestos', 1, 0, '2016-03-26'),
(548, 6, 50, 2, 79, '14', 'n', 'a', 500, 0, 0, 500, '1', '', '', 'v', '64', 'Chrysotile 2%', 'Confirmed Asbestos', 4, 0, '2016-03-26'),
(549, 6, 50, 1, 89, '5', 'n', 'a', 100, 0, 0, 100, '2', '', '', 'v', '54', 'None Detected', 'None Detected', 4, 0, '2016-03-26'),
(550, 6, 50, 3, 73, '5', 'y', 'c', 500, 0, 0, 500, '1', '', '', 'v', '57', 'Chrysotile 2%', 'Confirmed Asbestos', 4, 0, '2016-03-26'),
(551, 6, 50, 4, 94, '5', 'Please Select', 'Please Select', 0, 0, 0, 0, '', '', '', 'Please Select', '4', 'No Asbestos', 'No Asbestos', 1, 0, '2016-03-26'),
(552, 6, 50, 5, 94, '5', 'Please Select', 'Please Select', 0, 0, 0, 0, '', '', '', 'Please Select', '4', 'No Asbestos', 'No Asbestos', 1, 0, '2016-03-26'),
(553, 6, 50, 6, 94, '5', 'Please Select', 'Please Select', 0, 0, 0, 0, '', '', '', 'Please Select', '4', 'No Asbestos', 'No Asbestos', 1, 0, '2016-03-26'),
(554, 6, 50, 7, 94, '5', 'Please Select', 'Please Select', 0, 0, 0, 0, '', '', '', 'Please Select', '4', 'No Asbestos', 'No Asbestos', 1, 0, '2016-03-26'),
(1155, 6, 50, 8, 9, '24', 'n', 'a', 100, 0, 0, 100, '2', '', '', 's', '60', 'None Detected', 'None Detected', 4, 0, '2016-03-29'),
(557, 6, 51, 2, 79, '14', 'n', 'a', 500, 0, 0, 500, '1', '', '', 'v', '64', 'Chrysotile 2%', 'Confirmed Asbestos', 4, 0, '2016-03-26'),
(558, 6, 51, 1, 89, '5', 'n', 'a', 100, 0, 0, 100, '2', '', '', 'v', '54', 'None Detected', 'None Detected', 4, 0, '2016-03-26'),
(559, 6, 51, 3, 73, '5', 'y', 'c', 500, 0, 0, 500, '1', '', '', 'v', '57', 'Chrysotile 2%', 'Confirmed Asbestos', 4, 0, '2016-03-26'),
(560, 6, 51, 4, 94, '5', 'Please Select', 'Please Select', 0, 0, 0, 0, '', '', '', 'Please Select', '4', 'No Asbestos', 'No Asbestos', 1, 0, '2016-03-26'),
(561, 6, 51, 5, 94, '5', 'Please Select', 'Please Select', 0, 0, 0, 0, '', '', '', 'Please Select', '4', 'No Asbestos', 'No Asbestos', 1, 0, '2016-03-26'),
(562, 6, 51, 6, 94, '5', 'Please Select', 'Please Select', 0, 0, 0, 0, '', '', '', 'Please Select', '4', 'No Asbestos', 'No Asbestos', 1, 0, '2016-03-26'),
(563, 6, 51, 7, 94, '5', 'Please Select', 'Please Select', 0, 0, 0, 0, '', '', '', 'Please Select', '4', 'No Asbestos', 'No Asbestos', 1, 0, '2016-03-26'),
(564, 6, 51, 8, 94, '5', 'Please Select', 'Please Select', 0, 0, 0, 0, '', '', '', 'Please Select', '4', 'No Asbestos', 'No Asbestos', 1, 0, '2016-03-26'),
(565, 6, 52, 2, 79, '14', 'n', 'a', 500, 0, 0, 500, '1', '', '', 'v', '64', 'Chrysotile 2%', 'Confirmed Asbestos', 4, 0, '2016-03-26'),
(566, 6, 52, 1, 89, '5', 'n', 'a', 100, 0, 0, 100, '2', '', '', 'v', '54', 'None Detected', 'None Detected', 4, 0, '2016-03-26'),
(567, 6, 52, 3, 73, '5', 'y', 'c', 500, 0, 0, 500, '1', '', '', 'v', '57', 'Chrysotile 2%', 'Confirmed Asbestos', 4, 0, '2016-03-26'),
(568, 6, 52, 4, 94, '5', 'Please Select', 'Please Select', 0, 0, 0, 0, '', '', '', 'Please Select', '4', 'No Asbestos', 'No Asbestos', 1, 0, '2016-03-26'),
(569, 6, 52, 5, 94, '5', 'Please Select', 'Please Select', 0, 0, 0, 0, '', '', '', 'Please Select', '4', 'No Asbestos', 'No Asbestos', 1, 0, '2016-03-26'),
(570, 6, 52, 6, 94, '5', 'Please Select', 'Please Select', 0, 0, 0, 0, '', '', '', 'Please Select', '4', 'No Asbestos', 'No Asbestos', 1, 0, '2016-03-26'),
(571, 6, 52, 7, 94, '5', 'Please Select', 'Please Select', 0, 0, 0, 0, '', '', '', 'Please Select', '4', 'No Asbestos', 'No Asbestos', 1, 0, '2016-03-26'),
(572, 6, 52, 8, 94, '5', 'Please Select', 'Please Select', 0, 0, 0, 0, '', '', '', 'Please Select', '4', 'No Asbestos', 'No Asbestos', 1, 0, '2016-03-26'),
(573, 6, 54, 2, 79, '14', 'n', 'a', 500, 0, 0, 500, '1', '', '', 's', '64', 'Chrysotile 2%', 'Confirmed Asbestos', 4, 0, '2016-03-26'),
(574, 6, 54, 1, 89, '5', 'n', 'a', 100, 0, 0, 100, '2', '', '', 'v', '54', 'None Detected', 'None Detected', 4, 0, '2016-03-26'),
(575, 6, 54, 3, 73, '5', 'y', 'c', 500, 0, 0, 500, '1', '', '', 'v', '57', 'Chrysotile 2%', 'Confirmed Asbestos', 4, 0, '2016-03-26'),
(576, 6, 54, 4, 94, '5', 'Please Select', 'Please Select', 0, 0, 0, 0, '', '', '', 'Please Select', '4', 'No Asbestos', 'No Asbestos', 1, 0, '2016-03-26'),
(577, 6, 54, 5, 94, '5', 'Please Select', 'Please Select', 0, 0, 0, 0, '', '', '', 'Please Select', '4', 'No Asbestos', 'No Asbestos', 1, 0, '2016-03-26'),
(578, 6, 54, 6, 94, '5', 'Please Select', 'Please Select', 0, 0, 0, 0, '', '', '', 'Please Select', '4', 'No Asbestos', 'No Asbestos', 1, 0, '2016-03-26'),
(579, 6, 54, 7, 94, '5', 'Please Select', 'Please Select', 0, 0, 0, 0, '', '', '', 'Please Select', '4', 'No Asbestos', 'No Asbestos', 1, 0, '2016-03-26'),
(580, 6, 54, 8, 94, '5', 'Please Select', 'Please Select', 0, 0, 0, 0, '', '', '', 'Please Select', '4', 'No Asbestos', 'No Asbestos', 1, 0, '2016-03-26'),
(581, 6, 55, 2, 79, '14', 'n', 'a', 500, 0, 0, 500, '1', '', '', 'v', '64', 'Chrysotile 2%', 'Confirmed Asbestos', 4, 0, '2016-03-26'),
(582, 6, 55, 1, 89, '5', 'n', 'a', 100, 0, 0, 100, '2', '', '', 'v', '54', 'None Detected', 'None Detected', 4, 0, '2016-03-26'),
(583, 6, 55, 3, 73, '5', 'y', 'c', 500, 0, 0, 500, '1', '', '', 'v', '57', 'Chrysotile 2%', 'Confirmed Asbestos', 4, 0, '2016-03-26'),
(584, 6, 55, 4, 94, '5', 'Please Select', 'Please Select', 0, 0, 0, 0, '', '', '', 'Please Select', '4', 'No Asbestos', 'No Asbestos', 1, 0, '2016-03-26'),
(585, 6, 55, 5, 94, '5', 'Please Select', 'Please Select', 0, 0, 0, 0, '', '', '', 'Please Select', '4', 'No Asbestos', 'No Asbestos', 1, 0, '2016-03-26'),
(586, 6, 55, 6, 94, '5', 'Please Select', 'Please Select', 0, 0, 0, 0, '', '', '', 'Please Select', '4', 'No Asbestos', 'No Asbestos', 1, 0, '2016-03-26'),
(587, 6, 55, 7, 94, '5', 'Please Select', 'Please Select', 0, 0, 0, 0, '', '', '', 'Please Select', '4', 'No Asbestos', 'No Asbestos', 1, 0, '2016-03-26'),
(588, 6, 55, 8, 94, '5', 'Please Select', 'Please Select', 0, 0, 0, 0, '', '', '', 'Please Select', '4', 'No Asbestos', 'No Asbestos', 1, 0, '2016-03-26'),
(589, 6, 56, 2, 79, '14', 'n', 'a', 500, 0, 0, 500, '1', '', '', 'v', '64', 'Chrysotile 2%', 'Confirmed Asbestos', 4, 0, '2016-03-26'),
(590, 6, 56, 1, 89, '5', 'n', 'a', 100, 0, 0, 100, '2', '', '', 'v', '54', 'None Detected', 'None Detected', 4, 0, '2016-03-26'),
(591, 6, 56, 3, 73, '5', 'y', 'c', 500, 0, 0, 500, '1', '', '', 'v', '57', 'Chrysotile 2%', 'Confirmed Asbestos', 4, 0, '2016-03-26'),
(592, 6, 56, 4, 94, '5', 'Please Select', 'Please Select', 0, 0, 0, 0, '', '', '', 'Please Select', '4', 'No Asbestos', 'No Asbestos', 1, 0, '2016-03-26'),
(593, 6, 56, 5, 94, '5', 'Please Select', 'Please Select', 0, 0, 0, 0, '', '', '', 'Please Select', '4', 'No Asbestos', 'No Asbestos', 1, 0, '2016-03-26'),
(594, 6, 56, 6, 94, '5', 'Please Select', 'Please Select', 0, 0, 0, 0, '', '', '', 'Please Select', '4', 'No Asbestos', 'No Asbestos', 1, 0, '2016-03-26'),
(595, 6, 56, 7, 94, '5', 'Please Select', 'Please Select', 0, 0, 0, 0, '', '', '', 'Please Select', '4', 'No Asbestos', 'No Asbestos', 1, 0, '2016-03-26'),
(596, 6, 56, 8, 94, '5', 'Please Select', 'Please Select', 0, 0, 0, 0, '', '', '', 'Please Select', '4', 'No Asbestos', 'No Asbestos', 1, 0, '2016-03-26'),
(597, 6, 59, 2, 79, '13', 'n', 'a', 500, 0, 0, 500, '1', '', '', 'v', '63', 'Chrysotile 2%', 'Confirmed Asbestos', 4, 0, '2016-03-26'),
(598, 6, 59, 1, 89, '5', 'n', 'a', 100, 0, 0, 100, '2', '', '', 'v', '54', 'None Detected', 'None Detected', 4, 0, '2016-03-26'),
(599, 6, 59, 3, 73, '5', 'y', 'c', 500, 0, 0, 500, '1', '', '', 'v', '57', 'Chrysotile 2%', 'Confirmed Asbestos', 4, 0, '2016-03-26'),
(600, 6, 59, 4, 94, '5', 'Please Select', 'Please Select', 0, 0, 0, 0, '', '', '', 'Please Select', '4', 'No Asbestos', 'No Asbestos', 1, 0, '2016-03-26'),
(601, 6, 59, 5, 94, '5', 'Please Select', 'Please Select', 0, 0, 0, 0, '', '', '', 'Please Select', '4', 'No Asbestos', 'No Asbestos', 1, 0, '2016-03-26'),
(602, 6, 59, 6, 94, '5', 'Please Select', 'Please Select', 0, 0, 0, 0, '', '', '', 'Please Select', '4', 'No Asbestos', 'No Asbestos', 1, 0, '2016-03-26'),
(603, 6, 59, 7, 94, '5', 'Please Select', 'Please Select', 0, 0, 0, 0, '', '', '', 'Please Select', '4', 'No Asbestos', 'No Asbestos', 1, 0, '2016-03-26'),
(604, 6, 59, 8, 94, '5', 'Please Select', 'Please Select', 0, 0, 0, 0, '', '', '', 'Please Select', '4', 'No Asbestos', 'No Asbestos', 1, 0, '2016-03-26'),
(605, 6, 60, 2, 79, '13', 'n', 'a', 500, 0, 0, 500, '1', '', '', 'v', '63', 'Chrysotile 2%', 'Confirmed Asbestos', 4, 0, '2016-03-26'),
(606, 6, 60, 1, 89, '5', 'n', 'a', 100, 0, 0, 100, '2', '', '', 'v', '54', 'None Detected', 'None Detected', 4, 0, '2016-03-26'),
(607, 6, 60, 3, 73, '5', 'y', 'c', 500, 0, 0, 500, '1', '', '', 'v', '57', 'Chrysotile 2%', 'Confirmed Asbestos', 4, 0, '2016-03-26'),
(608, 6, 60, 4, 94, '5', 'Please Select', 'Please Select', 0, 0, 0, 0, '', '', '', 'Please Select', '4', 'No Asbestos', 'No Asbestos', 1, 0, '2016-03-26'),
(609, 6, 60, 5, 94, '5', 'Please Select', 'Please Select', 0, 0, 0, 0, '', '', '', 'Please Select', '4', 'No Asbestos', 'No Asbestos', 1, 0, '2016-03-26'),
(610, 6, 60, 6, 94, '5', 'Please Select', 'Please Select', 0, 0, 0, 0, '', '', '', 'Please Select', '4', 'No Asbestos', 'No Asbestos', 1, 0, '2016-03-26'),
(611, 6, 60, 7, 94, '5', 'Please Select', 'Please Select', 0, 0, 0, 0, '', '', '', 'Please Select', '4', 'No Asbestos', 'No Asbestos', 1, 0, '2016-03-26'),
(612, 6, 60, 8, 94, '5', 'Please Select', 'Please Select', 0, 0, 0, 0, '', '', '', 'Please Select', '4', 'No Asbestos', 'No Asbestos', 1, 0, '2016-03-26'),
(613, 6, 63, 2, 79, '14', 'n', 'a', 500, 0, 0, 500, '1', '', '', 'v', '64', 'Chrysotile 2%', 'Confirmed Asbestos', 4, 0, '2016-03-26'),
(614, 6, 63, 1, 89, '5', 'n', 'a', 100, 0, 0, 100, '2', '', '', 'v', '54', 'None Detected', 'None Detected', 4, 0, '2016-03-26'),
(615, 6, 63, 3, 73, '5', 'y', 'c', 500, 0, 0, 500, '1', '', '', 'v', '57', 'Chrysotile 2%', 'Confirmed Asbestos', 4, 0, '2016-03-26'),
(616, 6, 63, 4, 94, '5', 'Please Select', 'Please Select', 0, 0, 0, 0, '', '', '', 'Please Select', '4', 'No Asbestos', 'No Asbestos', 1, 0, '2016-03-26'),
(617, 6, 63, 5, 94, '5', 'Please Select', 'Please Select', 0, 0, 0, 0, '', '', '', 'Please Select', '4', 'No Asbestos', 'No Asbestos', 1, 0, '2016-03-26'),
(618, 6, 63, 6, 94, '5', 'Please Select', 'Please Select', 0, 0, 0, 0, '', '', '', 'Please Select', '4', 'No Asbestos', 'No Asbestos', 1, 0, '2016-03-26'),
(619, 6, 63, 7, 94, '5', 'Please Select', 'Please Select', 0, 0, 0, 0, '', '', '', 'Please Select', '4', 'No Asbestos', 'No Asbestos', 1, 0, '2016-03-26'),
(620, 6, 63, 8, 94, '5', 'Please Select', 'Please Select', 0, 0, 0, 0, '', '', '', 'Please Select', '4', 'No Asbestos', 'No Asbestos', 1, 0, '2016-03-26'),
(621, 6, 65, 2, 79, '14', 'n', 'a', 500, 0, 0, 500, '1', '', '', 'v', '64', 'Chrysotile 2%', 'Confirmed Asbestos', 4, 0, '2016-03-26'),
(622, 6, 65, 1, 89, '5', 'n', 'a', 100, 0, 0, 100, '2', '', '', 'v', '54', 'None Detected', 'None Detected', 4, 0, '2016-03-26'),
(623, 6, 65, 3, 73, '5', 'y', 'c', 500, 0, 0, 500, '1', '', '', 'v', '57', 'Chrysotile 2%', 'Confirmed Asbestos', 4, 0, '2016-03-26'),
(624, 6, 65, 4, 94, '5', 'Please Select', 'Please Select', 0, 0, 0, 0, '', '', '', 'Please Select', '4', 'No Asbestos', 'No Asbestos', 1, 0, '2016-03-26'),
(625, 6, 65, 5, 94, '5', 'Please Select', 'Please Select', 0, 0, 0, 0, '', '', '', 'Please Select', '4', 'No Asbestos', 'No Asbestos', 1, 0, '2016-03-26'),
(626, 6, 65, 6, 94, '5', 'Please Select', 'Please Select', 0, 0, 0, 0, '', '', '', 'Please Select', '4', 'No Asbestos', 'No Asbestos', 1, 0, '2016-03-26'),
(627, 6, 65, 7, 94, '5', 'Please Select', 'Please Select', 0, 0, 0, 0, '', '', '', 'Please Select', '4', 'No Asbestos', 'No Asbestos', 1, 0, '2016-03-26'),
(628, 6, 65, 8, 94, '5', 'Please Select', 'Please Select', 0, 0, 0, 0, '', '', '', 'Please Select', '4', 'No Asbestos', 'No Asbestos', 1, 0, '2016-03-26'),
(629, 6, 67, 2, 79, '14', 'n', 'a', 100, 0, 0, 100, '1', '', '', 'v', '64', 'Chrysotile 2%', 'Confirmed Asbestos', 4, 0, '2016-03-26'),
(630, 6, 67, 1, 89, '5', 'n', 'a', 100, 0, 0, 100, '2', '', '', 'v', '54', 'None Detected', 'None Detected', 4, 0, '2016-03-26'),
(631, 6, 67, 3, 73, '5', 'y', 'c', 500, 0, 0, 500, '1', '', '', 'v', '57', 'Chrysotile 2%', 'Confirmed Asbestos', 4, 0, '2016-03-26'),
(632, 6, 67, 4, 94, '5', 'Please Select', 'Please Select', 0, 0, 0, 0, '', '', '', 'Please Select', '4', 'No Asbestos', 'No Asbestos', 1, 0, '2016-03-26'),
(633, 6, 67, 5, 94, '5', 'Please Select', 'Please Select', 0, 0, 0, 0, '', '', '', 'Please Select', '4', 'No Asbestos', 'No Asbestos', 1, 0, '2016-03-26'),
(634, 6, 67, 6, 94, '5', 'Please Select', 'Please Select', 0, 0, 0, 0, '', '', '', 'Please Select', '4', 'No Asbestos', 'No Asbestos', 1, 0, '2016-03-26'),
(635, 6, 67, 7, 94, '5', 'Please Select', 'Please Select', 0, 0, 0, 0, '', '', '', 'Please Select', '4', 'No Asbestos', 'No Asbestos', 1, 0, '2016-03-26'),
(636, 6, 67, 8, 94, '5', 'Please Select', 'Please Select', 0, 0, 0, 0, '', '', '', 'Please Select', '4', 'No Asbestos', 'No Asbestos', 1, 0, '2016-03-26'),
(637, 6, 67, 2, 79, '13', 'n', 'a', 400, 0, 0, 400, '1', '', '', 'v', '63', 'Chrysotile 2%', 'Confirmed Asbestos', 4, 629, '2016-03-26'),
(638, 6, 69, 2, 79, '13', 'n', 'a', 500, 0, 0, 500, '1', '', '', 'v', '63', 'Chrysotile 2%', 'Confirmed Asbestos', 4, 0, '2016-03-26'),
(639, 6, 69, 1, 89, '5', 'n', 'a', 100, 0, 0, 100, '2', '', '', 'v', '54', 'None Detected', 'None Detected', 4, 0, '2016-03-26'),
(640, 6, 69, 3, 73, '5', 'y', 'c', 500, 0, 0, 500, '1', '', '', 'v', '57', 'Chrysotile 2%', 'Confirmed Asbestos', 4, 0, '2016-03-26'),
(641, 6, 69, 4, 94, '5', 'Please Select', 'Please Select', 0, 0, 0, 0, '', '', '', 'Please Select', '4', 'No Asbestos', 'No Asbestos', 1, 0, '2016-03-26'),
(642, 6, 69, 5, 94, '5', 'Please Select', 'Please Select', 0, 0, 0, 0, '', '', '', 'Please Select', '4', 'No Asbestos', 'No Asbestos', 1, 0, '2016-03-26'),
(643, 6, 69, 6, 94, '5', 'Please Select', 'Please Select', 0, 0, 0, 0, '', '', '', 'Please Select', '4', 'No Asbestos', 'No Asbestos', 1, 0, '2016-03-26'),
(644, 6, 69, 7, 94, '5', 'Please Select', 'Please Select', 0, 0, 0, 0, '', '', '', 'Please Select', '4', 'No Asbestos', 'No Asbestos', 1, 0, '2016-03-26'),
(645, 6, 69, 8, 94, '5', 'Please Select', 'Please Select', 0, 0, 0, 0, '', '', '', 'Please Select', '4', 'No Asbestos', 'No Asbestos', 1, 0, '2016-03-26'),
(646, 6, 70, 2, 79, '14', 'n', 'a', 500, 0, 0, 500, '1', '', '', 'v', '64', 'Chrysotile 2%', 'Confirmed Asbestos', 4, 0, '2016-03-26'),
(647, 6, 70, 1, 89, '5', 'n', 'a', 100, 0, 0, 100, '2', '', '', 'v', '54', 'None Detected', 'None Detected', 4, 0, '2016-03-26'),
(648, 6, 70, 3, 73, '5', 'y', 'c', 500, 0, 0, 500, '1', '', '', 'v', '57', 'Chrysotile 2%', 'Confirmed Asbestos', 4, 0, '2016-03-26'),
(649, 6, 70, 4, 94, '5', 'Please Select', 'Please Select', 0, 0, 0, 0, '', '', '', 'Please Select', '4', 'No Asbestos', 'No Asbestos', 1, 0, '2016-03-26'),
(650, 6, 70, 5, 94, '5', 'Please Select', 'Please Select', 0, 0, 0, 0, '', '', '', 'Please Select', '4', 'No Asbestos', 'No Asbestos', 1, 0, '2016-03-26'),
(651, 6, 70, 6, 94, '5', 'Please Select', 'Please Select', 0, 0, 0, 0, '', '', '', 'Please Select', '4', 'No Asbestos', 'No Asbestos', 1, 0, '2016-03-26'),
(652, 6, 70, 7, 94, '5', 'Please Select', 'Please Select', 0, 0, 0, 0, '', '', '', 'Please Select', '4', 'No Asbestos', 'No Asbestos', 1, 0, '2016-03-26'),
(653, 6, 70, 8, 94, '5', 'Please Select', 'Please Select', 0, 0, 0, 0, '', '', '', 'Please Select', '4', 'No Asbestos', 'No Asbestos', 1, 0, '2016-03-26'),
(654, 6, 72, 2, 79, '14', 'n', 'a', 500, 0, 0, 500, '1', '', '', 'v', '64', 'Chrysotile 2%', 'Confirmed Asbestos', 4, 0, '2016-03-26'),
(655, 6, 72, 1, 89, '5', 'n', 'a', 100, 0, 0, 100, '2', '', '', 'v', '54', 'None Detected', 'None Detected', 4, 0, '2016-03-26'),
(656, 6, 72, 3, 73, '5', 'y', 'c', 500, 0, 0, 500, '1', '', '', 'v', '57', 'Chrysotile 2%', 'Confirmed Asbestos', 4, 0, '2016-03-26'),
(657, 6, 72, 4, 94, '5', 'Please Select', 'Please Select', 0, 0, 0, 0, '', '', '', 'Please Select', '4', 'No Asbestos', 'No Asbestos', 1, 0, '2016-03-26'),
(658, 6, 72, 5, 94, '5', 'Please Select', 'Please Select', 0, 0, 0, 0, '', '', '', 'Please Select', '4', 'No Asbestos', 'No Asbestos', 1, 0, '2016-03-26'),
(659, 6, 72, 6, 94, '5', 'Please Select', 'Please Select', 0, 0, 0, 0, '', '', '', 'Please Select', '4', 'No Asbestos', 'No Asbestos', 1, 0, '2016-03-26'),
(660, 6, 72, 7, 94, '5', 'Please Select', 'Please Select', 0, 0, 0, 0, '', '', '', 'Please Select', '4', 'No Asbestos', 'No Asbestos', 1, 0, '2016-03-26'),
(661, 6, 72, 8, 94, '5', 'Please Select', 'Please Select', 0, 0, 0, 0, '', '', '', 'Please Select', '4', 'No Asbestos', 'No Asbestos', 1, 0, '2016-03-26'),
(662, 6, 73, 2, 79, '13', 'n', 'a', 500, 0, 0, 500, '1', '', '', 'v', '63', 'Chrysotile 2%', 'Confirmed Asbestos', 4, 0, '2016-03-26'),
(663, 6, 73, 1, 89, '5', 'n', 'a', 100, 0, 0, 100, '2', '', '', 'v', '54', 'None Detected', 'None Detected', 4, 0, '2016-03-26'),
(664, 6, 73, 3, 73, '5', 'y', 'c', 500, 0, 0, 500, '1', '', '', 'v', '57', 'Chrysotile 2%', 'Confirmed Asbestos', 4, 0, '2016-03-26'),
(665, 6, 73, 4, 94, '5', 'Please Select', 'Please Select', 0, 0, 0, 0, '', '', '', 'Please Select', '4', 'No Asbestos', 'No Asbestos', 1, 0, '2016-03-26'),
(666, 6, 73, 5, 94, '5', 'Please Select', 'Please Select', 0, 0, 0, 0, '', '', '', 'Please Select', '4', 'No Asbestos', 'No Asbestos', 1, 0, '2016-03-26'),
(667, 6, 73, 6, 94, '5', 'Please Select', 'Please Select', 0, 0, 0, 0, '', '', '', 'Please Select', '4', 'No Asbestos', 'No Asbestos', 1, 0, '2016-03-26'),
(668, 6, 73, 7, 94, '5', 'Please Select', 'Please Select', 0, 0, 0, 0, '', '', '', 'Please Select', '4', 'No Asbestos', 'No Asbestos', 1, 0, '2016-03-26'),
(669, 6, 73, 8, 94, '5', 'Please Select', 'Please Select', 0, 0, 0, 0, '', '', '', 'Please Select', '4', 'No Asbestos', 'No Asbestos', 1, 0, '2016-03-26'),
(670, 6, 75, 2, 79, '13', 'n', 'a', 500, 0, 0, 500, '1', '', '', 'v', '63', 'Chrysotile 2%', 'Confirmed Asbestos', 4, 0, '2016-03-26'),
(671, 6, 75, 1, 89, '5', 'n', 'a', 100, 0, 0, 100, '2', '', '', 's', '54', 'None Detected', 'None Detected', 4, 0, '2016-03-26'),
(672, 6, 75, 3, 73, '5', 'y', 'c', 480, 0, 20, 500, '1', '', '', 'v', '57', 'Chrysotile 2%', 'Confirmed Asbestos', 2, 0, '2016-03-26'),
(673, 6, 75, 4, 94, '5', 'Please Select', 'Please Select', 0, 0, 0, 0, '', '', '', 'Please Select', '4', 'No Asbestos', 'No Asbestos', 1, 0, '2016-03-26'),
(674, 6, 75, 5, 94, '5', 'Please Select', 'Please Select', 0, 0, 0, 0, '', '', '', 'Please Select', '4', 'No Asbestos', 'No Asbestos', 1, 0, '2016-03-26'),
(675, 6, 75, 6, 94, '5', 'Please Select', 'Please Select', 0, 0, 0, 0, '', '', '', 'Please Select', '4', 'No Asbestos', 'No Asbestos', 1, 0, '2016-03-26'),
(676, 6, 75, 7, 94, '5', 'Please Select', 'Please Select', 0, 0, 0, 0, '', '', '', 'Please Select', '4', 'No Asbestos', 'No Asbestos', 1, 0, '2016-03-26'),
(677, 6, 75, 8, 94, '5', 'Please Select', 'Please Select', 0, 0, 0, 0, '', '', '', 'Please Select', '4', 'No Asbestos', 'No Asbestos', 1, 0, '2016-03-26'),
(1157, 6, 77, 2, 53, '5', 'Please Select', 'Please Select', 0, 0, 0, 0, '', '', '', 'Please Select', '4', 'No Asbestos', 'No Asbestos', 1, 678, '2016-03-30'),
(678, 6, 77, 2, 79, '14', 'n', 'e', 500, 0, 0, 500, '1', '', '', 'v', '64', 'Chrysotile 2%', 'Confirmed Asbestos', 4, 0, '2016-03-26'),
(679, 6, 77, 1, 89, '5', 'n', 'a', 100, 0, 0, 100, '2', '', '', 'v', '54', 'None Detected', 'None Detected', 4, 0, '2016-03-26'),
(680, 6, 77, 3, 73, '5', 'y', 'c', 500, 0, 0, 500, '1', '', '', 'v', '57', 'Chrysotile 2%', 'Confirmed Asbestos', 4, 0, '2016-03-26'),
(681, 6, 77, 4, 94, '5', 'Please Select', 'Please Select', 0, 0, 0, 0, '', '', '', 'Please Select', '4', 'No Asbestos', 'No Asbestos', 1, 0, '2016-03-26'),
(682, 6, 77, 5, 94, '5', 'Please Select', 'Please Select', 0, 0, 0, 0, '', '', '', 'Please Select', '4', 'No Asbestos', 'No Asbestos', 1, 0, '2016-03-26'),
(683, 6, 77, 6, 94, '5', 'Please Select', 'Please Select', 0, 0, 0, 0, '', '', '', 'Please Select', '4', 'No Asbestos', 'No Asbestos', 1, 0, '2016-03-26'),
(684, 6, 77, 7, 94, '5', 'Please Select', 'Please Select', 0, 0, 0, 0, '', '', '', 'Please Select', '4', 'No Asbestos', 'No Asbestos', 1, 0, '2016-03-26'),
(685, 6, 77, 8, 94, '5', 'Please Select', 'Please Select', 0, 0, 0, 0, '', '', '', 'Please Select', '4', 'No Asbestos', 'No Asbestos', 1, 0, '2016-03-26'),
(686, 6, 79, 2, 79, '13', 'n', 'a', 500, 0, 0, 500, '1', '', '', 'v', '63', 'Chrysotile 2%', 'Confirmed Asbestos', 4, 0, '2016-03-26'),
(687, 6, 79, 1, 89, '5', 'n', 'a', 100, 0, 0, 100, '2', '', '', 'v', '54', 'None Detected', 'None Detected', 4, 0, '2016-03-26'),
(688, 6, 79, 3, 73, '5', 'y', 'c', 500, 0, 0, 500, '1', '', '', 'v', '57', 'Chrysotile 2%', 'Confirmed Asbestos', 4, 0, '2016-03-26'),
(689, 6, 79, 4, 94, '5', 'Please Select', 'Please Select', 0, 0, 0, 0, '', '', '', 'Please Select', '4', 'No Asbestos', 'No Asbestos', 1, 0, '2016-03-26'),
(690, 6, 79, 5, 94, '5', 'Please Select', 'Please Select', 0, 0, 0, 0, '', '', '', 'Please Select', '4', 'No Asbestos', 'No Asbestos', 1, 0, '2016-03-26'),
(691, 6, 79, 6, 94, '5', 'Please Select', 'Please Select', 0, 0, 0, 0, '', '', '', 'Please Select', '4', 'No Asbestos', 'No Asbestos', 1, 0, '2016-03-26'),
(692, 6, 79, 7, 94, '5', 'Please Select', 'Please Select', 0, 0, 0, 0, '', '', '', 'Please Select', '4', 'No Asbestos', 'No Asbestos', 1, 0, '2016-03-26'),
(1152, 6, 79, 8, 9, '24', 'n', 'a', 100, 0, 0, 100, '2', '', '', 's', '60', 'None Detected', 'None Detected', 4, 0, '2016-03-29'),
(694, 6, 81, 2, 79, '14', 'n', 'a', 500, 0, 0, 500, '1', '', '', 'v', '64', 'Chrysotile 2%', 'Confirmed Asbestos', 4, 0, '2016-03-26'),
(695, 6, 81, 1, 89, '5', 'n', 'a', 100, 0, 0, 100, '2', '', '', 'v', '54', 'None Detected', 'None Detected', 4, 0, '2016-03-26'),
(696, 6, 81, 3, 73, '5', 'y', 'c', 500, 0, 0, 500, '1', '', '', 'v', '57', 'Chrysotile 2%', 'Confirmed Asbestos', 4, 0, '2016-03-26'),
(697, 6, 81, 4, 94, '5', 'Please Select', 'Please Select', 0, 0, 0, 0, '', '', '', 'Please Select', '4', 'No Asbestos', 'No Asbestos', 1, 0, '2016-03-26'),
(698, 6, 81, 5, 94, '5', 'Please Select', 'Please Select', 0, 0, 0, 0, '', '', '', 'Please Select', '4', 'No Asbestos', 'No Asbestos', 1, 0, '2016-03-26'),
(699, 6, 81, 6, 94, '5', 'Please Select', 'Please Select', 0, 0, 0, 0, '', '', '', 'Please Select', '4', 'No Asbestos', 'No Asbestos', 1, 0, '2016-03-26'),
(700, 6, 81, 7, 94, '5', 'Please Select', 'Please Select', 0, 0, 0, 0, '', '', '', 'Please Select', '4', 'No Asbestos', 'No Asbestos', 1, 0, '2016-03-26'),
(701, 6, 81, 9, 94, '5', 'Please Select', 'Please Select', 0, 0, 0, 0, '', '', '', 'Please Select', '4', 'No Asbestos', 'No Asbestos', 1, 0, '2016-03-26'),
(702, 6, 83, 2, 79, '13', 'n', 'a', 500, 0, 0, 500, '1', '', '', 's', '63', 'Chrysotile 2%', 'Confirmed Asbestos', 4, 0, '2016-03-26'),
(703, 6, 83, 1, 89, '5', 'n', 'a', 100, 0, 0, 100, '2', '', '', 'v', '54', 'None Detected', 'None Detected', 4, 0, '2016-03-26'),
(704, 6, 83, 3, 73, '5', 'y', 'c', 500, 0, 0, 500, '1', '', '', 'v', '57', 'Chrysotile 2%', 'Confirmed Asbestos', 4, 0, '2016-03-26'),
(705, 6, 83, 4, 94, '5', 'Please Select', 'Please Select', 0, 0, 0, 0, '', '', '', 'Please Select', '4', 'No Asbestos', 'No Asbestos', 1, 0, '2016-03-26'),
(706, 6, 83, 5, 94, '5', 'Please Select', 'Please Select', 0, 0, 0, 0, '', '', '', 'Please Select', '4', 'No Asbestos', 'No Asbestos', 1, 0, '2016-03-26'),
(707, 6, 83, 6, 94, '5', 'Please Select', 'Please Select', 0, 0, 0, 0, '', '', '', 'Please Select', '4', 'No Asbestos', 'No Asbestos', 1, 0, '2016-03-26'),
(708, 6, 83, 7, 94, '5', 'Please Select', 'Please Select', 0, 0, 0, 0, '', '', '', 'Please Select', '4', 'No Asbestos', 'No Asbestos', 1, 0, '2016-03-26'),
(709, 6, 83, 8, 94, '5', 'Please Select', 'Please Select', 0, 0, 0, 0, '', '', '', 'Please Select', '4', 'No Asbestos', 'No Asbestos', 1, 0, '2016-03-26'),
(710, 6, 85, 2, 79, '13', 'n', 'a', 500, 0, 0, 500, '1', '', '', 'v', '63', 'Chrysotile 2%', 'Confirmed Asbestos', 4, 0, '2016-03-26'),
(711, 6, 85, 1, 89, '5', 'n', 'a', 100, 0, 0, 100, '2', '', '', 'v', '54', 'None Detected', 'None Detected', 4, 0, '2016-03-26'),
(712, 6, 85, 3, 73, '5', 'y', 'c', 500, 0, 0, 500, '1', '', '', 'v', '57', 'Chrysotile 2%', 'Confirmed Asbestos', 4, 0, '2016-03-26'),
(713, 6, 85, 4, 94, '5', 'Please Select', 'Please Select', 0, 0, 0, 0, '', '', '', 'Please Select', '4', 'No Asbestos', 'No Asbestos', 1, 0, '2016-03-26'),
(714, 6, 85, 5, 94, '5', 'Please Select', 'Please Select', 0, 0, 0, 0, '', '', '', 'Please Select', '4', 'No Asbestos', 'No Asbestos', 1, 0, '2016-03-26'),
(715, 6, 85, 6, 94, '5', 'Please Select', 'Please Select', 0, 0, 0, 0, '', '', '', 'Please Select', '4', 'No Asbestos', 'No Asbestos', 1, 0, '2016-03-26'),
(716, 6, 85, 7, 94, '5', 'Please Select', 'Please Select', 0, 0, 0, 0, '', '', '', 'Please Select', '4', 'No Asbestos', 'No Asbestos', 1, 0, '2016-03-26'),
(717, 6, 85, 8, 94, '5', 'Please Select', 'Please Select', 0, 0, 0, 0, '', '', '', 'Please Select', '4', 'No Asbestos', 'No Asbestos', 1, 0, '2016-03-26'),
(718, 6, 87, 2, 79, '13', 'n', 'a', 500, 0, 0, 500, '1', '', '', 'v', '63', 'Chrysotile 2%', 'Confirmed Asbestos', 4, 0, '2016-03-26'),
(719, 6, 87, 1, 89, '5', 'n', 'a', 100, 0, 0, 100, '2', '', '', 'v', '54', 'None Detected', 'None Detected', 4, 0, '2016-03-26'),
(720, 6, 87, 3, 73, '5', 'y', 'c', 500, 0, 0, 500, '1', '', '', 'v', '57', 'Chrysotile 2%', 'Confirmed Asbestos', 4, 0, '2016-03-26'),
(721, 6, 87, 4, 94, '5', 'Please Select', 'Please Select', 0, 0, 0, 0, '', '', '', 'Please Select', '4', 'No Asbestos', 'No Asbestos', 1, 0, '2016-03-26'),
(722, 6, 87, 5, 94, '5', 'Please Select', 'Please Select', 0, 0, 0, 0, '', '', '', 'Please Select', '4', 'No Asbestos', 'No Asbestos', 1, 0, '2016-03-26'),
(723, 6, 87, 6, 94, '5', 'Please Select', 'Please Select', 0, 0, 0, 0, '', '', '', 'Please Select', '4', 'No Asbestos', 'No Asbestos', 1, 0, '2016-03-26'),
(724, 6, 87, 7, 94, '5', 'Please Select', 'Please Select', 0, 0, 0, 0, '', '', '', 'Please Select', '4', 'No Asbestos', 'No Asbestos', 1, 0, '2016-03-26'),
(725, 6, 87, 8, 94, '5', 'Please Select', 'Please Select', 0, 0, 0, 0, '', '', '', 'Please Select', '4', 'No Asbestos', 'No Asbestos', 1, 0, '2016-03-26'),
(726, 6, 107, 2, 79, '14', 'n', 'a', 500, 0, 0, 500, '1', '', '', 's', '64', 'Chrysotile 2%', 'Confirmed Asbestos', 4, 0, '2016-03-26'),
(727, 6, 107, 1, 89, '5', 'n', 'a', 100, 0, 0, 100, '2', '', '', 'v', '54', 'None Detected', 'None Detected', 4, 0, '2016-03-26'),
(728, 6, 107, 3, 73, '5', 'y', 'c', 500, 0, 0, 500, '1', '', '', 'v', '57', 'Chrysotile 2%', 'Confirmed Asbestos', 4, 0, '2016-03-26'),
(729, 6, 107, 4, 94, '5', 'Please Select', 'Please Select', 0, 0, 0, 0, '', '', '', 'Please Select', '4', 'No Asbestos', 'No Asbestos', 1, 0, '2016-03-26'),
(730, 6, 107, 5, 94, '5', 'Please Select', 'Please Select', 0, 0, 0, 0, '', '', '', 'Please Select', '4', 'No Asbestos', 'No Asbestos', 1, 0, '2016-03-26'),
(731, 6, 107, 6, 94, '5', 'Please Select', 'Please Select', 0, 0, 0, 0, '', '', '', 'Please Select', '4', 'No Asbestos', 'No Asbestos', 1, 0, '2016-03-26'),
(732, 6, 107, 7, 94, '5', 'Please Select', 'Please Select', 0, 0, 0, 0, '', '', '', 'Please Select', '4', 'No Asbestos', 'No Asbestos', 1, 0, '2016-03-26');
INSERT INTO `room_by_room` (`r_id`, `building_ID`, `location_ID`, `system_ID`, `material_ID`, `material_identi`, `friability`, `access`, `good`, `fair`, `poor`, `total`, `units`, `debris`, `unit`, `sample_rst`, `s_number`, `rst`, `r_hazard`, `action`, `parent`, `date_added`) VALUES
(733, 6, 107, 8, 94, '5', 'Please Select', 'Please Select', 0, 0, 0, 0, '', '', '', 'Please Select', '4', 'No Asbestos', 'No Asbestos', 1, 0, '2016-03-26'),
(734, 6, 92, 2, 80, '16', 'n', 'a', 500, 0, 0, 500, '1', '', '', 'v', '66', 'No Asbestos', 'No Asbestos', 4, 0, '2016-03-28'),
(735, 6, 92, 3, 73, '5', 'y', 'c', 500, 0, 0, 500, '1', '', '', 'v', '57', 'Chrysotile 2%', 'Confirmed Asbestos', 4, 0, '2016-03-28'),
(736, 6, 92, 1, 89, '5', 'n', 'a', 100, 0, 0, 100, '2', '', '', 'v', '54', 'None Detected', 'None Detected', 4, 0, '2016-03-28'),
(737, 6, 92, 4, 94, '5', 'Please Select', 'Please Select', 0, 0, 0, 0, '', '', '', 'Please Select', '4', 'No Asbestos', 'No Asbestos', 1, 0, '2016-03-28'),
(738, 6, 92, 5, 92, '5', 'Please Select', 'Please Select', 0, 0, 0, 0, '', '', '', 'Please Select', '4', 'No Asbestos', 'No Asbestos', 1, 0, '2016-03-28'),
(739, 6, 92, 6, 92, '5', 'Please Select', 'Please Select', 0, 0, 0, 0, '', '', '', 'Please Select', '4', 'No Asbestos', 'No Asbestos', 1, 0, '2016-03-28'),
(740, 6, 92, 7, 94, '5', 'Please Select', 'Please Select', 0, 0, 0, 0, '', '', '', 'Please Select', '4', 'No Asbestos', 'No Asbestos', 1, 0, '2016-03-28'),
(741, 6, 92, 8, 94, '5', 'Please Select', 'Please Select', 0, 0, 0, 0, '', '', '', 'Please Select', '4', 'No Asbestos', 'No Asbestos', 1, 0, '2016-03-28'),
(757, 6, 90, 5, 92, '5', 'Please Select', 'Please Select', 0, 0, 0, 0, '', '', '', 'Please Select', '4', 'No Asbestos', 'No Asbestos', 1, 0, '2016-03-28'),
(756, 6, 90, 4, 94, '5', 'Please Select', 'Please Select', 0, 0, 0, 0, '', '', '', 'Please Select', '4', 'No Asbestos', 'No Asbestos', 1, 0, '2016-03-28'),
(755, 6, 90, 1, 89, '5', 'n', 'a', 100, 0, 0, 100, '2', '', '', 'v', '54', 'None Detected', 'None Detected', 4, 0, '2016-03-28'),
(754, 6, 90, 3, 89, '5', 'n', 'c', 250, 0, 0, 250, '1', '', '', 'v', '54', 'None Detected', 'None Detected', 4, 0, '2016-03-28'),
(753, 6, 90, 3, 19, '5', 'n', 'c', 250, 0, 0, 250, '1', '', '', 'v', '55', 'None Detected', 'None Detected', 4, 0, '2016-03-28'),
(752, 6, 90, 2, 79, '26', 'n', 'e', 250, 0, 0, 250, '1', '', '', 'v', '3', 'Presumed Asbestos', 'Presumed Asbestos', 4, 0, '2016-03-28'),
(751, 6, 90, 2, 8, '5', 'Please Select', 'Please Select', 0, 0, 0, 0, '', '', '', 'Please Select', '4', 'No Asbestos', 'No Asbestos', 1, 0, '2016-03-28'),
(750, 6, 90, 2, 80, '16', 'y', 'a', 50, 0, 0, 50, '1', '', '', 's', '66', 'No Asbestos', 'No Asbestos', 4, 0, '2016-03-28'),
(758, 6, 90, 6, 92, '5', 'Please Select', 'Please Select', 0, 0, 0, 0, '', '', '', 'Please Select', '4', 'No Asbestos', 'No Asbestos', 1, 0, '2016-03-28'),
(759, 6, 90, 7, 94, '5', 'Please Select', 'Please Select', 0, 0, 0, 0, '', '', '', 'Please Select', '4', 'No Asbestos', 'No Asbestos', 1, 0, '2016-03-28'),
(760, 6, 90, 8, 94, '5', 'Please Select', 'Please Select', 0, 0, 0, 0, '', '', '', 'Please Select', '4', 'No Asbestos', 'No Asbestos', 1, 0, '2016-03-28'),
(761, 6, 101, 2, 95, '5', 'Please Select', 'Please Select', 0, 0, 0, 0, '', '', '', 'Please Select', '4', 'No Asbestos', 'No Asbestos', 1, 0, '2016-03-28'),
(762, 6, 101, 1, 95, '5', 'Please Select', 'Please Select', 0, 0, 0, 0, '', '', '', 'Please Select', '4', 'No Asbestos', 'No Asbestos', 1, 0, '2016-03-28'),
(763, 6, 101, 3, 94, '5', 'Please Select', 'Please Select', 0, 0, 0, 0, '', '', '', 'Please Select', '4', 'No Asbestos', 'No Asbestos', 1, 0, '2016-03-28'),
(764, 6, 101, 4, 95, '5', 'Please Select', 'Please Select', 0, 0, 0, 0, '', '', '', 'Please Select', '4', 'No Asbestos', 'No Asbestos', 1, 0, '2016-03-28'),
(765, 6, 101, 5, 92, '5', 'Please Select', 'Please Select', 0, 0, 0, 0, '', '', '', 'Please Select', '4', 'No Asbestos', 'No Asbestos', 1, 0, '2016-03-28'),
(766, 6, 101, 5, 93, '5', 'Please Select', 'Please Select', 0, 0, 0, 0, '', '', '', 'Please Select', '4', 'No Asbestos', 'No Asbestos', 1, 0, '2016-03-28'),
(767, 6, 101, 5, 55, '5', 'Please Select', 'Please Select', 0, 0, 0, 0, '', '', '', 'Please Select', '4', 'No Asbestos', 'No Asbestos', 1, 0, '2016-03-28'),
(768, 6, 101, 6, 92, '5', 'Please Select', 'Please Select', 0, 0, 0, 0, '', '', '', 'Please Select', '4', 'No Asbestos', 'No Asbestos', 1, 0, '2016-03-28'),
(769, 6, 101, 6, 99, '5', 'n', 'b', 12, 0, 0, 12, '3', '', '', 'v', '3', 'Presumed Asbestos', 'Presumed Asbestos', 4, 0, '2016-03-28'),
(770, 6, 101, 7, 99, '5', 'n', 'b', 6, 0, 0, 6, '3', '', '', 'v', '3', 'Presumed Asbestos', 'Presumed Asbestos', 4, 0, '2016-03-28'),
(771, 6, 101, 8, 94, '5', 'Please Select', 'Please Select', 0, 0, 0, 0, '', '', '', 'Please Select', '4', 'No Asbestos', 'No Asbestos', 1, 0, '2016-03-28'),
(772, 6, 100, 2, 95, '5', 'Please Select', 'Please Select', 0, 0, 0, 0, '', '', '', 'Please Select', '4', 'No Asbestos', 'No Asbestos', 1, 0, '2016-03-28'),
(773, 6, 100, 3, 94, '5', 'Please Select', 'Please Select', 0, 0, 0, 0, '', '', '', 'Please Select', '4', 'No Asbestos', 'No Asbestos', 1, 0, '2016-03-28'),
(774, 6, 100, 1, 95, '5', 'Please Select', 'Please Select', 0, 0, 0, 0, '', '', '', 'Please Select', '4', 'No Asbestos', 'No Asbestos', 1, 0, '2016-03-28'),
(775, 6, 100, 4, 63, '5', 'Please Select', 'Please Select', 0, 0, 0, 0, '', '', '', 'Please Select', '4', 'No Asbestos', 'No Asbestos', 1, 0, '2016-03-28'),
(776, 6, 100, 5, 92, '5', 'Please Select', 'Please Select', 0, 0, 0, 0, '', '', '', 'Please Select', '4', 'No Asbestos', 'No Asbestos', 1, 0, '2016-03-28'),
(777, 6, 100, 6, 92, '5', 'Please Select', 'Please Select', 0, 0, 0, 0, '', '', '', 'Please Select', '4', 'No Asbestos', 'No Asbestos', 1, 0, '2016-03-28'),
(778, 6, 100, 7, 92, '5', 'Please Select', 'Please Select', 0, 0, 0, 0, '', '', '', 'Please Select', '4', 'No Asbestos', 'No Asbestos', 1, 0, '2016-03-28'),
(779, 6, 100, 8, 100, '5', 'n', 'b', 6, 0, 0, 6, '3', '', '', 'v', '3', 'Presumed Asbestos', 'Presumed Asbestos', 4, 0, '2016-03-28'),
(780, 6, 111, 2, 95, '5', 'Please Select', 'Please Select', 0, 0, 0, 0, '', '', '', 'Please Select', '4', 'No Asbestos', 'No Asbestos', 1, 0, '2016-03-28'),
(781, 6, 111, 3, 94, '5', 'Please Select', 'Please Select', 0, 0, 0, 0, '', '', '', 'Please Select', '4', 'No Asbestos', 'No Asbestos', 1, 0, '2016-03-28'),
(782, 6, 111, 1, 95, '5', 'Please Select', 'Please Select', 0, 0, 0, 0, '', '', '', 'Please Select', '4', 'No Asbestos', 'No Asbestos', 1, 0, '2016-03-28'),
(783, 6, 111, 4, 63, '5', 'Please Select', 'Please Select', 0, 0, 0, 0, '', '', '', 'Please Select', '4', 'No Asbestos', 'No Asbestos', 1, 0, '2016-03-28'),
(784, 6, 111, 5, 93, '5', 'Please Select', 'Please Select', 0, 0, 0, 0, '', '', '', 'Please Select', '4', 'No Asbestos', 'No Asbestos', 1, 0, '2016-03-28'),
(785, 6, 111, 5, 92, '5', 'Please Select', 'Please Select', 0, 0, 0, 0, '', '', '', 'Please Select', '4', 'No Asbestos', 'No Asbestos', 1, 0, '2016-03-28'),
(786, 6, 111, 6, 94, '5', 'Please Select', 'Please Select', 0, 0, 0, 0, '', '', '', 'Please Select', '4', 'No Asbestos', 'No Asbestos', 1, 0, '2016-03-28'),
(787, 6, 111, 7, 94, '5', 'Please Select', 'Please Select', 0, 0, 0, 0, '', '', '', 'Please Select', '4', 'No Asbestos', 'No Asbestos', 1, 0, '2016-03-28'),
(788, 6, 111, 8, 94, '5', 'Please Select', 'Please Select', 0, 0, 0, 0, '', '', '', 'Please Select', '4', 'No Asbestos', 'No Asbestos', 1, 0, '2016-03-28'),
(789, 6, 112, 2, 95, '5', 'Please Select', 'Please Select', 0, 0, 0, 0, '', '', '', 'Please Select', '4', 'No Asbestos', 'No Asbestos', 1, 0, '2016-03-28'),
(790, 6, 112, 3, 94, '5', 'Please Select', 'Please Select', 0, 0, 0, 0, '', '', '', 'Please Select', '4', 'No Asbestos', 'No Asbestos', 1, 0, '2016-03-28'),
(791, 6, 112, 1, 95, '5', 'Please Select', 'Please Select', 0, 0, 0, 0, '', '', '', 'Please Select', '4', 'No Asbestos', 'No Asbestos', 1, 0, '2016-03-28'),
(792, 6, 112, 4, 63, '5', 'Please Select', 'Please Select', 0, 0, 0, 0, '', '', '', 'Please Select', '4', 'No Asbestos', 'No Asbestos', 1, 0, '2016-03-28'),
(793, 6, 112, 5, 93, '5', 'Please Select', 'Please Select', 0, 0, 0, 0, '', '', '', 'Please Select', '4', 'No Asbestos', 'No Asbestos', 1, 0, '2016-03-28'),
(794, 6, 112, 5, 92, '5', 'Please Select', 'Please Select', 0, 0, 0, 0, '', '', '', 'Please Select', '4', 'No Asbestos', 'No Asbestos', 1, 0, '2016-03-28'),
(795, 6, 112, 6, 94, '5', 'Please Select', 'Please Select', 0, 0, 0, 0, '', '', '', 'Please Select', '4', 'No Asbestos', 'No Asbestos', 1, 0, '2016-03-28'),
(796, 6, 112, 7, 0, '5', 'Please Select', 'Please Select', 0, 0, 0, 0, '', '', '', 'Please Select', '4', 'No Asbestos', 'No Asbestos', 1, 0, '2016-03-28'),
(797, 6, 112, 8, 94, '5', 'Please Select', 'Please Select', 0, 0, 0, 0, '', '', '', 'Please Select', '4', 'No Asbestos', 'No Asbestos', 1, 0, '2016-03-28'),
(798, 6, 131, 2, 95, '5', 'Please Select', 'Please Select', 0, 0, 0, 0, '', '', '', 'Please Select', '4', 'No Asbestos', 'No Asbestos', 1, 0, '2016-03-28'),
(799, 6, 131, 3, 94, '5', 'Please Select', 'Please Select', 0, 0, 0, 0, '', '', '', 'Please Select', '4', 'No Asbestos', 'No Asbestos', 1, 0, '2016-03-28'),
(800, 6, 131, 1, 95, '5', 'Please Select', 'Please Select', 0, 0, 0, 0, '', '', '', 'Please Select', '4', 'No Asbestos', 'No Asbestos', 1, 0, '2016-03-28'),
(801, 6, 131, 4, 95, '5', 'Please Select', 'Please Select', 0, 0, 0, 0, '', '', '', 'Please Select', '4', 'No Asbestos', 'No Asbestos', 1, 0, '2016-03-28'),
(802, 6, 131, 5, 93, '5', 'Please Select', 'Please Select', 0, 0, 0, 0, '', '', '', 'Please Select', '4', 'No Asbestos', 'No Asbestos', 1, 0, '2016-03-28'),
(803, 6, 131, 5, 92, '5', 'Please Select', 'Please Select', 0, 0, 0, 0, '', '', '', 'Please Select', '4', 'No Asbestos', 'No Asbestos', 1, 0, '2016-03-28'),
(804, 6, 131, 6, 94, '5', 'Please Select', 'Please Select', 0, 0, 0, 0, '', '', '', 'Please Select', '4', 'No Asbestos', 'No Asbestos', 1, 0, '2016-03-28'),
(805, 6, 131, 7, 63, '5', 'Please Select', 'Please Select', 0, 0, 0, 0, '', '', '', 'Please Select', '4', 'No Asbestos', 'No Asbestos', 1, 0, '2016-03-28'),
(806, 6, 131, 8, 94, '5', 'Please Select', 'Please Select', 0, 0, 0, 0, '', '', '', 'Please Select', '4', 'No Asbestos', 'No Asbestos', 1, 0, '2016-03-28'),
(807, 6, 132, 2, 95, '5', 'Please Select', 'Please Select', 0, 0, 0, 0, '', '', '', 'Please Select', '4', 'No Asbestos', 'No Asbestos', 1, 0, '2016-03-28'),
(808, 6, 132, 3, 94, '5', 'Please Select', 'Please Select', 0, 0, 0, 0, '', '', '', 'Please Select', '4', 'No Asbestos', 'No Asbestos', 1, 0, '2016-03-28'),
(809, 6, 132, 1, 95, '5', 'Please Select', 'Please Select', 0, 0, 0, 0, '', '', '', 'Please Select', '4', 'No Asbestos', 'No Asbestos', 1, 0, '2016-03-28'),
(810, 6, 132, 4, 95, '5', 'Please Select', 'Please Select', 0, 0, 0, 0, '', '', '', 'Please Select', '4', 'No Asbestos', 'No Asbestos', 1, 0, '2016-03-28'),
(811, 6, 132, 5, 93, '5', 'Please Select', 'Please Select', 0, 0, 0, 0, '', '', '', 'Please Select', '4', 'No Asbestos', 'No Asbestos', 1, 0, '2016-03-28'),
(812, 6, 132, 5, 92, '5', 'Please Select', 'Please Select', 0, 0, 0, 0, '', '', '', 'Please Select', '4', 'No Asbestos', 'No Asbestos', 1, 0, '2016-03-28'),
(813, 6, 132, 6, 94, '5', 'Please Select', 'Please Select', 0, 0, 0, 0, '', '', '', 'Please Select', '4', 'No Asbestos', 'No Asbestos', 1, 0, '2016-03-28'),
(814, 6, 132, 7, 63, '5', 'Please Select', 'Please Select', 0, 0, 0, 0, '', '', '', 'Please Select', '4', 'No Asbestos', 'No Asbestos', 1, 0, '2016-03-28'),
(815, 6, 132, 8, 94, '5', 'Please Select', 'Please Select', 0, 0, 0, 0, '', '', '', 'Please Select', '4', 'No Asbestos', 'No Asbestos', 1, 0, '2016-03-28'),
(816, 6, 133, 2, 95, '5', 'Please Select', 'Please Select', 0, 0, 0, 0, '', '', '', 'Please Select', '4', 'No Asbestos', 'No Asbestos', 1, 0, '2016-03-28'),
(817, 6, 133, 3, 94, '5', 'Please Select', 'Please Select', 0, 0, 0, 0, '', '', '', 'Please Select', '4', 'No Asbestos', 'No Asbestos', 1, 0, '2016-03-28'),
(818, 6, 133, 1, 95, '5', 'Please Select', 'Please Select', 0, 0, 0, 0, '', '', '', 'Please Select', '4', 'No Asbestos', 'No Asbestos', 1, 0, '2016-03-28'),
(819, 6, 133, 4, 95, '5', 'Please Select', 'Please Select', 0, 0, 0, 0, '', '', '', 'Please Select', '4', 'No Asbestos', 'No Asbestos', 1, 0, '2016-03-28'),
(820, 6, 133, 5, 93, '5', 'Please Select', 'Please Select', 0, 0, 0, 0, '', '', '', 'Please Select', '4', 'No Asbestos', 'No Asbestos', 1, 0, '2016-03-28'),
(821, 6, 133, 5, 92, '5', 'Please Select', 'Please Select', 0, 0, 0, 0, '', '', '', 'Please Select', '4', 'No Asbestos', 'No Asbestos', 1, 0, '2016-03-28'),
(822, 6, 133, 6, 94, '5', 'Please Select', 'Please Select', 0, 0, 0, 0, '', '', '', 'Please Select', '4', 'No Asbestos', 'No Asbestos', 1, 0, '2016-03-28'),
(823, 6, 133, 7, 63, '5', 'Please Select', 'Please Select', 0, 0, 0, 0, '', '', '', 'Please Select', '4', 'No Asbestos', 'No Asbestos', 1, 0, '2016-03-28'),
(824, 6, 133, 8, 94, '5', 'Please Select', 'Please Select', 0, 0, 0, 0, '', '', '', 'Please Select', '4', 'No Asbestos', 'No Asbestos', 1, 0, '2016-03-28'),
(825, 6, 134, 2, 95, '5', 'Please Select', 'Please Select', 0, 0, 0, 0, '', '', '', 'Please Select', '4', 'No Asbestos', 'No Asbestos', 1, 0, '2016-03-28'),
(826, 6, 134, 3, 94, '5', 'Please Select', 'Please Select', 0, 0, 0, 0, '', '', '', 'Please Select', '4', 'No Asbestos', 'No Asbestos', 1, 0, '2016-03-28'),
(827, 6, 134, 1, 95, '5', 'Please Select', 'Please Select', 0, 0, 0, 0, '', '', '', 'Please Select', '4', 'No Asbestos', 'No Asbestos', 1, 0, '2016-03-28'),
(828, 6, 134, 4, 95, '5', 'Please Select', 'Please Select', 0, 0, 0, 0, '', '', '', 'Please Select', '4', 'No Asbestos', 'No Asbestos', 1, 0, '2016-03-28'),
(829, 6, 134, 5, 93, '5', 'Please Select', 'Please Select', 0, 0, 0, 0, '', '', '', 'Please Select', '4', 'No Asbestos', 'No Asbestos', 1, 0, '2016-03-28'),
(830, 6, 134, 5, 92, '5', 'Please Select', 'Please Select', 0, 0, 0, 0, '', '', '', 'Please Select', '4', 'No Asbestos', 'No Asbestos', 1, 0, '2016-03-28'),
(831, 6, 134, 6, 94, '5', 'Please Select', 'Please Select', 0, 0, 0, 0, '', '', '', 'Please Select', '4', 'No Asbestos', 'No Asbestos', 1, 0, '2016-03-28'),
(832, 6, 134, 7, 63, '5', 'Please Select', 'Please Select', 0, 0, 0, 0, '', '', '', 'Please Select', '4', 'No Asbestos', 'No Asbestos', 1, 0, '2016-03-28'),
(833, 6, 134, 8, 94, '5', 'Please Select', 'Please Select', 0, 0, 0, 0, '', '', '', 'Please Select', '4', 'No Asbestos', 'No Asbestos', 1, 0, '2016-03-28'),
(834, 6, 135, 2, 95, '5', 'Please Select', 'Please Select', 0, 0, 0, 0, '', '', '', 'Please Select', '4', 'No Asbestos', 'No Asbestos', 1, 0, '2016-03-28'),
(835, 6, 135, 3, 94, '5', 'Please Select', 'Please Select', 0, 0, 0, 0, '', '', '', 'Please Select', '4', 'No Asbestos', 'No Asbestos', 1, 0, '2016-03-28'),
(836, 6, 135, 1, 95, '5', 'Please Select', 'Please Select', 0, 0, 0, 0, '', '', '', 'Please Select', '4', 'No Asbestos', 'No Asbestos', 1, 0, '2016-03-28'),
(837, 6, 135, 4, 95, '5', 'Please Select', 'Please Select', 0, 0, 0, 0, '', '', '', 'Please Select', '4', 'No Asbestos', 'No Asbestos', 1, 0, '2016-03-28'),
(838, 6, 135, 5, 93, '5', 'Please Select', 'Please Select', 0, 0, 0, 0, '', '', '', 'Please Select', '4', 'No Asbestos', 'No Asbestos', 1, 0, '2016-03-28'),
(839, 6, 135, 5, 92, '5', 'Please Select', 'Please Select', 0, 0, 0, 0, '', '', '', 'Please Select', '4', 'No Asbestos', 'No Asbestos', 1, 0, '2016-03-28'),
(840, 6, 135, 6, 94, '5', 'Please Select', 'Please Select', 0, 0, 0, 0, '', '', '', 'Please Select', '4', 'No Asbestos', 'No Asbestos', 1, 0, '2016-03-28'),
(841, 6, 135, 7, 63, '5', 'Please Select', 'Please Select', 0, 0, 0, 0, '', '', '', 'Please Select', '4', 'No Asbestos', 'No Asbestos', 1, 0, '2016-03-28'),
(842, 6, 135, 8, 94, '5', 'Please Select', 'Please Select', 0, 0, 0, 0, '', '', '', 'Please Select', '4', 'No Asbestos', 'No Asbestos', 1, 0, '2016-03-28'),
(843, 6, 136, 2, 95, '5', 'Please Select', 'Please Select', 0, 0, 0, 0, '', '', '', 'Please Select', '4', 'No Asbestos', 'No Asbestos', 1, 0, '2016-03-28'),
(844, 6, 136, 3, 94, '5', 'Please Select', 'Please Select', 0, 0, 0, 0, '', '', '', 'Please Select', '4', 'No Asbestos', 'No Asbestos', 1, 0, '2016-03-28'),
(845, 6, 136, 1, 95, '5', 'Please Select', 'Please Select', 0, 0, 0, 0, '', '', '', 'Please Select', '4', 'No Asbestos', 'No Asbestos', 1, 0, '2016-03-28'),
(846, 6, 136, 4, 95, '5', 'Please Select', 'Please Select', 0, 0, 0, 0, '', '', '', 'Please Select', '4', 'No Asbestos', 'No Asbestos', 1, 0, '2016-03-28'),
(847, 6, 136, 5, 93, '5', 'Please Select', 'Please Select', 0, 0, 0, 0, '', '', '', 'Please Select', '4', 'No Asbestos', 'No Asbestos', 1, 0, '2016-03-28'),
(848, 6, 136, 5, 92, '5', 'Please Select', 'Please Select', 0, 0, 0, 0, '', '', '', 'Please Select', '4', 'No Asbestos', 'No Asbestos', 1, 0, '2016-03-28'),
(849, 6, 136, 6, 94, '5', 'Please Select', 'Please Select', 0, 0, 0, 0, '', '', '', 'Please Select', '4', 'No Asbestos', 'No Asbestos', 1, 0, '2016-03-28'),
(850, 6, 136, 7, 63, '5', 'Please Select', 'Please Select', 0, 0, 0, 0, '', '', '', 'Please Select', '4', 'No Asbestos', 'No Asbestos', 1, 0, '2016-03-28'),
(851, 6, 136, 8, 94, '5', 'Please Select', 'Please Select', 0, 0, 0, 0, '', '', '', 'Please Select', '4', 'No Asbestos', 'No Asbestos', 1, 0, '2016-03-28'),
(852, 6, 137, 2, 95, '5', 'Please Select', 'Please Select', 0, 0, 0, 0, '', '', '', 'Please Select', '4', 'No Asbestos', 'No Asbestos', 1, 0, '2016-03-28'),
(853, 6, 137, 3, 94, '5', 'Please Select', 'Please Select', 0, 0, 0, 0, '', '', '', 'Please Select', '4', 'No Asbestos', 'No Asbestos', 1, 0, '2016-03-28'),
(854, 6, 137, 1, 95, '5', 'Please Select', 'Please Select', 0, 0, 0, 0, '', '', '', 'Please Select', '4', 'No Asbestos', 'No Asbestos', 1, 0, '2016-03-28'),
(855, 6, 137, 4, 95, '5', 'Please Select', 'Please Select', 0, 0, 0, 0, '', '', '', 'Please Select', '4', 'No Asbestos', 'No Asbestos', 1, 0, '2016-03-28'),
(856, 6, 137, 5, 93, '5', 'Please Select', 'Please Select', 0, 0, 0, 0, '', '', '', 'Please Select', '4', 'No Asbestos', 'No Asbestos', 1, 0, '2016-03-28'),
(857, 6, 137, 5, 92, '5', 'Please Select', 'Please Select', 0, 0, 0, 0, '', '', '', 'Please Select', '4', 'No Asbestos', 'No Asbestos', 1, 0, '2016-03-28'),
(858, 6, 137, 6, 94, '5', 'Please Select', 'Please Select', 0, 0, 0, 0, '', '', '', 'Please Select', '4', 'No Asbestos', 'No Asbestos', 1, 0, '2016-03-28'),
(859, 6, 137, 7, 63, '5', 'Please Select', 'Please Select', 0, 0, 0, 0, '', '', '', 'Please Select', '4', 'No Asbestos', 'No Asbestos', 1, 0, '2016-03-28'),
(860, 6, 137, 8, 94, '5', 'Please Select', 'Please Select', 0, 0, 0, 0, '', '', '', 'Please Select', '4', 'No Asbestos', 'No Asbestos', 1, 0, '2016-03-28'),
(861, 6, 138, 2, 95, '5', 'Please Select', 'Please Select', 0, 0, 0, 0, '', '', '', 'Please Select', '4', 'No Asbestos', 'No Asbestos', 1, 0, '2016-03-28'),
(862, 6, 138, 3, 94, '5', 'Please Select', 'Please Select', 0, 0, 0, 0, '', '', '', 'Please Select', '4', 'No Asbestos', 'No Asbestos', 1, 0, '2016-03-28'),
(863, 6, 138, 1, 95, '5', 'Please Select', 'Please Select', 0, 0, 0, 0, '', '', '', 'Please Select', '4', 'No Asbestos', 'No Asbestos', 1, 0, '2016-03-28'),
(864, 6, 138, 4, 95, '5', 'Please Select', 'Please Select', 0, 0, 0, 0, '', '', '', 'Please Select', '4', 'No Asbestos', 'No Asbestos', 1, 0, '2016-03-28'),
(865, 6, 138, 5, 93, '5', 'Please Select', 'Please Select', 0, 0, 0, 0, '', '', '', 'Please Select', '4', 'No Asbestos', 'No Asbestos', 1, 0, '2016-03-28'),
(866, 6, 138, 5, 92, '5', 'Please Select', 'Please Select', 0, 0, 0, 0, '', '', '', 'Please Select', '4', 'No Asbestos', 'No Asbestos', 1, 0, '2016-03-28'),
(867, 6, 138, 6, 94, '5', 'Please Select', 'Please Select', 0, 0, 0, 0, '', '', '', 'Please Select', '4', 'No Asbestos', 'No Asbestos', 1, 0, '2016-03-28'),
(868, 6, 138, 7, 63, '5', 'Please Select', 'Please Select', 0, 0, 0, 0, '', '', '', 'Please Select', '4', 'No Asbestos', 'No Asbestos', 1, 0, '2016-03-28'),
(869, 6, 138, 8, 94, '5', 'Please Select', 'Please Select', 0, 0, 0, 0, '', '', '', 'Please Select', '4', 'No Asbestos', 'No Asbestos', 1, 0, '2016-03-28'),
(870, 6, 139, 2, 95, '5', 'Please Select', 'Please Select', 0, 0, 0, 0, '', '', '', 'Please Select', '4', 'No Asbestos', 'No Asbestos', 1, 0, '2016-03-28'),
(871, 6, 139, 3, 94, '5', 'Please Select', 'Please Select', 0, 0, 0, 0, '', '', '', 'Please Select', '4', 'No Asbestos', 'No Asbestos', 1, 0, '2016-03-28'),
(872, 6, 139, 1, 95, '5', 'Please Select', 'Please Select', 0, 0, 0, 0, '', '', '', 'Please Select', '4', 'No Asbestos', 'No Asbestos', 1, 0, '2016-03-28'),
(873, 6, 139, 4, 95, '5', 'Please Select', 'Please Select', 0, 0, 0, 0, '', '', '', 'Please Select', '4', 'No Asbestos', 'No Asbestos', 1, 0, '2016-03-28'),
(874, 6, 139, 5, 93, '5', 'Please Select', 'Please Select', 0, 0, 0, 0, '', '', '', 'Please Select', '4', 'No Asbestos', 'No Asbestos', 1, 0, '2016-03-28'),
(875, 6, 139, 5, 92, '5', 'Please Select', 'Please Select', 0, 0, 0, 0, '', '', '', 'Please Select', '4', 'No Asbestos', 'No Asbestos', 1, 0, '2016-03-28'),
(876, 6, 139, 6, 94, '5', 'Please Select', 'Please Select', 0, 0, 0, 0, '', '', '', 'Please Select', '4', 'No Asbestos', 'No Asbestos', 1, 0, '2016-03-28'),
(877, 6, 139, 7, 63, '5', 'Please Select', 'Please Select', 0, 0, 0, 0, '', '', '', 'Please Select', '4', 'No Asbestos', 'No Asbestos', 1, 0, '2016-03-28'),
(878, 6, 139, 8, 94, '5', 'Please Select', 'Please Select', 0, 0, 0, 0, '', '', '', 'Please Select', '4', 'No Asbestos', 'No Asbestos', 1, 0, '2016-03-28'),
(879, 6, 140, 2, 95, '5', 'Please Select', 'Please Select', 0, 0, 0, 0, '', '', '', 'Please Select', '4', 'No Asbestos', 'No Asbestos', 1, 0, '2016-03-28'),
(880, 6, 140, 3, 94, '5', 'Please Select', 'Please Select', 0, 0, 0, 0, '', '', '', 'Please Select', '4', 'No Asbestos', 'No Asbestos', 1, 0, '2016-03-28'),
(881, 6, 140, 1, 95, '5', 'Please Select', 'Please Select', 0, 0, 0, 0, '', '', '', 'Please Select', '4', 'No Asbestos', 'No Asbestos', 1, 0, '2016-03-28'),
(882, 6, 140, 4, 95, '5', 'Please Select', 'Please Select', 0, 0, 0, 0, '', '', '', 'Please Select', '4', 'No Asbestos', 'No Asbestos', 1, 0, '2016-03-28'),
(883, 6, 140, 5, 93, '5', 'Please Select', 'Please Select', 0, 0, 0, 0, '', '', '', 'Please Select', '4', 'No Asbestos', 'No Asbestos', 1, 0, '2016-03-28'),
(884, 6, 140, 5, 92, '5', 'Please Select', 'Please Select', 0, 0, 0, 0, '', '', '', 'Please Select', '4', 'No Asbestos', 'No Asbestos', 1, 0, '2016-03-28'),
(885, 6, 140, 6, 94, '5', 'Please Select', 'Please Select', 0, 0, 0, 0, '', '', '', 'Please Select', '4', 'No Asbestos', 'No Asbestos', 1, 0, '2016-03-28'),
(886, 6, 140, 7, 63, '5', 'Please Select', 'Please Select', 0, 0, 0, 0, '', '', '', 'Please Select', '4', 'No Asbestos', 'No Asbestos', 1, 0, '2016-03-28'),
(887, 6, 140, 8, 94, '5', 'Please Select', 'Please Select', 0, 0, 0, 0, '', '', '', 'Please Select', '4', 'No Asbestos', 'No Asbestos', 1, 0, '2016-03-28'),
(888, 6, 141, 2, 95, '5', 'Please Select', 'Please Select', 0, 0, 0, 0, '', '', '', 'Please Select', '4', 'No Asbestos', 'No Asbestos', 1, 0, '2016-03-28'),
(889, 6, 141, 3, 94, '5', 'Please Select', 'Please Select', 0, 0, 0, 0, '', '', '', 'Please Select', '4', 'No Asbestos', 'No Asbestos', 1, 0, '2016-03-28'),
(890, 6, 141, 1, 95, '5', 'Please Select', 'Please Select', 0, 0, 0, 0, '', '', '', 'Please Select', '4', 'No Asbestos', 'No Asbestos', 1, 0, '2016-03-28'),
(891, 6, 141, 4, 95, '5', 'Please Select', 'Please Select', 0, 0, 0, 0, '', '', '', 'Please Select', '4', 'No Asbestos', 'No Asbestos', 1, 0, '2016-03-28'),
(892, 6, 141, 5, 93, '5', 'Please Select', 'Please Select', 0, 0, 0, 0, '', '', '', 'Please Select', '4', 'No Asbestos', 'No Asbestos', 1, 0, '2016-03-28'),
(893, 6, 141, 5, 92, '5', 'Please Select', 'Please Select', 0, 0, 0, 0, '', '', '', 'Please Select', '4', 'No Asbestos', 'No Asbestos', 1, 0, '2016-03-28'),
(894, 6, 141, 6, 94, '5', 'Please Select', 'Please Select', 0, 0, 0, 0, '', '', '', 'Please Select', '4', 'No Asbestos', 'No Asbestos', 1, 0, '2016-03-28'),
(895, 6, 141, 7, 63, '5', 'Please Select', 'Please Select', 0, 0, 0, 0, '', '', '', 'Please Select', '4', 'No Asbestos', 'No Asbestos', 1, 0, '2016-03-28'),
(896, 6, 141, 8, 94, '5', 'Please Select', 'Please Select', 0, 0, 0, 0, '', '', '', 'Please Select', '4', 'No Asbestos', 'No Asbestos', 1, 0, '2016-03-28'),
(897, 6, 142, 2, 95, '5', 'Please Select', 'Please Select', 0, 0, 0, 0, '', '', '', 'Please Select', '4', 'No Asbestos', 'No Asbestos', 1, 0, '2016-03-28'),
(898, 6, 142, 3, 94, '5', 'Please Select', 'Please Select', 0, 0, 0, 0, '', '', '', 'Please Select', '4', 'No Asbestos', 'No Asbestos', 1, 0, '2016-03-28'),
(899, 6, 142, 1, 95, '5', 'Please Select', 'Please Select', 0, 0, 0, 0, '', '', '', 'Please Select', '4', 'No Asbestos', 'No Asbestos', 1, 0, '2016-03-28'),
(900, 6, 142, 4, 95, '5', 'Please Select', 'Please Select', 0, 0, 0, 0, '', '', '', 'Please Select', '4', 'No Asbestos', 'No Asbestos', 1, 0, '2016-03-28'),
(901, 6, 142, 5, 93, '5', 'Please Select', 'Please Select', 0, 0, 0, 0, '', '', '', 'Please Select', '4', 'No Asbestos', 'No Asbestos', 1, 0, '2016-03-28'),
(902, 6, 142, 5, 92, '5', 'Please Select', 'Please Select', 0, 0, 0, 0, '', '', '', 'Please Select', '4', 'No Asbestos', 'No Asbestos', 1, 0, '2016-03-28'),
(903, 6, 142, 6, 94, '5', 'Please Select', 'Please Select', 0, 0, 0, 0, '', '', '', 'Please Select', '4', 'No Asbestos', 'No Asbestos', 1, 0, '2016-03-28'),
(904, 6, 142, 7, 63, '5', 'Please Select', 'Please Select', 0, 0, 0, 0, '', '', '', 'Please Select', '4', 'No Asbestos', 'No Asbestos', 1, 0, '2016-03-28'),
(905, 6, 142, 8, 94, '5', 'Please Select', 'Please Select', 0, 0, 0, 0, '', '', '', 'Please Select', '4', 'No Asbestos', 'No Asbestos', 1, 0, '2016-03-28'),
(906, 6, 143, 2, 95, '5', 'Please Select', 'Please Select', 0, 0, 0, 0, '', '', '', 'Please Select', '4', 'No Asbestos', 'No Asbestos', 1, 0, '2016-03-28'),
(907, 6, 143, 3, 94, '5', 'Please Select', 'Please Select', 0, 0, 0, 0, '', '', '', 'Please Select', '4', 'No Asbestos', 'No Asbestos', 1, 0, '2016-03-28'),
(908, 6, 143, 1, 95, '5', 'Please Select', 'Please Select', 0, 0, 0, 0, '', '', '', 'Please Select', '4', 'No Asbestos', 'No Asbestos', 1, 0, '2016-03-28'),
(909, 6, 143, 4, 95, '5', 'Please Select', 'Please Select', 0, 0, 0, 0, '', '', '', 'Please Select', '4', 'No Asbestos', 'No Asbestos', 1, 0, '2016-03-28'),
(910, 6, 143, 5, 93, '5', 'Please Select', 'Please Select', 0, 0, 0, 0, '', '', '', 'Please Select', '4', 'No Asbestos', 'No Asbestos', 1, 0, '2016-03-28'),
(911, 6, 143, 5, 92, '5', 'Please Select', 'Please Select', 0, 0, 0, 0, '', '', '', 'Please Select', '4', 'No Asbestos', 'No Asbestos', 1, 0, '2016-03-28'),
(912, 6, 143, 6, 94, '5', 'Please Select', 'Please Select', 0, 0, 0, 0, '', '', '', 'Please Select', '4', 'No Asbestos', 'No Asbestos', 1, 0, '2016-03-28'),
(913, 6, 143, 7, 63, '5', 'Please Select', 'Please Select', 0, 0, 0, 0, '', '', '', 'Please Select', '4', 'No Asbestos', 'No Asbestos', 1, 0, '2016-03-28'),
(914, 6, 143, 8, 94, '5', 'Please Select', 'Please Select', 0, 0, 0, 0, '', '', '', 'Please Select', '4', 'No Asbestos', 'No Asbestos', 1, 0, '2016-03-28'),
(915, 6, 144, 2, 95, '5', 'Please Select', 'Please Select', 0, 0, 0, 0, '', '', '', 'Please Select', '4', 'No Asbestos', 'No Asbestos', 1, 0, '2016-03-28'),
(916, 6, 144, 3, 94, '5', 'Please Select', 'Please Select', 0, 0, 0, 0, '', '', '', 'Please Select', '4', 'No Asbestos', 'No Asbestos', 1, 0, '2016-03-28'),
(917, 6, 144, 1, 95, '5', 'Please Select', 'Please Select', 0, 0, 0, 0, '', '', '', 'Please Select', '4', 'No Asbestos', 'No Asbestos', 1, 0, '2016-03-28'),
(918, 6, 144, 4, 95, '5', 'Please Select', 'Please Select', 0, 0, 0, 0, '', '', '', 'Please Select', '4', 'No Asbestos', 'No Asbestos', 1, 0, '2016-03-28'),
(919, 6, 144, 5, 93, '5', 'Please Select', 'Please Select', 0, 0, 0, 0, '', '', '', 'Please Select', '4', 'No Asbestos', 'No Asbestos', 1, 0, '2016-03-28'),
(920, 6, 144, 5, 92, '5', 'Please Select', 'Please Select', 0, 0, 0, 0, '', '', '', 'Please Select', '4', 'No Asbestos', 'No Asbestos', 1, 0, '2016-03-28'),
(921, 6, 144, 6, 94, '5', 'Please Select', 'Please Select', 0, 0, 0, 0, '', '', '', 'Please Select', '4', 'No Asbestos', 'No Asbestos', 1, 0, '2016-03-28'),
(922, 6, 144, 7, 63, '5', 'Please Select', 'Please Select', 0, 0, 0, 0, '', '', '', 'Please Select', '4', 'No Asbestos', 'No Asbestos', 1, 0, '2016-03-28'),
(923, 6, 144, 8, 94, '5', 'Please Select', 'Please Select', 0, 0, 0, 0, '', '', '', 'Please Select', '4', 'No Asbestos', 'No Asbestos', 1, 0, '2016-03-28'),
(924, 6, 145, 2, 95, '5', 'Please Select', 'Please Select', 0, 0, 0, 0, '', '', '', 'Please Select', '4', 'No Asbestos', 'No Asbestos', 1, 0, '2016-03-28'),
(925, 6, 145, 3, 94, '5', 'Please Select', 'Please Select', 0, 0, 0, 0, '', '', '', 'Please Select', '4', 'No Asbestos', 'No Asbestos', 1, 0, '2016-03-28'),
(926, 6, 145, 1, 95, '5', 'Please Select', 'Please Select', 0, 0, 0, 0, '', '', '', 'Please Select', '4', 'No Asbestos', 'No Asbestos', 1, 0, '2016-03-28'),
(927, 6, 145, 4, 95, '5', 'Please Select', 'Please Select', 0, 0, 0, 0, '', '', '', 'Please Select', '4', 'No Asbestos', 'No Asbestos', 1, 0, '2016-03-28'),
(928, 6, 145, 5, 93, '5', 'Please Select', 'Please Select', 0, 0, 0, 0, '', '', '', 'Please Select', '4', 'No Asbestos', 'No Asbestos', 1, 0, '2016-03-28'),
(929, 6, 145, 5, 92, '5', 'Please Select', 'Please Select', 0, 0, 0, 0, '', '', '', 'Please Select', '4', 'No Asbestos', 'No Asbestos', 1, 0, '2016-03-28'),
(930, 6, 145, 6, 94, '5', 'Please Select', 'Please Select', 0, 0, 0, 0, '', '', '', 'Please Select', '4', 'No Asbestos', 'No Asbestos', 1, 0, '2016-03-28'),
(931, 6, 145, 7, 63, '5', 'Please Select', 'Please Select', 0, 0, 0, 0, '', '', '', 'Please Select', '4', 'No Asbestos', 'No Asbestos', 1, 0, '2016-03-28'),
(932, 6, 145, 8, 94, '5', 'Please Select', 'Please Select', 0, 0, 0, 0, '', '', '', 'Please Select', '4', 'No Asbestos', 'No Asbestos', 1, 0, '2016-03-28'),
(933, 6, 146, 2, 95, '5', 'Please Select', 'Please Select', 0, 0, 0, 0, '', '', '', 'Please Select', '4', 'No Asbestos', 'No Asbestos', 1, 0, '2016-03-28'),
(934, 6, 146, 3, 94, '5', 'Please Select', 'Please Select', 0, 0, 0, 0, '', '', '', 'Please Select', '4', 'No Asbestos', 'No Asbestos', 1, 0, '2016-03-28'),
(935, 6, 146, 1, 95, '5', 'Please Select', 'Please Select', 0, 0, 0, 0, '', '', '', 'Please Select', '4', 'No Asbestos', 'No Asbestos', 1, 0, '2016-03-28'),
(936, 6, 146, 4, 95, '5', 'Please Select', 'Please Select', 0, 0, 0, 0, '', '', '', 'Please Select', '4', 'No Asbestos', 'No Asbestos', 1, 0, '2016-03-28'),
(937, 6, 146, 5, 93, '5', 'Please Select', 'Please Select', 0, 0, 0, 0, '', '', '', 'Please Select', '4', 'No Asbestos', 'No Asbestos', 1, 0, '2016-03-28'),
(938, 6, 146, 5, 92, '5', 'Please Select', 'Please Select', 0, 0, 0, 0, '', '', '', 'Please Select', '4', 'No Asbestos', 'No Asbestos', 1, 0, '2016-03-28'),
(939, 6, 146, 6, 94, '5', 'Please Select', 'Please Select', 0, 0, 0, 0, '', '', '', 'Please Select', '4', 'No Asbestos', 'No Asbestos', 1, 0, '2016-03-28'),
(940, 6, 146, 7, 63, '5', 'Please Select', 'Please Select', 0, 0, 0, 0, '', '', '', 'Please Select', '4', 'No Asbestos', 'No Asbestos', 1, 0, '2016-03-28'),
(941, 6, 146, 8, 94, '5', 'Please Select', 'Please Select', 0, 0, 0, 0, '', '', '', 'Please Select', '4', 'No Asbestos', 'No Asbestos', 1, 0, '2016-03-28'),
(942, 6, 147, 2, 95, '5', 'Please Select', 'Please Select', 0, 0, 0, 0, '', '', '', 'Please Select', '4', 'No Asbestos', 'No Asbestos', 1, 0, '2016-03-28'),
(943, 6, 147, 3, 94, '5', 'Please Select', 'Please Select', 0, 0, 0, 0, '', '', '', 'Please Select', '4', 'No Asbestos', 'No Asbestos', 1, 0, '2016-03-28'),
(944, 6, 147, 1, 95, '5', 'Please Select', 'Please Select', 0, 0, 0, 0, '', '', '', 'Please Select', '4', 'No Asbestos', 'No Asbestos', 1, 0, '2016-03-28'),
(945, 6, 147, 4, 95, '5', 'Please Select', 'Please Select', 0, 0, 0, 0, '', '', '', 'Please Select', '4', 'No Asbestos', 'No Asbestos', 1, 0, '2016-03-28'),
(946, 6, 147, 5, 93, '5', 'Please Select', 'Please Select', 0, 0, 0, 0, '', '', '', 'Please Select', '4', 'No Asbestos', 'No Asbestos', 1, 0, '2016-03-28'),
(947, 6, 147, 5, 92, '5', 'Please Select', 'Please Select', 0, 0, 0, 0, '', '', '', 'Please Select', '4', 'No Asbestos', 'No Asbestos', 1, 0, '2016-03-28'),
(948, 6, 147, 6, 94, '5', 'Please Select', 'Please Select', 0, 0, 0, 0, '', '', '', 'Please Select', '4', 'No Asbestos', 'No Asbestos', 1, 0, '2016-03-28'),
(949, 6, 147, 7, 63, '5', 'Please Select', 'Please Select', 0, 0, 0, 0, '', '', '', 'Please Select', '4', 'No Asbestos', 'No Asbestos', 1, 0, '2016-03-28'),
(950, 6, 147, 8, 94, '5', 'Please Select', 'Please Select', 0, 0, 0, 0, '', '', '', 'Please Select', '4', 'No Asbestos', 'No Asbestos', 1, 0, '2016-03-28'),
(951, 6, 148, 2, 95, '5', 'Please Select', 'Please Select', 0, 0, 0, 0, '', '', '', 'Please Select', '4', 'No Asbestos', 'No Asbestos', 1, 0, '2016-03-28'),
(952, 6, 148, 3, 94, '5', 'Please Select', 'Please Select', 0, 0, 0, 0, '', '', '', 'Please Select', '4', 'No Asbestos', 'No Asbestos', 1, 0, '2016-03-28'),
(953, 6, 148, 1, 95, '5', 'Please Select', 'Please Select', 0, 0, 0, 0, '', '', '', 'Please Select', '4', 'No Asbestos', 'No Asbestos', 1, 0, '2016-03-28'),
(954, 6, 148, 4, 95, '5', 'Please Select', 'Please Select', 0, 0, 0, 0, '', '', '', 'Please Select', '4', 'No Asbestos', 'No Asbestos', 1, 0, '2016-03-28'),
(955, 6, 148, 5, 93, '5', 'Please Select', 'Please Select', 0, 0, 0, 0, '', '', '', 'Please Select', '4', 'No Asbestos', 'No Asbestos', 1, 0, '2016-03-28'),
(956, 6, 148, 5, 92, '5', 'Please Select', 'Please Select', 0, 0, 0, 0, '', '', '', 'Please Select', '4', 'No Asbestos', 'No Asbestos', 1, 0, '2016-03-28'),
(957, 6, 148, 6, 94, '5', 'Please Select', 'Please Select', 0, 0, 0, 0, '', '', '', 'Please Select', '4', 'No Asbestos', 'No Asbestos', 1, 0, '2016-03-28'),
(958, 6, 148, 7, 63, '5', 'Please Select', 'Please Select', 0, 0, 0, 0, '', '', '', 'Please Select', '4', 'No Asbestos', 'No Asbestos', 1, 0, '2016-03-28'),
(959, 6, 148, 8, 94, '5', 'Please Select', 'Please Select', 0, 0, 0, 0, '', '', '', 'Please Select', '4', 'No Asbestos', 'No Asbestos', 1, 0, '2016-03-28'),
(960, 6, 149, 2, 95, '5', 'Please Select', 'Please Select', 0, 0, 0, 0, '', '', '', 'Please Select', '4', 'No Asbestos', 'No Asbestos', 1, 0, '2016-03-28'),
(961, 6, 149, 3, 94, '5', 'Please Select', 'Please Select', 0, 0, 0, 0, '', '', '', 'Please Select', '4', 'No Asbestos', 'No Asbestos', 1, 0, '2016-03-28'),
(962, 6, 149, 1, 95, '5', 'Please Select', 'Please Select', 0, 0, 0, 0, '', '', '', 'Please Select', '4', 'No Asbestos', 'No Asbestos', 1, 0, '2016-03-28'),
(963, 6, 149, 4, 95, '5', 'Please Select', 'Please Select', 0, 0, 0, 0, '', '', '', 'Please Select', '4', 'No Asbestos', 'No Asbestos', 1, 0, '2016-03-28'),
(964, 6, 149, 5, 93, '5', 'Please Select', 'Please Select', 0, 0, 0, 0, '', '', '', 'Please Select', '4', 'No Asbestos', 'No Asbestos', 1, 0, '2016-03-28'),
(965, 6, 149, 5, 92, '5', 'Please Select', 'Please Select', 0, 0, 0, 0, '', '', '', 'Please Select', '4', 'No Asbestos', 'No Asbestos', 1, 0, '2016-03-28'),
(966, 6, 149, 6, 94, '5', 'Please Select', 'Please Select', 0, 0, 0, 0, '', '', '', 'Please Select', '4', 'No Asbestos', 'No Asbestos', 1, 0, '2016-03-28'),
(967, 6, 149, 7, 63, '5', 'Please Select', 'Please Select', 0, 0, 0, 0, '', '', '', 'Please Select', '4', 'No Asbestos', 'No Asbestos', 1, 0, '2016-03-28'),
(968, 6, 149, 8, 94, '5', 'Please Select', 'Please Select', 0, 0, 0, 0, '', '', '', 'Please Select', '4', 'No Asbestos', 'No Asbestos', 1, 0, '2016-03-28'),
(969, 6, 113, 2, 95, '5', 'Please Select', 'Please Select', 0, 0, 0, 0, '', '', '', 'Please Select', '4', 'No Asbestos', 'No Asbestos', 1, 0, '2016-03-28'),
(970, 6, 113, 3, 94, '5', 'Please Select', 'Please Select', 0, 0, 0, 0, '', '', '', 'Please Select', '4', 'No Asbestos', 'No Asbestos', 1, 0, '2016-03-28'),
(971, 6, 113, 1, 95, '5', 'Please Select', 'Please Select', 0, 0, 0, 0, '', '', '', 'Please Select', '4', 'No Asbestos', 'No Asbestos', 1, 0, '2016-03-28'),
(972, 6, 113, 4, 63, '5', 'Please Select', 'Please Select', 0, 0, 0, 0, '', '', '', 'Please Select', '4', 'No Asbestos', 'No Asbestos', 1, 0, '2016-03-28'),
(973, 6, 113, 5, 93, '5', 'Please Select', 'Please Select', 0, 0, 0, 0, '', '', '', 'Please Select', '4', 'No Asbestos', 'No Asbestos', 1, 0, '2016-03-28'),
(974, 6, 113, 5, 92, '5', 'Please Select', 'Please Select', 0, 0, 0, 0, '', '', '', 'Please Select', '4', 'No Asbestos', 'No Asbestos', 1, 0, '2016-03-28'),
(975, 6, 113, 6, 94, '5', 'Please Select', 'Please Select', 0, 0, 0, 0, '', '', '', 'Please Select', '4', 'No Asbestos', 'No Asbestos', 1, 0, '2016-03-28'),
(976, 6, 113, 7, 94, '5', 'Please Select', 'Please Select', 0, 0, 0, 0, '', '', '', 'Please Select', '4', 'No Asbestos', 'No Asbestos', 1, 0, '2016-03-28'),
(977, 6, 113, 8, 94, '5', 'Please Select', 'Please Select', 0, 0, 0, 0, '', '', '', 'Please Select', '4', 'No Asbestos', 'No Asbestos', 1, 0, '2016-03-28'),
(978, 6, 114, 2, 95, '5', 'Please Select', 'Please Select', 0, 0, 0, 0, '', '', '', 'Please Select', '4', 'No Asbestos', 'No Asbestos', 1, 0, '2016-03-28'),
(979, 6, 114, 3, 94, '5', 'Please Select', 'Please Select', 0, 0, 0, 0, '', '', '', 'Please Select', '4', 'No Asbestos', 'No Asbestos', 1, 0, '2016-03-28'),
(980, 6, 114, 1, 95, '5', 'Please Select', 'Please Select', 0, 0, 0, 0, '', '', '', 'Please Select', '4', 'No Asbestos', 'No Asbestos', 1, 0, '2016-03-28'),
(981, 6, 114, 4, 63, '5', 'Please Select', 'Please Select', 0, 0, 0, 0, '', '', '', 'Please Select', '4', 'No Asbestos', 'No Asbestos', 1, 0, '2016-03-28'),
(982, 6, 114, 5, 93, '5', 'Please Select', 'Please Select', 0, 0, 0, 0, '', '', '', 'Please Select', '4', 'No Asbestos', 'No Asbestos', 1, 0, '2016-03-28'),
(983, 6, 114, 5, 92, '5', 'Please Select', 'Please Select', 0, 0, 0, 0, '', '', '', 'Please Select', '4', 'No Asbestos', 'No Asbestos', 1, 0, '2016-03-28'),
(984, 6, 114, 6, 94, '5', 'Please Select', 'Please Select', 0, 0, 0, 0, '', '', '', 'Please Select', '4', 'No Asbestos', 'No Asbestos', 1, 0, '2016-03-28'),
(985, 6, 114, 7, 94, '5', 'Please Select', 'Please Select', 0, 0, 0, 0, '', '', '', 'Please Select', '4', 'No Asbestos', 'No Asbestos', 1, 0, '2016-03-28'),
(986, 6, 114, 8, 94, '5', 'Please Select', 'Please Select', 0, 0, 0, 0, '', '', '', 'Please Select', '4', 'No Asbestos', 'No Asbestos', 1, 0, '2016-03-28'),
(987, 6, 115, 2, 95, '5', 'Please Select', 'Please Select', 0, 0, 0, 0, '', '', '', 'Please Select', '4', 'No Asbestos', 'No Asbestos', 1, 0, '2016-03-28'),
(988, 6, 115, 3, 94, '5', 'Please Select', 'Please Select', 0, 0, 0, 0, '', '', '', 'Please Select', '4', 'No Asbestos', 'No Asbestos', 1, 0, '2016-03-28'),
(989, 6, 115, 1, 95, '5', 'Please Select', 'Please Select', 0, 0, 0, 0, '', '', '', 'Please Select', '4', 'No Asbestos', 'No Asbestos', 1, 0, '2016-03-28'),
(990, 6, 115, 4, 63, '5', 'Please Select', 'Please Select', 0, 0, 0, 0, '', '', '', 'Please Select', '4', 'No Asbestos', 'No Asbestos', 1, 0, '2016-03-28'),
(991, 6, 115, 5, 93, '5', 'Please Select', 'Please Select', 0, 0, 0, 0, '', '', '', 'Please Select', '4', 'No Asbestos', 'No Asbestos', 1, 0, '2016-03-28'),
(992, 6, 115, 5, 92, '5', 'Please Select', 'Please Select', 0, 0, 0, 0, '', '', '', 'Please Select', '4', 'No Asbestos', 'No Asbestos', 1, 0, '2016-03-28'),
(993, 6, 115, 6, 94, '5', 'Please Select', 'Please Select', 0, 0, 0, 0, '', '', '', 'Please Select', '4', 'No Asbestos', 'No Asbestos', 1, 0, '2016-03-28'),
(994, 6, 115, 7, 94, '5', 'Please Select', 'Please Select', 0, 0, 0, 0, '', '', '', 'Please Select', '4', 'No Asbestos', 'No Asbestos', 1, 0, '2016-03-28'),
(995, 6, 115, 8, 94, '5', 'Please Select', 'Please Select', 0, 0, 0, 0, '', '', '', 'Please Select', '4', 'No Asbestos', 'No Asbestos', 1, 0, '2016-03-28'),
(996, 6, 116, 2, 95, '5', 'Please Select', 'Please Select', 0, 0, 0, 0, '', '', '', 'Please Select', '4', 'No Asbestos', 'No Asbestos', 1, 0, '2016-03-28'),
(997, 6, 116, 3, 94, '5', 'Please Select', 'Please Select', 0, 0, 0, 0, '', '', '', 'Please Select', '4', 'No Asbestos', 'No Asbestos', 1, 0, '2016-03-28'),
(998, 6, 116, 1, 95, '5', 'Please Select', 'Please Select', 0, 0, 0, 0, '', '', '', 'Please Select', '4', 'No Asbestos', 'No Asbestos', 1, 0, '2016-03-28'),
(999, 6, 116, 4, 63, '5', 'Please Select', 'Please Select', 0, 0, 0, 0, '', '', '', 'Please Select', '4', 'No Asbestos', 'No Asbestos', 1, 0, '2016-03-28'),
(1000, 6, 116, 5, 93, '5', 'Please Select', 'Please Select', 0, 0, 0, 0, '', '', '', 'Please Select', '4', 'No Asbestos', 'No Asbestos', 1, 0, '2016-03-28'),
(1001, 6, 116, 5, 92, '5', 'Please Select', 'Please Select', 0, 0, 0, 0, '', '', '', 'Please Select', '4', 'No Asbestos', 'No Asbestos', 1, 0, '2016-03-28'),
(1002, 6, 116, 6, 94, '5', 'Please Select', 'Please Select', 0, 0, 0, 0, '', '', '', 'Please Select', '4', 'No Asbestos', 'No Asbestos', 1, 0, '2016-03-28'),
(1003, 6, 116, 7, 94, '5', 'Please Select', 'Please Select', 0, 0, 0, 0, '', '', '', 'Please Select', '4', 'No Asbestos', 'No Asbestos', 1, 0, '2016-03-28'),
(1004, 6, 116, 8, 94, '5', 'Please Select', 'Please Select', 0, 0, 0, 0, '', '', '', 'Please Select', '4', 'No Asbestos', 'No Asbestos', 1, 0, '2016-03-28'),
(1005, 6, 117, 2, 95, '5', 'Please Select', 'Please Select', 0, 0, 0, 0, '', '', '', 'Please Select', '4', 'No Asbestos', 'No Asbestos', 1, 0, '2016-03-28'),
(1006, 6, 117, 3, 94, '5', 'Please Select', 'Please Select', 0, 0, 0, 0, '', '', '', 'Please Select', '4', 'No Asbestos', 'No Asbestos', 1, 0, '2016-03-28'),
(1007, 6, 117, 1, 95, '5', 'Please Select', 'Please Select', 0, 0, 0, 0, '', '', '', 'Please Select', '4', 'No Asbestos', 'No Asbestos', 1, 0, '2016-03-28'),
(1008, 6, 117, 4, 63, '5', 'Please Select', 'Please Select', 0, 0, 0, 0, '', '', '', 'Please Select', '4', 'No Asbestos', 'No Asbestos', 1, 0, '2016-03-28'),
(1009, 6, 117, 5, 93, '5', 'Please Select', 'Please Select', 0, 0, 0, 0, '', '', '', 'Please Select', '4', 'No Asbestos', 'No Asbestos', 1, 0, '2016-03-28'),
(1010, 6, 117, 5, 92, '5', 'Please Select', 'Please Select', 0, 0, 0, 0, '', '', '', 'Please Select', '4', 'No Asbestos', 'No Asbestos', 1, 0, '2016-03-28'),
(1011, 6, 117, 6, 94, '5', 'Please Select', 'Please Select', 0, 0, 0, 0, '', '', '', 'Please Select', '4', 'No Asbestos', 'No Asbestos', 1, 0, '2016-03-28'),
(1012, 6, 117, 7, 94, '5', 'Please Select', 'Please Select', 0, 0, 0, 0, '', '', '', 'Please Select', '4', 'No Asbestos', 'No Asbestos', 1, 0, '2016-03-28'),
(1013, 6, 117, 8, 94, '5', 'Please Select', 'Please Select', 0, 0, 0, 0, '', '', '', 'Please Select', '4', 'No Asbestos', 'No Asbestos', 1, 0, '2016-03-28'),
(1014, 6, 118, 2, 95, '5', 'Please Select', 'Please Select', 0, 0, 0, 0, '', '', '', 'Please Select', '4', 'No Asbestos', 'No Asbestos', 1, 0, '2016-03-28'),
(1015, 6, 118, 3, 94, '5', 'Please Select', 'Please Select', 0, 0, 0, 0, '', '', '', 'Please Select', '4', 'No Asbestos', 'No Asbestos', 1, 0, '2016-03-28'),
(1016, 6, 118, 1, 95, '5', 'Please Select', 'Please Select', 0, 0, 0, 0, '', '', '', 'Please Select', '4', 'No Asbestos', 'No Asbestos', 1, 0, '2016-03-28'),
(1017, 6, 118, 4, 63, '5', 'Please Select', 'Please Select', 0, 0, 0, 0, '', '', '', 'Please Select', '4', 'No Asbestos', 'No Asbestos', 1, 0, '2016-03-28'),
(1018, 6, 118, 5, 93, '5', 'Please Select', 'Please Select', 0, 0, 0, 0, '', '', '', 'Please Select', '4', 'No Asbestos', 'No Asbestos', 1, 0, '2016-03-28'),
(1019, 6, 118, 5, 92, '5', 'Please Select', 'Please Select', 0, 0, 0, 0, '', '', '', 'Please Select', '4', 'No Asbestos', 'No Asbestos', 1, 0, '2016-03-28'),
(1020, 6, 118, 6, 94, '5', 'Please Select', 'Please Select', 0, 0, 0, 0, '', '', '', 'Please Select', '4', 'No Asbestos', 'No Asbestos', 1, 0, '2016-03-28'),
(1021, 6, 118, 7, 94, '5', 'Please Select', 'Please Select', 0, 0, 0, 0, '', '', '', 'Please Select', '4', 'No Asbestos', 'No Asbestos', 1, 0, '2016-03-28'),
(1022, 6, 118, 8, 94, '5', 'Please Select', 'Please Select', 0, 0, 0, 0, '', '', '', 'Please Select', '4', 'No Asbestos', 'No Asbestos', 1, 0, '2016-03-28'),
(1023, 6, 119, 2, 95, '5', 'Please Select', 'Please Select', 0, 0, 0, 0, '', '', '', 'Please Select', '4', 'No Asbestos', 'No Asbestos', 1, 0, '2016-03-28'),
(1024, 6, 119, 3, 94, '5', 'Please Select', 'Please Select', 0, 0, 0, 0, '', '', '', 'Please Select', '4', 'No Asbestos', 'No Asbestos', 1, 0, '2016-03-28'),
(1025, 6, 119, 1, 95, '5', 'Please Select', 'Please Select', 0, 0, 0, 0, '', '', '', 'Please Select', '4', 'No Asbestos', 'No Asbestos', 1, 0, '2016-03-28'),
(1026, 6, 119, 4, 63, '5', 'Please Select', 'Please Select', 0, 0, 0, 0, '', '', '', 'Please Select', '4', 'No Asbestos', 'No Asbestos', 1, 0, '2016-03-28'),
(1027, 6, 119, 5, 93, '5', 'Please Select', 'Please Select', 0, 0, 0, 0, '', '', '', 'Please Select', '4', 'No Asbestos', 'No Asbestos', 1, 0, '2016-03-28'),
(1028, 6, 119, 5, 92, '5', 'Please Select', 'Please Select', 0, 0, 0, 0, '', '', '', 'Please Select', '4', 'No Asbestos', 'No Asbestos', 1, 0, '2016-03-28'),
(1029, 6, 119, 6, 94, '5', 'Please Select', 'Please Select', 0, 0, 0, 0, '', '', '', 'Please Select', '4', 'No Asbestos', 'No Asbestos', 1, 0, '2016-03-28'),
(1030, 6, 119, 7, 94, '5', 'Please Select', 'Please Select', 0, 0, 0, 0, '', '', '', 'Please Select', '4', 'No Asbestos', 'No Asbestos', 1, 0, '2016-03-28'),
(1031, 6, 119, 8, 94, '5', 'Please Select', 'Please Select', 0, 0, 0, 0, '', '', '', 'Please Select', '4', 'No Asbestos', 'No Asbestos', 1, 0, '2016-03-28'),
(1032, 6, 120, 2, 95, '5', 'Please Select', 'Please Select', 0, 0, 0, 0, '', '', '', 'Please Select', '4', 'No Asbestos', 'No Asbestos', 1, 0, '2016-03-28'),
(1033, 6, 120, 3, 94, '5', 'Please Select', 'Please Select', 0, 0, 0, 0, '', '', '', 'Please Select', '4', 'No Asbestos', 'No Asbestos', 1, 0, '2016-03-28'),
(1034, 6, 120, 1, 95, '5', 'Please Select', 'Please Select', 0, 0, 0, 0, '', '', '', 'Please Select', '4', 'No Asbestos', 'No Asbestos', 1, 0, '2016-03-28'),
(1035, 6, 120, 4, 63, '5', 'Please Select', 'Please Select', 0, 0, 0, 0, '', '', '', 'Please Select', '4', 'No Asbestos', 'No Asbestos', 1, 0, '2016-03-28'),
(1036, 6, 120, 5, 93, '5', 'Please Select', 'Please Select', 0, 0, 0, 0, '', '', '', 'Please Select', '4', 'No Asbestos', 'No Asbestos', 1, 0, '2016-03-28'),
(1037, 6, 120, 5, 92, '5', 'Please Select', 'Please Select', 0, 0, 0, 0, '', '', '', 'Please Select', '4', 'No Asbestos', 'No Asbestos', 1, 0, '2016-03-28'),
(1038, 6, 120, 6, 94, '5', 'Please Select', 'Please Select', 0, 0, 0, 0, '', '', '', 'Please Select', '4', 'No Asbestos', 'No Asbestos', 1, 0, '2016-03-28'),
(1039, 6, 120, 7, 94, '5', 'Please Select', 'Please Select', 0, 0, 0, 0, '', '', '', 'Please Select', '4', 'No Asbestos', 'No Asbestos', 1, 0, '2016-03-28'),
(1040, 6, 120, 8, 94, '5', 'Please Select', 'Please Select', 0, 0, 0, 0, '', '', '', 'Please Select', '4', 'No Asbestos', 'No Asbestos', 1, 0, '2016-03-28'),
(1041, 6, 121, 2, 95, '5', 'Please Select', 'Please Select', 0, 0, 0, 0, '', '', '', 'Please Select', '4', 'No Asbestos', 'No Asbestos', 1, 0, '2016-03-28'),
(1042, 6, 121, 3, 94, '5', 'Please Select', 'Please Select', 0, 0, 0, 0, '', '', '', 'Please Select', '4', 'No Asbestos', 'No Asbestos', 1, 0, '2016-03-28'),
(1043, 6, 121, 1, 95, '5', 'Please Select', 'Please Select', 0, 0, 0, 0, '', '', '', 'Please Select', '4', 'No Asbestos', 'No Asbestos', 1, 0, '2016-03-28'),
(1044, 6, 121, 4, 63, '5', 'Please Select', 'Please Select', 0, 0, 0, 0, '', '', '', 'Please Select', '4', 'No Asbestos', 'No Asbestos', 1, 0, '2016-03-28'),
(1045, 6, 121, 5, 93, '5', 'Please Select', 'Please Select', 0, 0, 0, 0, '', '', '', 'Please Select', '4', 'No Asbestos', 'No Asbestos', 1, 0, '2016-03-28'),
(1046, 6, 121, 5, 92, '5', 'Please Select', 'Please Select', 0, 0, 0, 0, '', '', '', 'Please Select', '4', 'No Asbestos', 'No Asbestos', 1, 0, '2016-03-28'),
(1047, 6, 121, 6, 94, '5', 'Please Select', 'Please Select', 0, 0, 0, 0, '', '', '', 'Please Select', '4', 'No Asbestos', 'No Asbestos', 1, 0, '2016-03-28'),
(1048, 6, 121, 7, 94, '5', 'Please Select', 'Please Select', 0, 0, 0, 0, '', '', '', 'Please Select', '4', 'No Asbestos', 'No Asbestos', 1, 0, '2016-03-28'),
(1049, 6, 121, 8, 94, '5', 'Please Select', 'Please Select', 0, 0, 0, 0, '', '', '', 'Please Select', '4', 'No Asbestos', 'No Asbestos', 1, 0, '2016-03-28'),
(1050, 6, 122, 2, 95, '5', 'Please Select', 'Please Select', 0, 0, 0, 0, '', '', '', 'Please Select', '4', 'No Asbestos', 'No Asbestos', 1, 0, '2016-03-28'),
(1051, 6, 122, 3, 94, '5', 'Please Select', 'Please Select', 0, 0, 0, 0, '', '', '', 'Please Select', '4', 'No Asbestos', 'No Asbestos', 1, 0, '2016-03-28'),
(1052, 6, 122, 1, 95, '5', 'Please Select', 'Please Select', 0, 0, 0, 0, '', '', '', 'Please Select', '4', 'No Asbestos', 'No Asbestos', 1, 0, '2016-03-28'),
(1053, 6, 122, 4, 63, '5', 'Please Select', 'Please Select', 0, 0, 0, 0, '', '', '', 'Please Select', '4', 'No Asbestos', 'No Asbestos', 1, 0, '2016-03-28'),
(1054, 6, 122, 5, 93, '5', 'Please Select', 'Please Select', 0, 0, 0, 0, '', '', '', 'Please Select', '4', 'No Asbestos', 'No Asbestos', 1, 0, '2016-03-28'),
(1055, 6, 122, 5, 92, '5', 'Please Select', 'Please Select', 0, 0, 0, 0, '', '', '', 'Please Select', '4', 'No Asbestos', 'No Asbestos', 1, 0, '2016-03-28'),
(1056, 6, 122, 6, 94, '5', 'Please Select', 'Please Select', 0, 0, 0, 0, '', '', '', 'Please Select', '4', 'No Asbestos', 'No Asbestos', 1, 0, '2016-03-28'),
(1057, 6, 122, 7, 94, '5', 'Please Select', 'Please Select', 0, 0, 0, 0, '', '', '', 'Please Select', '4', 'No Asbestos', 'No Asbestos', 1, 0, '2016-03-28'),
(1058, 6, 122, 8, 94, '5', 'Please Select', 'Please Select', 0, 0, 0, 0, '', '', '', 'Please Select', '4', 'No Asbestos', 'No Asbestos', 1, 0, '2016-03-28'),
(1059, 6, 123, 2, 95, '5', 'Please Select', 'Please Select', 0, 0, 0, 0, '', '', '', 'Please Select', '4', 'No Asbestos', 'No Asbestos', 1, 0, '2016-03-28'),
(1060, 6, 123, 3, 94, '5', 'Please Select', 'Please Select', 0, 0, 0, 0, '', '', '', 'Please Select', '4', 'No Asbestos', 'No Asbestos', 1, 0, '2016-03-28'),
(1061, 6, 123, 1, 95, '5', 'Please Select', 'Please Select', 0, 0, 0, 0, '', '', '', 'Please Select', '4', 'No Asbestos', 'No Asbestos', 1, 0, '2016-03-28'),
(1062, 6, 123, 4, 63, '5', 'Please Select', 'Please Select', 0, 0, 0, 0, '', '', '', 'Please Select', '4', 'No Asbestos', 'No Asbestos', 1, 0, '2016-03-28');
INSERT INTO `room_by_room` (`r_id`, `building_ID`, `location_ID`, `system_ID`, `material_ID`, `material_identi`, `friability`, `access`, `good`, `fair`, `poor`, `total`, `units`, `debris`, `unit`, `sample_rst`, `s_number`, `rst`, `r_hazard`, `action`, `parent`, `date_added`) VALUES
(1063, 6, 123, 5, 93, '5', 'Please Select', 'Please Select', 0, 0, 0, 0, '', '', '', 'Please Select', '4', 'No Asbestos', 'No Asbestos', 1, 0, '2016-03-28'),
(1064, 6, 123, 5, 92, '5', 'Please Select', 'Please Select', 0, 0, 0, 0, '', '', '', 'Please Select', '4', 'No Asbestos', 'No Asbestos', 1, 0, '2016-03-28'),
(1065, 6, 123, 6, 94, '5', 'Please Select', 'Please Select', 0, 0, 0, 0, '', '', '', 'Please Select', '4', 'No Asbestos', 'No Asbestos', 1, 0, '2016-03-28'),
(1066, 6, 123, 7, 94, '5', 'Please Select', 'Please Select', 0, 0, 0, 0, '', '', '', 'Please Select', '4', 'No Asbestos', 'No Asbestos', 1, 0, '2016-03-28'),
(1067, 6, 123, 8, 94, '5', 'Please Select', 'Please Select', 0, 0, 0, 0, '', '', '', 'Please Select', '4', 'No Asbestos', 'No Asbestos', 1, 0, '2016-03-28'),
(1068, 6, 124, 2, 95, '5', 'Please Select', 'Please Select', 0, 0, 0, 0, '', '', '', 'Please Select', '4', 'No Asbestos', 'No Asbestos', 1, 0, '2016-03-28'),
(1069, 6, 124, 3, 94, '5', 'Please Select', 'Please Select', 0, 0, 0, 0, '', '', '', 'Please Select', '4', 'No Asbestos', 'No Asbestos', 1, 0, '2016-03-28'),
(1070, 6, 124, 1, 95, '5', 'Please Select', 'Please Select', 0, 0, 0, 0, '', '', '', 'Please Select', '4', 'No Asbestos', 'No Asbestos', 1, 0, '2016-03-28'),
(1071, 6, 124, 4, 63, '5', 'Please Select', 'Please Select', 0, 0, 0, 0, '', '', '', 'Please Select', '4', 'No Asbestos', 'No Asbestos', 1, 0, '2016-03-28'),
(1072, 6, 124, 5, 93, '5', 'Please Select', 'Please Select', 0, 0, 0, 0, '', '', '', 'Please Select', '4', 'No Asbestos', 'No Asbestos', 1, 0, '2016-03-28'),
(1073, 6, 124, 5, 92, '5', 'Please Select', 'Please Select', 0, 0, 0, 0, '', '', '', 'Please Select', '4', 'No Asbestos', 'No Asbestos', 1, 0, '2016-03-28'),
(1074, 6, 124, 6, 94, '5', 'Please Select', 'Please Select', 0, 0, 0, 0, '', '', '', 'Please Select', '4', 'No Asbestos', 'No Asbestos', 1, 0, '2016-03-28'),
(1075, 6, 124, 7, 94, '5', 'Please Select', 'Please Select', 0, 0, 0, 0, '', '', '', 'Please Select', '4', 'No Asbestos', 'No Asbestos', 1, 0, '2016-03-28'),
(1076, 6, 124, 8, 94, '5', 'Please Select', 'Please Select', 0, 0, 0, 0, '', '', '', 'Please Select', '4', 'No Asbestos', 'No Asbestos', 1, 0, '2016-03-28'),
(1077, 6, 125, 2, 95, '5', 'Please Select', 'Please Select', 0, 0, 0, 0, '', '', '', 'Please Select', '4', 'No Asbestos', 'No Asbestos', 1, 0, '2016-03-28'),
(1078, 6, 125, 3, 94, '5', 'Please Select', 'Please Select', 0, 0, 0, 0, '', '', '', 'Please Select', '4', 'No Asbestos', 'No Asbestos', 1, 0, '2016-03-28'),
(1079, 6, 125, 1, 95, '5', 'Please Select', 'Please Select', 0, 0, 0, 0, '', '', '', 'Please Select', '4', 'No Asbestos', 'No Asbestos', 1, 0, '2016-03-28'),
(1080, 6, 125, 4, 63, '5', 'Please Select', 'Please Select', 0, 0, 0, 0, '', '', '', 'Please Select', '4', 'No Asbestos', 'No Asbestos', 1, 0, '2016-03-28'),
(1081, 6, 125, 5, 93, '5', 'Please Select', 'Please Select', 0, 0, 0, 0, '', '', '', 'Please Select', '4', 'No Asbestos', 'No Asbestos', 1, 0, '2016-03-28'),
(1082, 6, 125, 5, 92, '5', 'Please Select', 'Please Select', 0, 0, 0, 0, '', '', '', 'Please Select', '4', 'No Asbestos', 'No Asbestos', 1, 0, '2016-03-28'),
(1083, 6, 125, 6, 94, '5', 'Please Select', 'Please Select', 0, 0, 0, 0, '', '', '', 'Please Select', '4', 'No Asbestos', 'No Asbestos', 1, 0, '2016-03-28'),
(1084, 6, 125, 7, 94, '5', 'Please Select', 'Please Select', 0, 0, 0, 0, '', '', '', 'Please Select', '4', 'No Asbestos', 'No Asbestos', 1, 0, '2016-03-28'),
(1085, 6, 125, 8, 94, '5', 'Please Select', 'Please Select', 0, 0, 0, 0, '', '', '', 'Please Select', '4', 'No Asbestos', 'No Asbestos', 1, 0, '2016-03-28'),
(1086, 6, 126, 2, 95, '5', 'Please Select', 'Please Select', 0, 0, 0, 0, '', '', '', 'Please Select', '4', 'No Asbestos', 'No Asbestos', 1, 0, '2016-03-28'),
(1087, 6, 126, 3, 94, '5', 'Please Select', 'Please Select', 0, 0, 0, 0, '', '', '', 'Please Select', '4', 'No Asbestos', 'No Asbestos', 1, 0, '2016-03-28'),
(1088, 6, 126, 1, 95, '5', 'Please Select', 'Please Select', 0, 0, 0, 0, '', '', '', 'Please Select', '4', 'No Asbestos', 'No Asbestos', 1, 0, '2016-03-28'),
(1089, 6, 126, 4, 63, '5', 'Please Select', 'Please Select', 0, 0, 0, 0, '', '', '', 'Please Select', '4', 'No Asbestos', 'No Asbestos', 1, 0, '2016-03-28'),
(1090, 6, 126, 5, 93, '5', 'Please Select', 'Please Select', 0, 0, 0, 0, '', '', '', 'Please Select', '4', 'No Asbestos', 'No Asbestos', 1, 0, '2016-03-28'),
(1091, 6, 126, 5, 92, '5', 'Please Select', 'Please Select', 0, 0, 0, 0, '', '', '', 'Please Select', '4', 'No Asbestos', 'No Asbestos', 1, 0, '2016-03-28'),
(1092, 6, 126, 6, 94, '5', 'Please Select', 'Please Select', 0, 0, 0, 0, '', '', '', 'Please Select', '4', 'No Asbestos', 'No Asbestos', 1, 0, '2016-03-28'),
(1093, 6, 126, 7, 94, '5', 'Please Select', 'Please Select', 0, 0, 0, 0, '', '', '', 'Please Select', '4', 'No Asbestos', 'No Asbestos', 1, 0, '2016-03-28'),
(1094, 6, 126, 8, 94, '5', 'Please Select', 'Please Select', 0, 0, 0, 0, '', '', '', 'Please Select', '4', 'No Asbestos', 'No Asbestos', 1, 0, '2016-03-28'),
(1095, 6, 127, 2, 95, '5', 'Please Select', 'Please Select', 0, 0, 0, 0, '', '', '', 'Please Select', '4', 'No Asbestos', 'No Asbestos', 1, 0, '2016-03-28'),
(1096, 6, 127, 3, 94, '5', 'Please Select', 'Please Select', 0, 0, 0, 0, '', '', '', 'Please Select', '4', 'No Asbestos', 'No Asbestos', 1, 0, '2016-03-28'),
(1097, 6, 127, 1, 95, '5', 'Please Select', 'Please Select', 0, 0, 0, 0, '', '', '', 'Please Select', '4', 'No Asbestos', 'No Asbestos', 1, 0, '2016-03-28'),
(1098, 6, 127, 4, 63, '5', 'Please Select', 'Please Select', 0, 0, 0, 0, '', '', '', 'Please Select', '4', 'No Asbestos', 'No Asbestos', 1, 0, '2016-03-28'),
(1099, 6, 127, 5, 93, '5', 'Please Select', 'Please Select', 0, 0, 0, 0, '', '', '', 'Please Select', '4', 'No Asbestos', 'No Asbestos', 1, 0, '2016-03-28'),
(1100, 6, 127, 5, 92, '5', 'Please Select', 'Please Select', 0, 0, 0, 0, '', '', '', 'Please Select', '4', 'No Asbestos', 'No Asbestos', 1, 0, '2016-03-28'),
(1101, 6, 127, 6, 94, '5', 'Please Select', 'Please Select', 0, 0, 0, 0, '', '', '', 'Please Select', '4', 'No Asbestos', 'No Asbestos', 1, 0, '2016-03-28'),
(1102, 6, 127, 7, 94, '5', 'Please Select', 'Please Select', 0, 0, 0, 0, '', '', '', 'Please Select', '4', 'No Asbestos', 'No Asbestos', 1, 0, '2016-03-28'),
(1103, 6, 127, 8, 94, '5', 'Please Select', 'Please Select', 0, 0, 0, 0, '', '', '', 'Please Select', '4', 'No Asbestos', 'No Asbestos', 1, 0, '2016-03-28'),
(1104, 6, 128, 2, 95, '5', 'Please Select', 'Please Select', 0, 0, 0, 0, '', '', '', 'Please Select', '4', 'No Asbestos', 'No Asbestos', 1, 0, '2016-03-28'),
(1105, 6, 128, 3, 94, '5', 'Please Select', 'Please Select', 0, 0, 0, 0, '', '', '', 'Please Select', '4', 'No Asbestos', 'No Asbestos', 1, 0, '2016-03-28'),
(1106, 6, 128, 1, 95, '5', 'Please Select', 'Please Select', 0, 0, 0, 0, '', '', '', 'Please Select', '4', 'No Asbestos', 'No Asbestos', 1, 0, '2016-03-28'),
(1107, 6, 128, 4, 63, '5', 'Please Select', 'Please Select', 0, 0, 0, 0, '', '', '', 'Please Select', '4', 'No Asbestos', 'No Asbestos', 1, 0, '2016-03-28'),
(1108, 6, 128, 5, 93, '5', 'Please Select', 'Please Select', 0, 0, 0, 0, '', '', '', 'Please Select', '4', 'No Asbestos', 'No Asbestos', 1, 0, '2016-03-28'),
(1109, 6, 128, 5, 92, '5', 'Please Select', 'Please Select', 0, 0, 0, 0, '', '', '', 'Please Select', '4', 'No Asbestos', 'No Asbestos', 1, 0, '2016-03-28'),
(1110, 6, 128, 6, 94, '5', 'Please Select', 'Please Select', 0, 0, 0, 0, '', '', '', 'Please Select', '4', 'No Asbestos', 'No Asbestos', 1, 0, '2016-03-28'),
(1111, 6, 128, 7, 94, '5', 'Please Select', 'Please Select', 0, 0, 0, 0, '', '', '', 'Please Select', '4', 'No Asbestos', 'No Asbestos', 1, 0, '2016-03-28'),
(1112, 6, 128, 8, 94, '5', 'Please Select', 'Please Select', 0, 0, 0, 0, '', '', '', 'Please Select', '4', 'No Asbestos', 'No Asbestos', 1, 0, '2016-03-28'),
(1113, 2, 1, 3, 46, '5', 'y', 'c', 100, 0, 0, 100, '1', '', '', 'v', '73', 'Confirmed Asbestos ( Chrysotile 0.5% )', 'Confirmed Asbestos', 2, 6, '2016-03-29'),
(1114, 6, 98, 2, 79, '12', 'n', 'a', 25, 0, 0, 25, '1', '', '', 's', '62', 'None Detected', 'None Detected', 4, 0, '2016-03-29'),
(1115, 6, 98, 2, 79, '14', 'n', 'a', 250, 0, 0, 250, '1', '', '', 's', '64', 'Chrysotile 2%', 'Confirmed Asbestos', 4, 0, '2016-03-29'),
(1116, 6, 98, 2, 79, '15', 'n', 'a', 100, 0, 0, 100, '1', '', '', 'v', '65', 'Chrysotile 2%', 'Confirmed Asbestos', 4, 0, '2016-03-29'),
(1117, 6, 98, 1, 19, '5', 'n', 'a', 10, 0, 0, 10, '2', '', '', 's', '55', 'None Detected', 'None Detected', 4, 0, '2016-03-29'),
(1118, 6, 98, 1, 89, '5', 'n', 'a', 90, 0, 0, 90, '2', '', '', 'v', '54', 'None Detected', 'None Detected', 4, 0, '2016-03-29'),
(1119, 6, 98, 3, 73, '5', 'y', 'c', 375, 0, 0, 375, '1', '', '', 'v', '57', 'Chrysotile 2%', 'Confirmed Asbestos', 4, 0, '2016-03-29'),
(1120, 6, 98, 4, 94, '5', 'Please Select', 'Please Select', 0, 0, 0, 0, '', '', '', 'Please Select', '4', 'No Asbestos', 'No Asbestos', 1, 0, '2016-03-29'),
(1121, 6, 98, 5, 92, '5', 'Please Select', 'Please Select', 0, 0, 0, 0, '', '', '', 'Please Select', '4', 'No Asbestos', 'No Asbestos', 1, 0, '2016-03-29'),
(1122, 6, 98, 6, 92, '5', 'Please Select', 'Please Select', 0, 0, 0, 0, '', '', '', 'Please Select', '4', 'No Asbestos', 'No Asbestos', 1, 0, '2016-03-29'),
(1123, 6, 98, 7, 94, '5', 'Please Select', 'Please Select', 0, 0, 0, 0, '', '', '', 'Please Select', '4', 'No Asbestos', 'No Asbestos', 1, 0, '2016-03-29'),
(1124, 6, 98, 8, 94, '5', 'Please Select', 'Please Select', 0, 0, 0, 0, '', '', '', 'Please Select', '4', 'No Asbestos', 'No Asbestos', 1, 0, '2016-03-29'),
(1125, 6, 40, 1, 91, '5', 'y', 'a', 100, 0, 0, 100, '2', '', '', 'v', '58', 'None Detected', 'None Detected', 4, 64, '2016-03-29'),
(1126, 6, 40, 2, 95, '5', 'Please Select', 'Please Select', 0, 0, 0, 0, '', '', '', 'Please Select', '4', 'No Asbestos', 'No Asbestos', 1, 62, '2016-03-29'),
(1127, 6, 43, 2, 95, '5', 'Please Select', 'Please Select', 0, 0, 0, 0, '', '', '', 'Please Select', '4', 'No Asbestos', 'No Asbestos', 1, 0, '2016-03-29'),
(1128, 6, 43, 1, 91, '5', 'y', 'a', 100, 0, 0, 100, '2', '', '', 's', '58', 'None Detected', 'None Detected', 4, 0, '2016-03-29'),
(1129, 6, 43, 3, 94, '5', 'Please Select', 'Please Select', 0, 0, 0, 0, '', '', '', 'Please Select', '4', 'No Asbestos', 'No Asbestos', 1, 0, '2016-03-29'),
(1130, 6, 43, 4, 95, '5', 'Please Select', 'Please Select', 0, 0, 0, 0, '', '', '', 'Please Select', '4', 'No Asbestos', 'No Asbestos', 1, 0, '2016-03-29'),
(1131, 6, 43, 5, 92, '5', 'Please Select', 'Please Select', 0, 0, 0, 0, '', '', '', 'Please Select', '4', 'No Asbestos', 'No Asbestos', 1, 0, '2016-03-29'),
(1132, 6, 43, 6, 94, '5', 'Please Select', 'Please Select', 0, 0, 0, 0, '', '', '', 'Please Select', '4', 'No Asbestos', 'No Asbestos', 1, 0, '2016-03-29'),
(1133, 6, 43, 7, 94, '5', 'Please Select', 'Please Select', 0, 0, 0, 0, '', '', '', 'Please Select', '4', 'No Asbestos', 'No Asbestos', 1, 0, '2016-03-29'),
(1134, 6, 43, 8, 94, '5', 'Please Select', 'Please Select', 0, 0, 0, 0, '', '', '', 'Please Select', '4', 'No Asbestos', 'No Asbestos', 1, 0, '2016-03-29'),
(1135, 6, 44, 2, 95, '5', 'Please Select', 'Please Select', 0, 0, 0, 0, '', '', '', 'Please Select', '4', 'No Asbestos', 'No Asbestos', 1, 0, '2016-03-29'),
(1136, 6, 44, 1, 91, '5', 'y', 'a', 100, 0, 0, 100, '2', '', '', 's', '58', 'None Detected', 'None Detected', 4, 0, '2016-03-29'),
(1137, 6, 44, 3, 94, '5', 'Please Select', 'Please Select', 0, 0, 0, 0, '', '', '', 'Please Select', '4', 'No Asbestos', 'No Asbestos', 1, 0, '2016-03-29'),
(1138, 6, 44, 4, 95, '5', 'Please Select', 'Please Select', 0, 0, 0, 0, '', '', '', 'Please Select', '4', 'No Asbestos', 'No Asbestos', 1, 0, '2016-03-29'),
(1139, 6, 44, 5, 92, '5', 'Please Select', 'Please Select', 0, 0, 0, 0, '', '', '', 'Please Select', '4', 'No Asbestos', 'No Asbestos', 1, 0, '2016-03-29'),
(1140, 6, 44, 6, 94, '5', 'Please Select', 'Please Select', 0, 0, 0, 0, '', '', '', 'Please Select', '4', 'No Asbestos', 'No Asbestos', 1, 0, '2016-03-29'),
(1141, 6, 44, 7, 94, '5', 'Please Select', 'Please Select', 0, 0, 0, 0, '', '', '', 'Please Select', '4', 'No Asbestos', 'No Asbestos', 1, 0, '2016-03-29'),
(1142, 6, 44, 8, 94, '5', 'Please Select', 'Please Select', 0, 0, 0, 0, '', '', '', 'Please Select', '4', 'No Asbestos', 'No Asbestos', 1, 0, '2016-03-29'),
(1143, 6, 45, 2, 95, '5', 'Please Select', 'Please Select', 0, 0, 0, 0, '', '', '', 'Please Select', '4', 'No Asbestos', 'No Asbestos', 1, 0, '2016-03-29'),
(1144, 6, 45, 1, 91, '5', 'y', 'a', 100, 0, 0, 100, '2', '', '', 's', '58', 'None Detected', 'None Detected', 4, 0, '2016-03-29'),
(1145, 6, 45, 3, 94, '5', 'Please Select', 'Please Select', 0, 0, 0, 0, '', '', '', 'Please Select', '4', 'No Asbestos', 'No Asbestos', 1, 0, '2016-03-29'),
(1146, 6, 45, 4, 95, '5', 'Please Select', 'Please Select', 0, 0, 0, 0, '', '', '', 'Please Select', '4', 'No Asbestos', 'No Asbestos', 1, 0, '2016-03-29'),
(1147, 6, 45, 5, 92, '5', 'Please Select', 'Please Select', 0, 0, 0, 0, '', '', '', 'Please Select', '4', 'No Asbestos', 'No Asbestos', 1, 0, '2016-03-29'),
(1148, 6, 45, 6, 94, '5', 'Please Select', 'Please Select', 0, 0, 0, 0, '', '', '', 'Please Select', '4', 'No Asbestos', 'No Asbestos', 1, 0, '2016-03-29'),
(1149, 6, 45, 7, 94, '5', 'Please Select', 'Please Select', 0, 0, 0, 0, '', '', '', 'Please Select', '4', 'No Asbestos', 'No Asbestos', 1, 0, '2016-03-29'),
(1150, 6, 45, 8, 94, '5', 'Please Select', 'Please Select', 0, 0, 0, 0, '', '', '', 'Please Select', '4', 'No Asbestos', 'No Asbestos', 1, 0, '2016-03-29'),
(1151, 6, 81, 8, 9, '24', 'n', 'a', 100, 0, 0, 100, '2', '', '', 's', '60', 'None Detected', 'None Detected', 4, 0, '2016-03-29'),
(1153, 6, 81, 8, 9, '25', 'n', 'a', 100, 0, 0, 100, '2', '', '', 's', '61', 'None Detected', 'None Detected', 4, 0, '2016-03-29'),
(1154, 6, 79, 8, 9, '25', 'n', 'a', 100, 0, 0, 100, '2', '', '', 's', '61', 'None Detected', 'None Detected', 4, 0, '2016-03-29'),
(1156, 6, 50, 8, 9, '25', 'n', 'a', 100, 0, 0, 100, '2', '', '', 's', '61', 'None Detected', 'None Detected', 4, 0, '2016-03-29'),
(1158, 6, 77, 2, 101, '5', 'Please Select', 'Please Select', 0, 0, 0, 0, '', '', '', 'Please Select', '4', 'No Asbestos', 'No Asbestos', 1, 678, '2016-03-30'),
(1159, 6, 130, 2, 95, '5', 'Please Select', 'Please Select', 0, 0, 0, 0, '', '', '', 'Please Select', '4', 'No Asbestos', 'No Asbestos', 1, 0, '2016-03-30'),
(1160, 6, 130, 3, 94, '5', 'Please Select', 'Please Select', 0, 0, 0, 0, '', '', '', 'Please Select', '4', 'No Asbestos', 'No Asbestos', 1, 0, '2016-03-30'),
(1161, 6, 130, 1, 95, '5', 'Please Select', 'Please Select', 0, 0, 0, 0, '', '', '', 'Please Select', '4', 'No Asbestos', 'No Asbestos', 1, 0, '2016-03-30'),
(1162, 6, 130, 4, 63, '5', 'Please Select', 'Please Select', 0, 0, 0, 0, '', '', '', 'Please Select', '4', 'No Asbestos', 'No Asbestos', 1, 0, '2016-03-30'),
(1163, 6, 130, 5, 93, '5', 'Please Select', 'Please Select', 0, 0, 0, 0, '', '', '', 'Please Select', '4', 'No Asbestos', 'No Asbestos', 1, 0, '2016-03-30'),
(1164, 6, 130, 5, 92, '5', 'Please Select', 'Please Select', 0, 0, 0, 0, '', '', '', 'Please Select', '4', 'No Asbestos', 'No Asbestos', 1, 0, '2016-03-30'),
(1165, 6, 130, 6, 94, '5', 'Please Select', 'Please Select', 0, 0, 0, 0, '', '', '', 'Please Select', '4', 'No Asbestos', 'No Asbestos', 1, 0, '2016-03-30'),
(1166, 6, 130, 7, 94, '5', 'Please Select', 'Please Select', 0, 0, 0, 0, '', '', '', 'Please Select', '4', 'No Asbestos', 'No Asbestos', 1, 0, '2016-03-30'),
(1167, 6, 130, 8, 94, '5', 'Please Select', 'Please Select', 0, 0, 0, 0, '', '', '', 'Please Select', '4', 'No Asbestos', 'No Asbestos', 1, 0, '2016-03-30'),
(1168, 6, 129, 2, 95, '5', 'Please Select', 'Please Select', 0, 0, 0, 0, '', '', '', 'Please Select', '4', 'No Asbestos', 'No Asbestos', 1, 0, '2016-03-30'),
(1169, 6, 129, 3, 94, '5', 'Please Select', 'Please Select', 0, 0, 0, 0, '', '', '', 'Please Select', '4', 'No Asbestos', 'No Asbestos', 1, 0, '2016-03-30'),
(1170, 6, 129, 1, 95, '5', 'Please Select', 'Please Select', 0, 0, 0, 0, '', '', '', 'Please Select', '4', 'No Asbestos', 'No Asbestos', 1, 0, '2016-03-30'),
(1171, 6, 129, 4, 63, '5', 'Please Select', 'Please Select', 0, 0, 0, 0, '', '', '', 'Please Select', '4', 'No Asbestos', 'No Asbestos', 1, 0, '2016-03-30'),
(1172, 6, 129, 5, 93, '5', 'Please Select', 'Please Select', 0, 0, 0, 0, '', '', '', 'Please Select', '4', 'No Asbestos', 'No Asbestos', 1, 0, '2016-03-30'),
(1173, 6, 129, 5, 92, '5', 'Please Select', 'Please Select', 0, 0, 0, 0, '', '', '', 'Please Select', '4', 'No Asbestos', 'No Asbestos', 1, 0, '2016-03-30'),
(1174, 6, 129, 6, 94, '5', 'Please Select', 'Please Select', 0, 0, 0, 0, '', '', '', 'Please Select', '4', 'No Asbestos', 'No Asbestos', 1, 0, '2016-03-30'),
(1175, 6, 129, 7, 94, '5', 'Please Select', 'Please Select', 0, 0, 0, 0, '', '', '', 'Please Select', '4', 'No Asbestos', 'No Asbestos', 1, 0, '2016-03-30'),
(1176, 6, 129, 8, 94, '5', 'Please Select', 'Please Select', 0, 0, 0, 0, '', '', '', 'Please Select', '4', 'No Asbestos', 'No Asbestos', 1, 0, '2016-03-30'),
(1177, 2, 1, 5, 6, '5', 'Please Select', 'Please Select', 0, 0, 0, 0, '', '', '', 'Please Select', '4', 'No Asbestos', 'No Asbestos', 1, 38, '2016-04-01'),
(1178, 6, 151, 2, 95, '5', 'Please Select', 'Please Select', 0, 0, 0, 0, '', '', '', 'Please Select', '4', 'No Asbestos', 'No Asbestos', 1, 0, '2016-04-01'),
(1179, 6, 151, 3, 94, '5', 'Please Select', 'Please Select', 0, 0, 0, 0, '', '', '', 'Please Select', '4', 'No Asbestos', 'No Asbestos', 1, 0, '2016-04-01'),
(1180, 6, 151, 1, 95, '5', 'Please Select', 'Please Select', 0, 0, 0, 0, '', '', '', 'Please Select', '4', 'No Asbestos', 'No Asbestos', 1, 0, '2016-04-01'),
(1181, 6, 151, 4, 95, '5', 'Please Select', 'Please Select', 0, 0, 0, 0, '', '', '', 'Please Select', '4', 'No Asbestos', 'No Asbestos', 1, 0, '2016-04-01'),
(1182, 6, 151, 5, 93, '5', 'Please Select', 'Please Select', 0, 0, 0, 0, '', '', '', 'Please Select', '4', 'No Asbestos', 'No Asbestos', 1, 0, '2016-04-01'),
(1183, 6, 151, 5, 92, '5', 'Please Select', 'Please Select', 0, 0, 0, 0, '', '', '', 'Please Select', '4', 'No Asbestos', 'No Asbestos', 1, 0, '2016-04-01'),
(1184, 6, 151, 6, 94, '5', 'Please Select', 'Please Select', 0, 0, 0, 0, '', '', '', 'Please Select', '4', 'No Asbestos', 'No Asbestos', 1, 0, '2016-04-01'),
(1185, 6, 151, 7, 63, '5', 'Please Select', 'Please Select', 0, 0, 0, 0, '', '', '', 'Please Select', '4', 'No Asbestos', 'No Asbestos', 1, 0, '2016-04-01'),
(1186, 6, 151, 8, 94, '5', 'Please Select', 'Please Select', 0, 0, 0, 0, '', '', '', 'Please Select', '4', 'No Asbestos', 'No Asbestos', 1, 0, '2016-04-01'),
(1187, 6, 9, 2, 95, '5', 'Please Select', 'Please Select', 0, 0, 0, 0, '', '', '', 'Please Select', '4', 'No Asbestos', 'No Asbestos', 1, 43, '2016-04-01'),
(1188, 36, 157, 2, 79, '30', 'n', 'a', 100, 0, 0, 100, '1', '', '', 's', '84', 'None Detected', 'None Detected', 4, 0, '2016-05-11'),
(1191, 36, 157, 2, 104, '5', 'Please Select', 'Please Select', 0, 0, 0, 0, '0', '', '0', 'Please Select', '4', 'No Asbestos', 'No Asbestos', 1, 1188, '2016-05-12'),
(1192, 36, 157, 2, 80, '32', 'y', 'a', 25, 0, 0, 25, '1', '', '0', 's', '85', 'None Detected', 'None Detected', 4, 1188, '2016-05-12'),
(1193, 36, 157, 3, 89, '5', 'n', 'c', 600, 0, 0, 600, '1', '', '', 'v', '88', 'None Detected', 'None Detected', 4, 0, '2016-05-12'),
(1194, 36, 157, 1, 89, '5', 'n', 'a', 100, 0, 0, 100, '2', '', '', 'v', '88', 'None Detected', 'None Detected', 4, 0, '2016-05-12'),
(1195, 36, 157, 1, 95, '5', 'Please Select', 'Please Select', 0, 0, 0, 0, '0', '', '0', 'Please Select', '4', 'No Asbestos', 'No Asbestos', 1, 1194, '2016-05-12'),
(1196, 36, 157, 4, 83, '5', 'Please Select', 'Please Select', 0, 0, 0, 0, '', '', '', 'Please Select', '4', 'No Asbestos', 'No Asbestos', 1, 0, '2016-05-12'),
(1197, 36, 157, 5, 92, '5', 'Please Select', 'Please Select', 0, 0, 0, 0, '', '', '', 'Please Select', '4', 'No Asbestos', 'No Asbestos', 1, 0, '2016-05-12'),
(1198, 36, 157, 6, 92, '5', 'Please Select', 'Please Select', 0, 0, 0, 0, '', '', '', 'Please Select', '4', 'No Asbestos', 'No Asbestos', 1, 0, '2016-05-12'),
(1200, 36, 157, 6, 103, '5', 'y', 'e', 1, 0, 0, 1, '1', '', '', 'v', '89', 'Chrysotile 40%', 'Confirmed Asbestos', 4, 0, '2016-05-12'),
(1201, 36, 157, 8, 94, '5', 'Please Select', 'Please Select', 0, 0, 0, 0, '', '', '', 'Please Select', '4', 'No Asbestos', 'No Asbestos', 1, 0, '2016-05-12'),
(1202, 36, 174, 2, 79, '30', 'n', 'e', 250, 0, 0, 250, '1', '', '', 's', '84', 'None Detected', 'None Detected', 4, 0, '2016-05-12'),
(1203, 36, 174, 2, 104, '5', 'Please Select', 'Please Select', 0, 0, 0, 0, '0', '', '0', 'Please Select', '4', 'No Asbestos', 'No Asbestos', 1, 1202, '2016-05-12'),
(1204, 36, 174, 2, 105, '5', 'Please Select', 'Please Select', 0, 0, 0, 0, '0', '', '0', 'Please Select', '4', 'No Asbestos', 'No Asbestos', 1, 1202, '2016-05-12'),
(1205, 36, 174, 2, 95, '5', 'Please Select', 'Please Select', 0, 0, 0, 0, '0', '', '0', 'Please Select', '4', 'No Asbestos', 'No Asbestos', 1, 1202, '2016-05-12'),
(1206, 36, 174, 2, 101, '5', 'Please Select', 'Please Select', 0, 0, 0, 0, '0', '', '0', 'Please Select', '4', 'No Asbestos', 'No Asbestos', 1, 1202, '2016-05-12'),
(1207, 36, 174, 3, 102, '5', 'y', 'c', 250, 0, 0, 250, '1', '', '', 's', '87', 'None Detected', 'None Detected', 4, 0, '2016-05-12'),
(1208, 36, 174, 3, 89, '5', 'n', 'c', 550, 0, 0, 550, '1', '', '0', 'v', '88', 'None Detected', 'None Detected', 4, 1207, '2016-05-12'),
(1209, 36, 174, 1, 19, '5', 'n', 'a', 35, 0, 0, 35, '2', '', '', 's', '86', 'None Detected', 'None Detected', 4, 0, '2016-05-12'),
(1210, 36, 174, 1, 89, '5', 'n', 'a', 65, 0, 0, 65, '2', '', '1', 'v', '88', 'None Detected', 'None Detected', 4, 0, '2016-05-12'),
(1211, 36, 174, 4, 83, '5', 'Please Select', 'Please Select', 0, 0, 0, 0, '', '', '', 'Please Select', '4', 'No Asbestos', 'No Asbestos', 1, 0, '2016-05-12'),
(1212, 36, 174, 5, 92, '5', 'Please Select', 'Please Select', 0, 0, 0, 0, '', '', '', 'Please Select', '4', 'No Asbestos', 'No Asbestos', 1, 0, '2016-05-12'),
(1213, 36, 174, 6, 92, '5', 'Please Select', 'Please Select', 0, 0, 0, 0, '', '', '', 'Please Select', '4', 'No Asbestos', 'No Asbestos', 1, 0, '2016-05-12'),
(1214, 36, 174, 8, 94, '5', 'Please Select', 'Please Select', 0, 0, 0, 0, '', '', '', 'Please Select', '4', 'No Asbestos', 'No Asbestos', 1, 0, '2016-05-12'),
(1215, 36, 172, 2, 79, '27', 'n', 'a', 200, 0, 0, 200, '', '', '', 's', '81', 'Chrysotile 2%', 'Confirmed Asbestos', 4, 0, '2016-05-13'),
(1216, 36, 172, 2, 104, '5', 'Please Select', 'Please Select', 0, 0, 0, 0, '0', '', '0', 'Please Select', '4', 'No Asbestos', 'No Asbestos', 1, 1215, '2016-05-13'),
(1217, 36, 172, 2, 95, '5', 'Please Select', 'Please Select', 0, 0, 0, 0, '0', '', '0', 'Please Select', '4', 'No Asbestos', 'No Asbestos', 1, 1215, '2016-05-13'),
(1218, 36, 172, 3, 89, '5', 'n', 'c', 800, 0, 0, 800, '1', '', '', 'v', '88', 'None Detected', 'None Detected', 4, 0, '2016-05-13'),
(1219, 36, 172, 1, 89, '5', 'n', 'a', 100, 0, 0, 100, '2', '', '', 's', '86', 'None Detected', 'None Detected', 4, 0, '2016-05-13'),
(1220, 36, 172, 4, 83, '5', 'Please Select', 'Please Select', 0, 0, 0, 0, '', '', '', 'Please Select', '4', 'No Asbestos', 'No Asbestos', 1, 0, '2016-05-13'),
(1221, 36, 172, 5, 92, '5', 'Please Select', 'Please Select', 0, 0, 0, 0, '', '', '', 'Please Select', '4', 'No Asbestos', 'No Asbestos', 1, 0, '2016-05-13'),
(1222, 36, 172, 6, 92, '5', 'Please Select', 'Please Select', 0, 0, 0, 0, '', '', '', 'Please Select', '4', 'No Asbestos', 'No Asbestos', 1, 0, '2016-05-13'),
(1223, 36, 172, 7, 92, '5', 'Please Select', 'Please Select', 0, 0, 0, 0, '', '', '', 'Please Select', '4', 'No Asbestos', 'No Asbestos', 1, 0, '2016-05-13'),
(1224, 36, 172, 8, 94, '5', 'Please Select', 'Please Select', 0, 0, 0, 0, '', '', '', 'Please Select', '4', 'No Asbestos', 'No Asbestos', 1, 0, '2016-05-13'),
(1225, 36, 177, 2, 79, '36', 'n', 'a', 150, 0, 0, 150, '1', '', '', 'v', '1', 'None Detected', 'None Detected', 4, 0, '2016-05-13'),
(1226, 36, 177, 2, 104, '5', 'Please Select', 'Please Select', 0, 0, 0, 0, '0', '', '0', 'Please Select', '4', 'No Asbestos', 'No Asbestos', 1, 1225, '2016-05-13'),
(1227, 36, 177, 2, 101, '5', 'Please Select', 'Please Select', 0, 0, 0, 0, '0', '', '0', 'Please Select', '4', 'No Asbestos', 'No Asbestos', 1, 1225, '2016-05-13'),
(1228, 36, 177, 3, 89, '5', 'n', 'c', 600, 0, 0, 600, '1', '', '', 'v', '88', 'None Detected', 'None Detected', 4, 0, '2016-05-13'),
(1229, 36, 177, 1, 89, '5', 'n', 'c', 100, 0, 0, 100, '2', '', '', 'v', '88', 'None Detected', 'None Detected', 4, 0, '2016-05-13'),
(1230, 36, 177, 4, 83, '5', 'Please Select', 'Please Select', 0, 0, 0, 0, '', '', '', 'Please Select', '4', 'No Asbestos', 'No Asbestos', 1, 0, '2016-05-13'),
(1231, 36, 177, 5, 92, '5', 'Please Select', 'Please Select', 0, 0, 0, 0, '', '', '', 'Please Select', '4', 'No Asbestos', 'No Asbestos', 1, 0, '2016-05-13'),
(1232, 36, 177, 6, 92, '5', 'n', 'Please Select', 0, 0, 0, 0, '', '', '', 'Please Select', '4', 'No Asbestos', 'No Asbestos', 1, 0, '2016-05-13'),
(1233, 36, 177, 7, 92, '5', 'Please Select', 'Please Select', 0, 0, 0, 0, '', '', '', 'Please Select', '4', 'No Asbestos', 'No Asbestos', 1, 0, '2016-05-13'),
(1234, 36, 177, 8, 94, '5', 'Please Select', 'Please Select', 0, 0, 0, 0, '', '', '', 'Please Select', '4', 'No Asbestos', 'No Asbestos', 1, 0, '2016-05-13'),
(1235, 36, 180, 2, 79, '28', 'n', 'e', 300, 0, 0, 300, '1', '', '', 'v', '82', 'None Detected', 'None Detected', 4, 0, '2016-05-13'),
(1236, 36, 180, 2, 101, '5', 'Please Select', 'Please Select', 0, 0, 0, 0, '0', '', '0', 'Please Select', '4', 'No Asbestos', 'No Asbestos', 1, 1235, '2016-05-13'),
(1237, 36, 180, 3, 89, '5', 'n', 'c', 750, 0, 0, 750, '1', '', '', 'v', '88', 'None Detected', 'None Detected', 4, 0, '2016-05-13'),
(1238, 36, 180, 2, 80, '34', 'y', 'a', 50, 0, 0, 50, '1', '', '0', 'v', '1', 'None Detected', 'None Detected', 4, 1235, '2016-05-13'),
(1239, 36, 180, 1, 89, '5', 'n', 'a', 100, 0, 0, 100, '2', '', '', 'v', '88', 'None Detected', 'None Detected', 4, 0, '2016-05-13'),
(1240, 36, 180, 4, 83, '5', 'Please Select', 'Please Select', 0, 0, 0, 0, '', '', '', 'Please Select', '4', 'No Asbestos', 'No Asbestos', 1, 0, '2016-05-13'),
(1241, 36, 180, 5, 92, '5', 'Please Select', 'Please Select', 0, 0, 0, 0, '', '', '', 'Please Select', '4', 'No Asbestos', 'No Asbestos', 1, 0, '2016-05-13'),
(1242, 36, 180, 6, 92, '5', 'Please Select', 'Please Select', 0, 0, 0, 0, '', '', '', 'Please Select', '4', 'No Asbestos', 'No Asbestos', 1, 0, '2016-05-13'),
(1243, 36, 180, 7, 92, '5', 'Please Select', 'Please Select', 0, 0, 0, 0, '', '', '', 'Please Select', '4', 'No Asbestos', 'No Asbestos', 1, 0, '2016-05-13'),
(1244, 36, 180, 8, 97, '5', 'y', 'c', 2, 0, 0, 2, '1', '', '1', 'v', '89', 'Chrysotile 40%', 'Confirmed Asbestos', 4, 0, '2016-05-13'),
(1245, 36, 163, 2, 79, '35', 'n', 'a', 400, 0, 0, 400, '1', '', '', 'v', '1', 'None Detected', 'None Detected', 4, 0, '2016-05-14'),
(1246, 36, 163, 2, 80, '33', 'y', 'a', 350, 0, 0, 350, '1', '', '0', 'v', '1', 'None Detected', 'None Detected', 4, 1245, '2016-05-14'),
(1247, 36, 163, 3, 89, '5', 'n', 'c', 400, 0, 0, 400, '1', '', '', 'v', '88', 'None Detected', 'None Detected', 4, 0, '2016-05-14'),
(1248, 36, 163, 1, 89, '5', 'n', 'a', 100, 0, 0, 100, '2', '', '', 'v', '88', 'None Detected', 'None Detected', 4, 0, '2016-05-14'),
(1249, 36, 163, 2, 104, '5', 'Please Select', 'Please Select', 0, 0, 0, 0, '0', '', '0', 'Please Select', '4', 'No Asbestos', 'No Asbestos', 1, 1245, '2016-05-14'),
(1250, 36, 163, 4, 83, '5', 'Please Select', 'Please Select', 0, 0, 0, 0, '', '', '', 'Please Select', '4', 'No Asbestos', 'No Asbestos', 1, 0, '2016-05-14'),
(1251, 36, 163, 5, 92, '5', 'Please Select', 'Please Select', 0, 0, 0, 0, '', '', '', 'Please Select', '4', 'No Asbestos', 'No Asbestos', 1, 0, '2016-05-14'),
(1252, 36, 163, 6, 92, '5', 'Please Select', 'Please Select', 0, 0, 0, 0, '', '', '', 'Please Select', '4', 'No Asbestos', 'No Asbestos', 1, 0, '2016-05-14'),
(1253, 36, 163, 7, 92, '5', 'Please Select', 'Please Select', 0, 0, 0, 0, '', '', '', 'Please Select', '4', 'No Asbestos', 'No Asbestos', 1, 0, '2016-05-14'),
(1254, 36, 163, 8, 94, '5', 'Please Select', 'Please Select', 0, 0, 0, 0, '', '', '', 'Please Select', '4', 'No Asbestos', 'No Asbestos', 1, 0, '2016-05-14'),
(1255, 36, 173, 2, 79, '28', 'n', 'e', 400, 0, 0, 400, '1', '', '', 'v', '82', 'None Detected', 'None Detected', 4, 0, '2016-05-14'),
(1256, 36, 173, 2, 101, '5', 'Please Select', 'Please Select', 0, 0, 0, 0, '0', '', '0', 'Please Select', '4', 'No Asbestos', 'No Asbestos', 1, 1255, '2016-05-15'),
(1258, 36, 173, 2, 80, '33', 'y', 'a', 50, 0, 0, 50, '1', '', '0', 'v', '1', 'None Detected', 'None Detected', 4, 1255, '2016-05-15'),
(1259, 36, 173, 2, 104, '5', 'Please Select', 'Please Select', 0, 0, 0, 0, '0', '', '0', 'Please Select', '4', 'No Asbestos', 'No Asbestos', 1, 1255, '2016-05-15'),
(1260, 36, 173, 3, 89, '5', 'n', 'c', 800, 0, 0, 800, '1', '', '', 'v', '88', 'None Detected', 'None Detected', 4, 0, '2016-05-15'),
(1261, 36, 173, 1, 89, '5', 'n', 'a', 95, 5, 0, 100, '2', '', '', 's', '88', 'None Detected', 'None Detected', 4, 0, '2016-05-15'),
(1262, 36, 173, 4, 83, '5', 'Please Select', 'Please Select', 0, 0, 0, 0, '', '', '', 'Please Select', '4', 'No Asbestos', 'No Asbestos', 1, 0, '2016-05-15'),
(1263, 36, 173, 5, 92, '5', 'Please Select', 'Please Select', 0, 0, 0, 0, '', '', '', 'Please Select', '4', 'No Asbestos', 'No Asbestos', 1, 0, '2016-05-15'),
(1264, 36, 173, 6, 92, '5', 'Please Select', 'Please Select', 0, 0, 0, 0, '', '', '', 'Please Select', '4', 'No Asbestos', 'No Asbestos', 1, 0, '2016-05-15'),
(1265, 36, 173, 7, 92, '5', 'Please Select', 'Please Select', 0, 0, 0, 0, '', '', '', 'Please Select', '4', 'No Asbestos', 'No Asbestos', 1, 0, '2016-05-15'),
(1266, 36, 173, 8, 97, '5', 'y', 'd', 4, 0, 0, 4, '1', '', '', 'v', '89', 'Chrysotile 40%', 'Confirmed Asbestos', 4, 0, '2016-05-15'),
(1267, 36, 170, 2, 79, '30', 'n', 'a', 200, 0, 0, 200, '1', '', '', 'v', '84', 'None Detected', 'None Detected', 4, 0, '2016-05-15'),
(1268, 36, 170, 2, 104, '5', 'Please Select', 'Please Select', 0, 0, 0, 0, '0', '', '0', 'Please Select', '4', 'No Asbestos', 'No Asbestos', 1, 1267, '2016-05-15'),
(1269, 36, 170, 1, 89, '5', 'n', 'a', 100, 0, 0, 100, '1', '', '', 'v', '88', 'None Detected', 'None Detected', 4, 0, '2016-05-15'),
(1270, 36, 170, 3, 89, '5', 'n', 'c', 800, 0, 0, 800, '1', '', '', 'v', '88', 'None Detected', 'None Detected', 4, 0, '2016-05-15'),
(1271, 36, 170, 2, 80, '32', 'y', 'a', 50, 0, 0, 50, '1', '', '0', 'v', '85', 'None Detected', 'None Detected', 4, 1267, '2016-05-15'),
(1272, 36, 170, 4, 83, '5', 'Please Select', 'Please Select', 0, 0, 0, 0, '', '', '', 'Please Select', '4', 'No Asbestos', 'No Asbestos', 1, 0, '2016-05-15'),
(1273, 36, 170, 5, 92, '5', 'Please Select', 'Please Select', 0, 0, 0, 0, '', '', '', 'Please Select', '4', 'No Asbestos', 'No Asbestos', 1, 0, '2016-05-15'),
(1274, 36, 170, 6, 92, '5', 'Please Select', 'Please Select', 0, 0, 0, 0, '', '', '', 'Please Select', '4', 'No Asbestos', 'No Asbestos', 1, 0, '2016-05-15'),
(1275, 36, 170, 7, 92, '5', 'Please Select', 'Please Select', 0, 0, 0, 0, '', '', '', 'Please Select', '4', 'No Asbestos', 'No Asbestos', 1, 0, '2016-05-15'),
(1276, 36, 175, 2, 79, '36', 'n', 'a', 200, 0, 0, 200, '1', '', '', 'v', '1', 'None Detected', 'None Detected', 4, 0, '2016-05-15'),
(1277, 36, 175, 2, 80, '32', 'y', 'a', 50, 0, 0, 50, '1', '', '0', 'v', '85', 'None Detected', 'None Detected', 4, 1276, '2016-05-15'),
(1278, 36, 175, 2, 104, '5', 'Please Select', 'Please Select', 0, 0, 0, 0, '0', '', '0', 'Please Select', '4', 'No Asbestos', 'No Asbestos', 1, 1276, '2016-05-15'),
(1279, 36, 175, 3, 89, '5', 'n', 'c', 800, 0, 0, 800, '1', '', '', 'v', '88', 'None Detected', 'None Detected', 4, 0, '2016-05-15'),
(1280, 36, 175, 1, 89, '5', 'n', 'a', 100, 0, 0, 100, '2', '', '', 'v', '88', 'None Detected', 'None Detected', 4, 0, '2016-05-15'),
(1281, 36, 175, 4, 83, '5', 'Please Select', 'Please Select', 0, 0, 0, 0, '', '', '', 'Please Select', '4', 'No Asbestos', 'No Asbestos', 1, 0, '2016-05-15'),
(1282, 36, 175, 5, 92, '5', 'Please Select', 'Please Select', 0, 0, 0, 0, '', '', '', 'Please Select', '4', 'No Asbestos', 'No Asbestos', 1, 0, '2016-05-15'),
(1283, 36, 175, 6, 92, '5', 'Please Select', 'Please Select', 0, 0, 0, 0, '', '', '', 'Please Select', '4', 'No Asbestos', 'No Asbestos', 1, 0, '2016-05-15'),
(1284, 36, 175, 7, 92, '5', 'Please Select', 'Please Select', 0, 0, 0, 0, '', '', '', 'Please Select', '4', 'No Asbestos', 'No Asbestos', 1, 0, '2016-05-15'),
(1285, 36, 175, 8, 94, '5', 'Please Select', 'Please Select', 0, 0, 0, 0, '', '', '', 'Please Select', '4', 'No Asbestos', 'No Asbestos', 1, 0, '2016-05-15'),
(1286, 36, 168, 2, 79, '36', 'n', 'a', 200, 0, 0, 200, '1', '', '', 'v', '1', 'None Detected', 'None Detected', 4, 0, '2016-05-15'),
(1287, 36, 168, 2, 80, '32', 'y', 'a', 50, 0, 0, 50, '1', '', '0', 'v', '85', 'None Detected', 'None Detected', 4, 1286, '2016-05-15'),
(1288, 36, 168, 2, 104, '5', 'Please Select', 'Please Select', 0, 0, 0, 0, '0', '', '0', 'Please Select', '4', 'No Asbestos', 'No Asbestos', 1, 1286, '2016-05-15'),
(1289, 36, 168, 1, 89, '5', 'n', 'a', 100, 0, 0, 100, '1', '', '', 's', '88', 'None Detected', 'None Detected', 4, 0, '2016-05-15'),
(1290, 36, 168, 3, 89, '5', 'n', 'c', 800, 0, 0, 800, '1', '', '', 'v', '88', 'None Detected', 'None Detected', 4, 0, '2016-05-15'),
(1291, 36, 168, 4, 83, '5', 'Please Select', 'Please Select', 0, 0, 0, 0, '', '', '', 'Please Select', '4', 'No Asbestos', 'No Asbestos', 1, 0, '2016-05-15'),
(1292, 36, 168, 5, 92, '5', 'Please Select', 'Please Select', 0, 0, 0, 0, '', '', '', 'Please Select', '4', 'No Asbestos', 'No Asbestos', 1, 0, '2016-05-15'),
(1293, 36, 168, 6, 92, '5', 'Please Select', 'Please Select', 0, 0, 0, 0, '', '', '', 'Please Select', '4', 'No Asbestos', 'No Asbestos', 1, 0, '2016-05-15'),
(1294, 36, 168, 8, 97, '5', 'y', 'd', 2, 0, 0, 2, '1', '', '', 'v', '89', 'Chrysotile 40%', 'Confirmed Asbestos', 3, 0, '2016-05-15'),
(1295, 36, 178, 2, 79, '36', 'n', 'a', 100, 0, 0, 100, '1', '', '', 'v', '1', 'None Detected', 'None Detected', 4, 0, '2016-05-15'),
(1296, 36, 178, 2, 80, '33', 'y', 'a', 50, 0, 0, 50, '1', '', '0', 'v', '1', 'None Detected', 'None Detected', 4, 1295, '2016-05-15'),
(1297, 36, 178, 2, 104, '5', 'Please Select', 'Please Select', 0, 0, 0, 0, '0', '', '0', 'Please Select', '4', 'No Asbestos', 'No Asbestos', 1, 1295, '2016-05-15'),
(1298, 36, 178, 3, 89, '5', 'n', 'c', 800, 0, 0, 800, '1', '', '', 'v', '88', 'None Detected', 'None Detected', 4, 0, '2016-05-15'),
(1299, 36, 178, 1, 89, '5', 'n', 'a', 100, 0, 0, 100, '2', '', '', 'v', '88', 'None Detected', 'None Detected', 4, 0, '2016-05-15'),
(1300, 36, 178, 4, 83, '5', 'Please Select', 'Please Select', 0, 0, 0, 0, '', '', '', 'Please Select', '4', 'No Asbestos', 'No Asbestos', 1, 0, '2016-05-15'),
(1301, 36, 178, 5, 92, '5', 'Please Select', 'Please Select', 0, 0, 0, 0, '', '', '', 'Please Select', '4', 'No Asbestos', 'No Asbestos', 1, 0, '2016-05-15'),
(1302, 36, 178, 6, 92, '5', 'Please Select', 'Please Select', 0, 0, 0, 0, '', '', '', 'Please Select', '4', 'No Asbestos', 'No Asbestos', 1, 0, '2016-05-15'),
(1303, 36, 178, 7, 92, '5', 'Please Select', 'Please Select', 0, 0, 0, 0, '', '', '', 'Please Select', '4', 'No Asbestos', 'No Asbestos', 1, 0, '2016-05-15'),
(1304, 36, 178, 8, 94, '5', 'Please Select', 'Please Select', 0, 0, 0, 0, '', '', '', 'Please Select', '4', 'No Asbestos', 'No Asbestos', 1, 0, '2016-05-15'),
(1305, 36, 169, 2, 79, '30', 'n', 'e', 200, 0, 0, 200, '1', '', '', 's', '84', 'None Detected', 'None Detected', 4, 0, '2016-05-15'),
(1306, 36, 169, 2, 104, '5', 'Please Select', 'Please Select', 0, 0, 0, 0, '0', '', '0', 'Please Select', '4', 'No Asbestos', 'No Asbestos', 1, 1305, '2016-05-15'),
(1307, 36, 169, 2, 101, '5', 'Please Select', 'Please Select', 0, 0, 0, 0, '0', '', '0', 'Please Select', '4', 'No Asbestos', 'No Asbestos', 1, 1305, '2016-05-15'),
(1320, 36, 167, 2, 80, '31', 'y', 'a', 25, 0, 0, 25, '1', '', '0', 'v', '1', 'None Detected', 'None Detected', 4, 1318, '2016-05-15'),
(1309, 36, 169, 2, 101, '5', 'Please Select', 'Please Select', 0, 0, 0, 0, '0', '', '0', 'Please Select', '4', 'No Asbestos', 'No Asbestos', 1, 1305, '2016-05-15'),
(1310, 36, 169, 3, 89, '5', 'y', 'c', 600, 0, 0, 600, '1', '', '', 'v', '88', 'None Detected', 'None Detected', 4, 0, '2016-05-15'),
(1319, 36, 167, 2, 79, '29', 'n', 'a', 40, 0, 0, 40, '1', '', '0', 's', '83', 'Chrysotile 2%', 'Confirmed Asbestos', 4, 1318, '2016-05-15'),
(1312, 36, 169, 1, 89, '5', 'n', 'a', 75, 0, 0, 75, '2', '', '', 's', '88', 'None Detected', 'None Detected', 4, 0, '2016-05-15'),
(1318, 36, 167, 2, 79, '28', 'n', 'a', 75, 0, 0, 75, '1', '', '', 's', '82', 'None Detected', 'None Detected', 4, 0, '2016-05-15'),
(1314, 36, 169, 4, 83, '5', 'Please Select', 'Please Select', 0, 0, 0, 0, '', '', '', 'Please Select', '4', 'No Asbestos', 'No Asbestos', 1, 0, '2016-05-15'),
(1315, 36, 169, 5, 92, '5', 'Please Select', 'Please Select', 0, 0, 0, 0, '', '', '', 'Please Select', '4', 'No Asbestos', 'No Asbestos', 1, 0, '2016-05-15'),
(1316, 36, 169, 6, 92, '5', 'Please Select', 'Please Select', 0, 0, 0, 0, '', '', '', 'Please Select', '4', 'No Asbestos', 'No Asbestos', 1, 0, '2016-05-15'),
(1317, 36, 169, 8, 94, '5', 'Please Select', 'Please Select', 0, 0, 0, 0, '', '', '', 'Please Select', '4', 'No Asbestos', 'No Asbestos', 1, 0, '2016-05-15'),
(1321, 36, 167, 1, 89, '5', 'n', 'a', 80, 0, 0, 80, '2', '', '', 's', '88', 'None Detected', 'None Detected', 4, 0, '2016-05-15'),
(1322, 36, 167, 1, 90, '5', 'Please Select', 'Please Select', 0, 0, 0, 0, '0', '', '0', 'Please Select', '4', 'No Asbestos', 'No Asbestos', 1, 1321, '2016-05-15'),
(1323, 36, 167, 3, 89, '5', 'n', 'c', 450, 0, 0, 450, '1', '', '', 'Please Select', '88', 'None Detected', 'None Detected', 4, 0, '2016-05-15'),
(1324, 36, 167, 4, 83, '5', 'Please Select', 'Please Select', 0, 0, 0, 0, '', '', '', 'Please Select', '4', 'No Asbestos', 'No Asbestos', 1, 0, '2016-05-15'),
(1325, 36, 167, 5, 92, '5', 'Please Select', 'Please Select', 0, 0, 0, 0, '', '', '', 'Please Select', '4', 'No Asbestos', 'No Asbestos', 1, 0, '2016-05-15'),
(1326, 36, 167, 6, 92, '5', 'Please Select', 'Please Select', 0, 0, 0, 0, '', '', '', 'Please Select', '4', 'No Asbestos', 'No Asbestos', 1, 0, '2016-05-15'),
(1327, 36, 167, 7, 92, '5', 'Please Select', 'Please Select', 0, 0, 0, 0, '', '', '', 'Please Select', '4', 'No Asbestos', 'No Asbestos', 1, 0, '2016-05-15'),
(1328, 36, 167, 8, 97, '5', 'y', 'd', 8, 0, 0, 8, '1', '', '', 's', '89', 'Chrysotile 40%', 'Confirmed Asbestos', 4, 0, '2016-05-15'),
(1329, 36, 176, 2, 79, '28', 'n', 'e', 150, 0, 0, 150, '1', '', '', 'v', '82', 'None Detected', 'None Detected', 4, 0, '2016-05-15'),
(1330, 36, 176, 2, 105, '5', 'Please Select', 'Please Select', 0, 0, 0, 0, '0', '', '0', 'Please Select', '4', 'No Asbestos', 'No Asbestos', 1, 1329, '2016-05-15'),
(1331, 36, 176, 1, 89, '5', 'n', 'a', 100, 0, 0, 100, '1', '', '', 's', '88', 'None Detected', 'None Detected', 4, 0, '2016-05-15'),
(1332, 36, 176, 3, 89, '5', 'Please Select', 'c', 800, 0, 0, 800, '1', '', '', 'v', '88', 'None Detected', 'None Detected', 4, 0, '2016-05-15'),
(1333, 36, 176, 4, 83, '5', 'Please Select', 'Please Select', 0, 0, 0, 0, '', '', '', 'Please Select', '4', 'No Asbestos', 'No Asbestos', 1, 0, '2016-05-15'),
(1334, 36, 176, 5, 92, '5', 'Please Select', 'Please Select', 0, 0, 0, 0, '', '', '', 'Please Select', '4', 'No Asbestos', 'No Asbestos', 1, 0, '2016-05-15'),
(1335, 36, 176, 6, 92, '5', 'Please Select', 'Please Select', 0, 0, 0, 0, '', '', '', 'Please Select', '4', 'No Asbestos', 'No Asbestos', 1, 0, '2016-05-15'),
(1336, 36, 176, 7, 92, '5', 'Please Select', 'Please Select', 0, 0, 0, 0, '', '', '', 'Please Select', '4', 'No Asbestos', 'No Asbestos', 1, 0, '2016-05-15'),
(1337, 36, 176, 8, 97, '5', 'y', 'd', 3, 0, 0, 3, '1', '', '', 'v', '89', 'Chrysotile 40%', 'Confirmed Asbestos', 4, 0, '2016-05-15'),
(1338, 36, 176, 2, 104, '5', 'Please Select', 'Please Select', 0, 0, 0, 0, '0', '', '0', 'Please Select', '4', 'No Asbestos', 'No Asbestos', 1, 1329, '2016-05-15'),
(1339, 36, 162, 2, 79, '28', 'n', 'a', 250, 0, 0, 250, '1', '', '', 'v', '82', 'None Detected', 'None Detected', 4, 0, '2016-05-15'),
(1340, 36, 162, 2, 80, '32', 'y', 'a', 0, 0, 0, 50, '0', '', '0', 'v', '85', 'None Detected', 'None Detected', 4, 1339, '2016-05-15'),
(1341, 36, 162, 2, 104, '5', 'Please Select', 'Please Select', 0, 0, 0, 0, '0', '', '0', 'Please Select', '4', 'No Asbestos', 'No Asbestos', 1, 1339, '2016-05-15'),
(1342, 36, 162, 1, 89, '5', 'n', 'a', 100, 0, 0, 100, '2', '', '', 'v', '88', 'None Detected', 'None Detected', 4, 0, '2016-05-15'),
(1343, 36, 162, 3, 89, '5', 'n', 'c', 600, 0, 0, 600, '1', '', '', 'v', '88', 'None Detected', 'None Detected', 4, 0, '2016-05-15'),
(1344, 36, 162, 4, 83, '5', 'Please Select', 'Please Select', 0, 0, 0, 0, '', '', '', 'Please Select', '4', 'No Asbestos', 'No Asbestos', 1, 0, '2016-05-15'),
(1345, 36, 162, 5, 92, '5', 'Please Select', 'Please Select', 0, 0, 0, 0, '', '', '', 'Please Select', '4', 'No Asbestos', 'No Asbestos', 1, 0, '2016-05-15'),
(1346, 36, 162, 6, 92, '5', 'Please Select', 'Please Select', 0, 0, 0, 0, '', '', '', 'Please Select', '4', 'No Asbestos', 'No Asbestos', 1, 0, '2016-05-15'),
(1347, 36, 162, 7, 92, '5', 'Please Select', 'Please Select', 0, 0, 0, 0, '', '', '', 'Please Select', '4', 'No Asbestos', 'No Asbestos', 1, 0, '2016-05-15'),
(1348, 36, 162, 8, 94, '5', 'Please Select', 'Please Select', 0, 0, 0, 0, '', '', '', 'Please Select', '4', 'No Asbestos', 'No Asbestos', 1, 0, '2016-05-15'),
(1349, 36, 165, 2, 80, '32', 'y', 'a', 80, 0, 0, 80, '1', '', '', 'v', '85', 'None Detected', 'None Detected', 4, 0, '2016-05-15'),
(1350, 36, 165, 2, 79, '35', 'n', 'a', 500, 0, 0, 500, '1', '', '0', 'v', '1', 'None Detected', 'None Detected', 4, 1349, '2016-05-15'),
(1351, 36, 165, 2, 8, '5', 'Please Select', 'Please Select', 0, 0, 0, 0, '0', '', '0', 'Please Select', '4', 'No Asbestos', 'No Asbestos', 1, 1349, '2016-05-15'),
(1352, 36, 165, 1, 89, '5', 'n', 'a', 100, 0, 0, 100, '2', '', '', 's', '88', 'None Detected', 'None Detected', 4, 0, '2016-05-15'),
(1353, 36, 165, 3, 89, '5', 'n', 'c', 800, 0, 0, 800, '1', '', '', 'v', '88', 'None Detected', 'None Detected', 4, 0, '2016-05-15'),
(1354, 36, 165, 4, 83, '5', 'Please Select', 'Please Select', 0, 0, 0, 0, '', '', '', 'Please Select', '4', 'No Asbestos', 'No Asbestos', 1, 0, '2016-05-15'),
(1355, 36, 165, 5, 92, '5', 'Please Select', 'Please Select', 0, 0, 0, 0, '', '', '', 'Please Select', '4', 'No Asbestos', 'No Asbestos', 1, 0, '2016-05-15'),
(1356, 36, 165, 6, 92, '5', 'Please Select', 'Please Select', 0, 0, 0, 0, '', '', '', 'Please Select', '4', 'No Asbestos', 'No Asbestos', 1, 0, '2016-05-15'),
(1357, 36, 165, 7, 92, '5', 'Please Select', 'Please Select', 0, 0, 0, 0, '', '', '', 'Please Select', '4', 'No Asbestos', 'No Asbestos', 1, 0, '2016-05-15'),
(1358, 36, 165, 8, 94, '5', 'Please Select', 'Please Select', 0, 0, 0, 0, '', '', '', 'Please Select', '4', 'No Asbestos', 'No Asbestos', 1, 0, '2016-05-15'),
(1359, 37, 239, 2, 79, '37', 'n', 'a', 100, 0, 0, 100, '1', '', '', 's', '90', 'None Detected', 'None Detected', 4, 0, '2016-05-17'),
(1360, 37, 239, 2, 80, '40', 'y', 'a', 200, 0, 0, 200, '1', '', '0', 'v', '1', 'None Detected', 'None Detected', 4, 1359, '2016-05-17'),
(1361, 37, 239, 2, 95, '5', 'Please Select', 'Please Select', 0, 0, 0, 0, '0', '', '0', 'Please Select', '4', 'No Asbestos', 'No Asbestos', 1, 1359, '2016-05-17'),
(1363, 37, 239, 3, 19, '5', 'n', 'c', 850, 0, 0, 850, '1', '', '', 'v', '95', 'Chrysotile 1%', 'Confirmed Asbestos', 4, 0, '2016-05-18'),
(1364, 37, 239, 1, 90, '5', 'Please Select', 'Please Select', 0, 0, 0, 0, '', '', '', 'Please Select', '4', 'No Asbestos', 'No Asbestos', 1, 0, '2016-05-18'),
(1365, 37, 239, 1, 19, '5', 'n', 'a', 70, 0, 0, 70, '2', '', '0', 's', '95', 'Chrysotile 1%', 'Confirmed Asbestos', 4, 1364, '2016-05-18'),
(1366, 37, 239, 4, 83, '5', 'Please Select', 'Please Select', 0, 0, 0, 0, '', '', '', 'Please Select', '4', 'No Asbestos', 'No Asbestos', 1, 0, '2016-05-18'),
(1367, 37, 239, 5, 92, '5', 'Please Select', 'Please Select', 0, 0, 0, 0, '', '', '', 'Please Select', '4', 'No Asbestos', 'No Asbestos', 1, 0, '2016-05-18'),
(1368, 37, 239, 6, 92, '5', 'Please Select', 'Please Select', 0, 0, 0, 0, '', '', '', 'Please Select', '4', 'No Asbestos', 'No Asbestos', 1, 0, '2016-05-18'),
(1369, 37, 239, 6, 68, '5', 'n', 'c', 25, 0, 0, 25, '1', '', '0', 's', '94', 'None Detected', 'None Detected', 4, 1368, '2016-05-18'),
(1370, 37, 239, 7, 92, '5', 'Please Select', 'Please Select', 0, 0, 0, 0, '', '', '', 'Please Select', '4', 'No Asbestos', 'No Asbestos', 1, 0, '2016-05-18'),
(1371, 37, 239, 8, 94, '5', 'Please Select', 'Please Select', 0, 0, 0, 0, '', '', '', 'Please Select', '4', 'No Asbestos', 'No Asbestos', 1, 0, '2016-05-18'),
(1372, 37, 252, 2, 80, '39', 'y', 'a', 25, 0, 0, 25, '1', '', '', 's', '92', 'None Detected', 'None Detected', 4, 0, '2016-05-18'),
(1373, 37, 252, 2, 11, '5', 'Please Select', 'Please Select', 0, 0, 0, 0, '0', '', '0', 'Please Select', '4', 'No Asbestos', 'No Asbestos', 1, 1372, '2016-05-18'),
(1374, 37, 252, 2, 104, '5', 'Please Select', 'Please Select', 0, 0, 0, 0, '0', '', '0', 'Please Select', '4', 'No Asbestos', 'No Asbestos', 1, 1372, '2016-05-18'),
(1375, 37, 252, 1, 19, '5', 'n', 'a', 100, 0, 0, 100, '2', '', '', 's', '95', 'Chrysotile 1%', 'Confirmed Asbestos', 4, 0, '2016-05-18'),
(1376, 37, 252, 3, 19, '5', 'n', 'c', 850, 0, 0, 850, '1', '', '', 'v', '95', 'Chrysotile 1%', 'Confirmed Asbestos', 4, 0, '2016-05-18'),
(1377, 37, 252, 4, 83, '5', 'Please Select', 'Please Select', 0, 0, 0, 0, '', '', '', 'Please Select', '4', 'No Asbestos', 'No Asbestos', 1, 0, '2016-05-18'),
(1378, 37, 252, 5, 92, '5', 'Please Select', 'Please Select', 0, 0, 0, 0, '', '', '', 'Please Select', '4', 'No Asbestos', 'No Asbestos', 1, 0, '2016-05-18'),
(1379, 37, 252, 6, 92, '5', 'Please Select', 'Please Select', 0, 0, 0, 0, '', '', '', 'Please Select', '4', 'No Asbestos', 'No Asbestos', 1, 0, '2016-05-18'),
(1380, 37, 252, 7, 92, '5', 'Please Select', 'Please Select', 0, 0, 0, 0, '', '', '', 'Please Select', '4', 'No Asbestos', 'No Asbestos', 1, 0, '2016-05-18'),
(1381, 37, 252, 8, 94, '5', 'Please Select', 'Please Select', 0, 0, 0, 0, '', '', '', 'Please Select', '4', 'No Asbestos', 'No Asbestos', 1, 0, '2016-05-18'),
(1382, 37, 253, 2, 79, '38', 'n', 'a', 180, 0, 0, 180, '1', '', '', 's', '91', 'None Detected', 'None Detected', 4, 0, '2016-05-18'),
(1393, 37, 251, 2, 79, '37', 'n', 'e', 100, 0, 0, 100, '1', '', '0', 'v', '90', 'None Detected', 'None Detected', 4, 1392, '2016-05-18'),
(1392, 37, 251, 2, 80, '42', 'y', 'a', 25, 0, 0, 25, '1', '', '', 's', '93', 'None Detected', 'None Detected', 4, 0, '2016-05-18'),
(1385, 37, 253, 1, 19, '5', 'n', 'a', 100, 0, 0, 100, '2', '', '', 's', '95', 'Chrysotile 1%', 'Confirmed Asbestos', 4, 0, '2016-05-18'),
(1386, 37, 253, 3, 19, '5', 'n', 'c', 850, 0, 0, 850, '1', '', '', 'v', '95', 'Chrysotile 1%', 'Confirmed Asbestos', 4, 0, '2016-05-18'),
(1387, 37, 253, 4, 83, '5', 'Please Select', 'Please Select', 0, 0, 0, 0, '', '', '', 'Please Select', '4', 'No Asbestos', 'No Asbestos', 1, 0, '2016-05-18'),
(1388, 37, 253, 5, 92, '5', 'Please Select', 'Please Select', 0, 0, 0, 0, '', '', '', 'Please Select', '4', 'No Asbestos', 'No Asbestos', 1, 0, '2016-05-18'),
(1389, 37, 253, 6, 92, '5', 'Please Select', 'Please Select', 0, 0, 0, 0, '', '', '', 'Please Select', '4', 'No Asbestos', 'No Asbestos', 1, 0, '2016-05-18'),
(1390, 37, 253, 7, 92, '5', 'Please Select', 'Please Select', 0, 0, 0, 0, '', '', '', 'Please Select', '4', 'No Asbestos', 'No Asbestos', 1, 0, '2016-05-18'),
(1391, 37, 253, 8, 94, '5', 'Please Select', 'Please Select', 0, 0, 0, 0, '', '', '', 'Please Select', '4', 'No Asbestos', 'No Asbestos', 1, 0, '2016-05-18'),
(1394, 37, 251, 2, 101, '5', 'Please Select', 'Please Select', 0, 0, 0, 0, '0', '', '0', 'Please Select', '4', 'No Asbestos', 'No Asbestos', 1, 1392, '2016-05-18'),
(1395, 37, 251, 2, 104, '5', 'Please Select', 'Please Select', 0, 0, 0, 0, '0', '', '0', 'Please Select', '4', 'No Asbestos', 'No Asbestos', 1, 1392, '2016-05-18'),
(1396, 37, 251, 1, 19, '5', 'n', 'a', 100, 0, 0, 100, '2', '', '', 's', '95', 'Chrysotile 1%', 'Confirmed Asbestos', 4, 0, '2016-05-18'),
(1397, 37, 251, 3, 19, '5', 'n', 'c', 850, 0, 0, 850, '1', '', '', 'v', '95', 'Chrysotile 1%', 'Confirmed Asbestos', 4, 0, '2016-05-18'),
(1398, 37, 251, 4, 83, '5', 'Please Select', 'Please Select', 0, 0, 0, 0, '', '', '', 'Please Select', '4', 'No Asbestos', 'No Asbestos', 1, 0, '2016-05-18'),
(1399, 37, 251, 5, 92, '5', 'Please Select', 'Please Select', 0, 0, 0, 0, '', '', '', 'Please Select', '4', 'No Asbestos', 'No Asbestos', 1, 0, '2016-05-18'),
(1400, 37, 251, 6, 92, '5', 'Please Select', 'Please Select', 0, 0, 0, 0, '', '', '', 'Please Select', '4', 'No Asbestos', 'No Asbestos', 1, 0, '2016-05-18'),
(1401, 37, 251, 7, 92, '5', 'Please Select', 'Please Select', 0, 0, 0, 0, '', '', '', 'Please Select', '4', 'No Asbestos', 'No Asbestos', 1, 0, '2016-05-18'),
(1402, 37, 251, 8, 94, '5', 'Please Select', 'Please Select', 0, 0, 0, 0, '', '', '', 'Please Select', '4', 'No Asbestos', 'No Asbestos', 1, 0, '2016-05-18'),
(1403, 37, 237, 2, 80, '40', 'y', 'a', 25, 0, 0, 25, '1', '', '', 's', '93', 'None Detected', 'None Detected', 4, 0, '2016-05-18'),
(1404, 37, 237, 2, 79, '37', 'n', 'e', 100, 0, 0, 100, '1', '', '0', 'v', '90', 'None Detected', 'None Detected', 4, 1403, '2016-05-18'),
(1414, 37, 233, 2, 80, '41', 'y', 'a', 25, 0, 0, 25, '1', '', '', 's', '93', 'None Detected', 'None Detected', 4, 0, '2016-05-18'),
(1406, 37, 237, 2, 104, '5', 'Please Select', 'Please Select', 0, 0, 0, 0, '0', '', '0', 'Please Select', '4', 'No Asbestos', 'No Asbestos', 1, 1403, '2016-05-18'),
(1407, 37, 237, 1, 19, '5', 'n', 'a', 100, 0, 0, 100, '2', '', '', 's', '95', 'Chrysotile 1%', 'Confirmed Asbestos', 4, 0, '2016-05-18');
INSERT INTO `room_by_room` (`r_id`, `building_ID`, `location_ID`, `system_ID`, `material_ID`, `material_identi`, `friability`, `access`, `good`, `fair`, `poor`, `total`, `units`, `debris`, `unit`, `sample_rst`, `s_number`, `rst`, `r_hazard`, `action`, `parent`, `date_added`) VALUES
(1408, 37, 237, 3, 19, '5', 'n', 'c', 850, 0, 0, 850, '1', '', '', 'v', '95', 'Chrysotile 1%', 'Confirmed Asbestos', 4, 0, '2016-05-18'),
(1409, 37, 237, 4, 83, '5', 'Please Select', 'Please Select', 0, 0, 0, 0, '', '', '', 'Please Select', '4', 'No Asbestos', 'No Asbestos', 1, 0, '2016-05-18'),
(1410, 37, 237, 5, 92, '5', 'Please Select', 'Please Select', 0, 0, 0, 0, '', '', '', 'Please Select', '4', 'No Asbestos', 'No Asbestos', 1, 0, '2016-05-18'),
(1411, 37, 237, 6, 92, '5', 'Please Select', 'Please Select', 0, 0, 0, 0, '', '', '', 'Please Select', '4', 'No Asbestos', 'No Asbestos', 1, 0, '2016-05-18'),
(1412, 37, 237, 7, 92, '5', 'Please Select', 'Please Select', 0, 0, 0, 0, '', '', '', 'Please Select', '4', 'No Asbestos', 'No Asbestos', 1, 0, '2016-05-18'),
(1413, 37, 237, 8, 94, '5', 'Please Select', 'Please Select', 0, 0, 0, 0, '', '', '', 'Please Select', '4', 'No Asbestos', 'No Asbestos', 1, 0, '2016-05-18'),
(1415, 37, 233, 2, 79, '37', 'n', 'e', 100, 0, 0, 100, '1', '', '0', 'v', '90', 'None Detected', 'None Detected', 4, 1414, '2016-05-18'),
(1416, 37, 233, 2, 104, '5', 'Please Select', 'Please Select', 0, 0, 0, 0, '0', '', '0', 'Please Select', '4', 'No Asbestos', 'No Asbestos', 1, 1414, '2016-05-18'),
(1417, 37, 233, 1, 19, '5', 'n', 'a', 100, 0, 0, 100, '2', '', '', 's', '95', 'Chrysotile 1%', 'Confirmed Asbestos', 4, 0, '2016-05-18'),
(1418, 37, 233, 3, 19, '5', 'n', 'c', 850, 0, 0, 850, '1', '', '', 'v', '95', 'Chrysotile 1%', 'Confirmed Asbestos', 4, 0, '2016-05-18'),
(1419, 37, 233, 4, 83, '5', 'Please Select', 'Please Select', 0, 0, 0, 0, '', '', '', 'Please Select', '4', 'No Asbestos', 'No Asbestos', 1, 0, '2016-05-18'),
(1420, 37, 233, 5, 92, '5', 'Please Select', 'Please Select', 0, 0, 0, 0, '', '', '', 'Please Select', '4', 'No Asbestos', 'No Asbestos', 1, 0, '2016-05-18'),
(1421, 37, 233, 6, 92, '5', 'Please Select', 'Please Select', 0, 0, 0, 0, '', '', '', 'Please Select', '4', 'No Asbestos', 'No Asbestos', 1, 0, '2016-05-18'),
(1422, 37, 233, 7, 92, '5', 'Please Select', 'Please Select', 0, 0, 0, 0, '', '', '', 'Please Select', '4', 'No Asbestos', 'No Asbestos', 1, 0, '2016-05-18'),
(1423, 37, 233, 8, 94, '5', 'Please Select', 'Please Select', 0, 0, 0, 0, '', '', '', 'Please Select', '4', 'No Asbestos', 'No Asbestos', 1, 0, '2016-05-18'),
(1424, 38, 341, 2, 79, '44', 'n', 'a', 1150, 0, 0, 1150, '1', '', '', 'v', '100', 'Chrysotile 2%', 'Confirmed Asbestos', 4, 0, '2016-07-12'),
(1425, 38, 341, 2, 80, '48', 'n', 'a', 100, 0, 0, 100, '1', '', '0', 'v', '1', 'None Detected', 'None Detected', 4, 1424, '2016-07-12'),
(1426, 38, 341, 3, 102, '5', 'y', 'c', 750, 0, 0, 750, '1', '', '', 's', '106', 'Chrysotile 2%', 'Confirmed Asbestos', 4, 0, '2016-07-12'),
(1427, 38, 341, 3, 19, '55', 'n', 'c', 300, 0, 0, 300, '1', '', '0', 'v', '107', 'Chrysotile 2%', 'Confirmed Asbestos', 4, 1426, '2016-07-12'),
(1428, 38, 341, 1, 19, '55', 'n', 'a', 100, 0, 0, 100, '2', '', '', 's', '107', 'Chrysotile 2%', 'Confirmed Asbestos', 4, 0, '2016-07-12'),
(1494, 38, 361, 2, 79, '43', 'n', 'a', 1150, 0, 0, 1150, '1', '', '', 'v', '99', 'None Detected', 'None Detected', 4, 0, '2016-07-12'),
(1493, 38, 341, 8, 94, '5', 'Please Select', 'Please Select', 0, 0, 0, 0, '', '', '', 'Please Select', '4', 'No Asbestos', 'No Asbestos', 1, 0, '2016-07-12'),
(1432, 38, 341, 5, 92, '5', 'Please Select', 'Please Select', 0, 0, 0, 0, '0', '', '0', 'Please Select', '1', 'None Detected', 'None Detected', 1, 1431, '2016-07-12'),
(1492, 38, 341, 7, 92, '5', 'Please Select', 'Please Select', 0, 0, 0, 0, '', '', '', 'Please Select', '4', 'No Asbestos', 'No Asbestos', 1, 0, '2016-07-12'),
(1491, 38, 341, 6, 92, '5', 'Please Select', 'Please Select', 0, 0, 0, 0, '', '', '', 'Please Select', '4', 'No Asbestos', 'No Asbestos', 1, 0, '2016-07-12'),
(1436, 38, 341, 7, 92, '5', 'Please Select', 'Please Select', 0, 0, 0, 0, '0', '', '0', 'Please Select', '1', 'None Detected', 'None Detected', 1, 1434, '2016-07-12'),
(1490, 38, 341, 5, 92, '5', 'Please Select', 'Please Select', 0, 0, 0, 0, '', '', '', 'Please Select', '4', 'No Asbestos', 'No Asbestos', 1, 0, '2016-07-12'),
(1439, 38, 361, 2, 80, '51', 'n', 'e', 100, 0, 0, 100, '1', '', '0', 'v', '105', 'None Detected', 'None Detected', 4, 1438, '2016-07-12'),
(1441, 38, 361, 3, 19, '55', 'n', 'c', 300, 0, 0, 300, '1', '', '0', 'v', '107', 'Chrysotile 2%', 'Confirmed Asbestos', 4, 1440, '2016-07-12'),
(1445, 38, 361, 5, 92, '5', 'Please Select', 'Please Select', 0, 0, 0, 0, '0', '', '0', 'Please Select', '1', 'None Detected', 'None Detected', 1, 1444, '2016-07-12'),
(1517, 38, 363, 4, 83, '5', 'Please Select', 'Please Select', 0, 0, 0, 0, '', '', '', 'Please Select', '4', 'No Asbestos', 'No Asbestos', 1, 0, '2016-07-12'),
(1516, 38, 363, 5, 92, '5', 'Please Select', 'Please Select', 0, 0, 0, 0, '', '', '', 'Please Select', '4', 'No Asbestos', 'No Asbestos', 1, 0, '2016-07-12'),
(1448, 38, 361, 7, 92, '5', 'Please Select', 'Please Select', 0, 0, 0, 0, '0', '', '0', 'Please Select', '1', 'None Detected', 'None Detected', 1, 1447, '2016-07-12'),
(1515, 38, 363, 6, 92, '5', 'Please Select', 'Please Select', 0, 0, 0, 0, '', '', '', 'Please Select', '4', 'No Asbestos', 'No Asbestos', 1, 0, '2016-07-12'),
(1451, 38, 363, 2, 80, '51', 'n', 'e', 100, 0, 0, 100, '1', '', '0', 'v', '105', 'None Detected', 'None Detected', 4, 1450, '2016-07-12'),
(1514, 38, 363, 7, 92, '5', 'Please Select', 'Please Select', 0, 0, 0, 0, '', '', '', 'Please Select', '4', 'No Asbestos', 'No Asbestos', 1, 0, '2016-07-12'),
(1453, 38, 363, 3, 19, '55', 'n', 'c', 300, 0, 0, 300, '1', '', '0', 'v', '107', 'Chrysotile 2%', 'Confirmed Asbestos', 4, 1452, '2016-07-12'),
(1513, 38, 363, 8, 94, '5', 'Please Select', 'Please Select', 0, 0, 0, 0, '', '', '', 'Please Select', '4', 'No Asbestos', 'No Asbestos', 1, 0, '2016-07-12'),
(1512, 38, 363, 1, 19, '55', 'n', 'a', 100, 0, 0, 100, '2', '', '', 'v', '107', 'Chrysotile 2%', 'Confirmed Asbestos', 4, 0, '2016-07-12'),
(1511, 38, 363, 3, 19, '55', 'n', 'c', 300, 0, 0, 300, '1', '', '0', 'v', '107', 'Chrysotile 2%', 'Confirmed Asbestos', 4, 1510, '2016-07-12'),
(1457, 38, 363, 5, 92, '5', 'Please Select', 'Please Select', 0, 0, 0, 0, '0', '', '0', 'Please Select', '1', 'None Detected', 'None Detected', 1, 1456, '2016-07-12'),
(1510, 38, 363, 3, 102, '5', 'y', 'c', 750, 0, 0, 750, '1', '', '', 's', '106', 'Chrysotile 2%', 'Confirmed Asbestos', 4, 0, '2016-07-12'),
(1509, 38, 363, 2, 80, '51', 'n', 'a', 100, 0, 0, 100, '1', '', '0', 'v', '105', 'None Detected', 'None Detected', 4, 1508, '2016-07-12'),
(1460, 38, 363, 7, 92, '5', 'Please Select', 'Please Select', 0, 0, 0, 0, '0', '', '0', 'Please Select', '1', 'None Detected', 'None Detected', 1, 1459, '2016-07-12'),
(1508, 38, 363, 2, 79, '43', 'n', 'a', 1150, 0, 0, 1150, '1', '', '', 'v', '99', 'None Detected', 'None Detected', 4, 0, '2016-07-12'),
(1463, 38, 320, 2, 80, '50', 'n', 'e', 100, 0, 0, 100, '1', '', '0', 'v', '104', 'None Detected', 'None Detected', 4, 1462, '2016-07-12'),
(1480, 38, 357, 5, 92, '5', 'Please Select', 'Please Select', 0, 0, 0, 0, '', '', '', 'Please Select', '1', 'None Detected', 'None Detected', 1, 0, '2016-07-12'),
(1465, 38, 320, 3, 19, '55', 'n', 'c', 300, 0, 0, 300, '1', '', '0', 'v', '107', 'Chrysotile 2%', 'Confirmed Asbestos', 4, 1464, '2016-07-12'),
(1479, 38, 357, 4, 83, '5', 'Please Select', 'Please Select', 0, 0, 0, 0, '', '', '', 'Please Select', '1', 'None Detected', 'None Detected', 1, 0, '2016-07-12'),
(1478, 38, 357, 1, 19, '55', 'n', 'e', 300, 0, 0, 300, '1', '', '', 'v', '107', 'Chrysotile 2%', 'Confirmed Asbestos', 4, 0, '2016-07-12'),
(1477, 38, 357, 3, 19, '55', 'n', 'c', 300, 0, 0, 300, '1', '', '0', 'v', '107', 'Chrysotile 2%', 'Confirmed Asbestos', 4, 1476, '2016-07-12'),
(1469, 38, 320, 5, 92, '5', 'Please Select', 'Please Select', 0, 0, 0, 0, '0', '', '0', 'Please Select', '1', 'None Detected', 'None Detected', 1, 1468, '2016-07-12'),
(1476, 38, 357, 3, 102, '5', 'y', 'c', 750, 0, 0, 750, '1', '', '', 'v', '106', 'Chrysotile 2%', 'Confirmed Asbestos', 4, 0, '2016-07-12'),
(1472, 38, 320, 7, 92, '5', 'Please Select', 'Please Select', 0, 0, 0, 0, '0', '', '0', 'Please Select', '1', 'None Detected', 'None Detected', 1, 1471, '2016-07-12'),
(1474, 38, 357, 2, 79, '45', 'n', 'e', 1150, 0, 0, 1150, '1', '', '', 'v', '101', 'None Detected', 'None Detected', 4, 0, '2016-07-12'),
(1475, 38, 357, 2, 80, '50', 'n', 'e', 100, 0, 0, 100, '1', '', '0', 'v', '104', 'None Detected', 'None Detected', 4, 1474, '2016-07-12'),
(1481, 38, 357, 5, 92, '5', 'Please Select', 'Please Select', 0, 0, 0, 0, '0', '', '0', 'Please Select', '1', 'None Detected', 'None Detected', 1, 1480, '2016-07-12'),
(1482, 38, 357, 6, 92, '5', 'Please Select', 'Please Select', 0, 0, 0, 0, '', '', '', 'Please Select', '1', 'None Detected', 'None Detected', 1, 0, '2016-07-12'),
(1483, 38, 357, 7, 92, '5', 'Please Select', 'Please Select', 0, 0, 0, 0, '', '', '', 'Please Select', '1', 'None Detected', 'None Detected', 1, 0, '2016-07-12'),
(1484, 38, 357, 7, 92, '5', 'Please Select', 'Please Select', 0, 0, 0, 0, '0', '', '0', 'Please Select', '1', 'None Detected', 'None Detected', 1, 1483, '2016-07-12'),
(1485, 38, 357, 8, 94, '5', 'Please Select', 'Please Select', 0, 0, 0, 0, '', '', '', 'Please Select', '1', 'None Detected', 'None Detected', 1, 0, '2016-07-12'),
(1487, 38, 341, 4, 83, '5', 'Please Select', 'Please Select', 0, 0, 0, 0, '', '', '', 'Please Select', '4', 'No Asbestos', 'No Asbestos', 1, 0, '2016-07-12'),
(1495, 38, 361, 2, 80, '51', 'n', 'a', 100, 0, 0, 100, '1', '', '0', 'v', '105', 'None Detected', 'None Detected', 4, 1494, '2016-07-12'),
(1496, 38, 361, 3, 102, '5', 'y', 'c', 750, 0, 0, 750, '1', '', '', 'v', '106', 'Chrysotile 2%', 'Confirmed Asbestos', 4, 0, '2016-07-12'),
(1497, 38, 361, 3, 19, '55', 'n', 'c', 300, 0, 0, 300, '1', '', '0', 'v', '107', 'Chrysotile 2%', 'Confirmed Asbestos', 4, 1496, '2016-07-12'),
(1498, 38, 361, 1, 19, '55', 'n', 'a', 100, 0, 0, 100, '2', '', '', 'v', '107', 'Chrysotile 2%', 'Confirmed Asbestos', 4, 0, '2016-07-12'),
(1507, 38, 361, 8, 94, '5', 'Please Select', 'Please Select', 0, 0, 0, 0, '', '', '', 'Please Select', '4', 'No Asbestos', 'No Asbestos', 1, 0, '2016-07-12'),
(1506, 38, 361, 7, 92, '5', 'Please Select', 'Please Select', 0, 0, 0, 0, '', '', '', 'Please Select', '4', 'No Asbestos', 'No Asbestos', 1, 0, '2016-07-12'),
(1505, 38, 361, 6, 92, '5', 'Please Select', 'Please Select', 0, 0, 0, 0, '', '', '', 'Please Select', '4', 'No Asbestos', 'No Asbestos', 1, 0, '2016-07-12'),
(1504, 38, 361, 5, 92, '5', 'Please Select', 'Please Select', 0, 0, 0, 0, '', '', '', 'Please Select', '4', 'No Asbestos', 'No Asbestos', 1, 0, '2016-07-12'),
(1503, 38, 361, 4, 83, '5', 'Please Select', 'Please Select', 0, 0, 0, 0, '', '', '', 'Please Select', '4', 'No Asbestos', 'No Asbestos', 1, 0, '2016-07-12');

-- --------------------------------------------------------

--
-- Table structure for table `samples`
--

CREATE TABLE IF NOT EXISTS `samples` (
  `s_id` int(11) NOT NULL AUTO_INCREMENT,
  `building_id` int(11) NOT NULL,
  `db_sample` varchar(50) NOT NULL,
  `s_result` varchar(30) NOT NULL,
  `added_date` date NOT NULL,
  `status` int(11) NOT NULL,
  PRIMARY KEY (`s_id`)
) ENGINE=MyISAM  DEFAULT CHARSET=latin1 AUTO_INCREMENT=108 ;

--
-- Dumping data for table `samples`
--

INSERT INTO `samples` (`s_id`, `building_id`, `db_sample`, `s_result`, `added_date`, `status`) VALUES
(73, 2, 's001', 'Confirmed Asbestos', '2016-02-23', 0),
(74, 3, 's002', 'Asbestos', '2016-02-23', 0),
(51, 6, '002', 'Confirmed Asbestos', '2016-03-12', 1),
(13, 2, 'S003', 'L.O.D', '2016-03-04', 0),
(14, 2, 'S003', 'Asbestos', '2016-03-04', 1),
(15, 2, 'S004', 'L.O.D', '2016-03-05', 0),
(16, 3, 'S003', 'Asbestos', '2016-03-07', 0),
(1, 0, '0000', '', '0000-00-00', 1),
(80, 2, 's1001', 'Confirmed Asbestos', '2016-03-21', 0),
(68, 6, '014-ASB', 'None Detected', '2016-03-14', 0),
(67, 6, '013-ASB', 'None Detected', '2016-03-14', 0),
(66, 6, '012-ASB', 'None Detected', '2016-03-14', 0),
(65, 6, '011-ASB', 'Confirmed Asbestos', '2016-03-14', 0),
(64, 6, '010-ASB', 'Confirmed Asbestos', '2016-03-14', 0),
(63, 6, '009-ASB', 'Confirmed Asbestos', '2016-03-14', 0),
(62, 6, '008-ASB', 'None Detected', '2016-03-14', 0),
(61, 6, '007-ASB', 'None Detected', '2016-03-14', 0),
(60, 6, '006-ASB', 'None Detected', '2016-03-14', 0),
(59, 6, '005-ASB', 'Confirmed Asbestos', '2016-03-14', 0),
(58, 6, '004-ASB', 'None Detected', '2016-03-14', 0),
(57, 6, '003-ASB', 'Confirmed Asbestos', '2016-03-14', 0),
(56, 6, '011', 'Confirmed Asbestos', '2016-03-14', 1),
(55, 6, '002-ASB', 'None Detected', '2016-03-14', 0),
(54, 6, '001-ASB', 'None Detected', '2016-03-14', 0),
(53, 6, '005', 'Confirmed Asbestos', '2016-03-14', 1),
(52, 6, '003', 'Confirmed Asbestos', '2016-03-12', 1),
(50, 6, '001', 'Confirmed Asbestos', '2016-03-11', 1),
(69, 6, '015-ASB', 'Confirmed Asbestos', '2016-03-14', 0),
(70, 6, '016-ASB', 'None Detected', '2016-03-14', 0),
(71, 6, '017-ASB', 'None Detected', '2016-03-14', 0),
(76, 2, 's00f23', 'Confirmed Asbestos', '2016-03-18', 0),
(72, 2, 's005', 'L.O.D', '2016-03-17', 0),
(2, 0, '9000', '', '0000-00-00', 1),
(3, 0, '9500', '', '0000-00-00', 1),
(77, 2, 'fa', 'Confirmed Asbestos', '2016-03-21', 1),
(78, 2, 'asd', 'Confirmed Asbestos', '2016-03-21', 1),
(79, 2, 's1001', 'L.O.D', '2016-03-21', 0),
(4, 0, 'dash00', 'No Asbestos', '0000-00-00', 1),
(81, 36, '001-ASB', 'Confirmed Asbestos', '2016-05-11', 0),
(82, 36, '002-ASB', 'None Detected', '2016-05-11', 0),
(83, 36, '003-ASB', 'Confirmed Asbestos', '2016-05-11', 0),
(84, 36, '004-ASB', 'None Detected', '2016-05-11', 0),
(85, 36, '005-ASB', 'None Detected', '2016-05-11', 0),
(86, 36, '006-ASB', 'None Detected', '2016-05-11', 0),
(87, 36, '007-ASB', 'None Detected', '2016-05-11', 0),
(88, 36, '008-ASB', 'None Detected', '2016-05-11', 0),
(89, 36, '009-ASB', 'Confirmed Asbestos', '2016-05-11', 0),
(90, 37, '001-ASB', 'None Detected', '2016-05-16', 0),
(91, 37, '002-ASB', 'None Detected', '2016-05-16', 0),
(92, 37, '003-ASB', 'None Detected', '2016-05-16', 0),
(93, 37, '004-ASB', 'None Detected', '2016-05-16', 0),
(94, 37, '005-ASB', 'None Detected', '2016-05-16', 0),
(95, 37, '006-ASB', 'Confirmed Asbestos', '2016-05-16', 0),
(99, 38, 'ASB-001', 'None Detected', '2016-06-20', 0),
(100, 38, 'ASB-002', 'Confirmed Asbestos', '2016-06-20', 0),
(101, 38, 'ASB-003', 'None Detected', '2016-06-20', 0),
(102, 38, 'ASB-004', 'Confirmed Asbestos', '2016-06-20', 0),
(103, 38, 'ASB-005', 'Confirmed Asbestos', '2016-06-20', 0),
(104, 38, 'ASB-006', 'None Detected', '2016-06-20', 0),
(105, 38, 'ASB-007', 'None Detected', '2016-06-20', 0),
(106, 38, 'ASB-008', 'Confirmed Asbestos', '2016-06-20', 0),
(107, 38, 'ASB-009', 'Confirmed Asbestos', '2016-06-21', 0);

-- --------------------------------------------------------

--
-- Table structure for table `sample_data`
--

CREATE TABLE IF NOT EXISTS `sample_data` (
  `id` int(11) NOT NULL AUTO_INCREMENT,
  `sampleID` int(11) NOT NULL,
  `sample_number` varchar(100) NOT NULL,
  `locationID` int(11) NOT NULL,
  `system_id` int(11) NOT NULL,
  `mat_id` int(11) NOT NULL,
  `material_identy` int(11) NOT NULL,
  `layer_one_type` varchar(50) NOT NULL,
  `layer_one_percent` varchar(50) NOT NULL,
  `layer_two_type` varchar(50) NOT NULL,
  `layer_two_percent` varchar(50) NOT NULL,
  `layer_three_type` varchar(50) NOT NULL,
  `layer_three_percent` varchar(50) NOT NULL,
  `results` varchar(50) NOT NULL,
  `comments` longtext NOT NULL,
  PRIMARY KEY (`id`)
) ENGINE=MyISAM  DEFAULT CHARSET=latin1 AUTO_INCREMENT=249 ;

--
-- Dumping data for table `sample_data`
--

INSERT INTO `sample_data` (`id`, `sampleID`, `sample_number`, `locationID`, `system_id`, `mat_id`, `material_identy`, `layer_one_type`, `layer_one_percent`, `layer_two_type`, `layer_two_percent`, `layer_three_type`, `layer_three_percent`, `results`, `comments`) VALUES
(2, 73, '16405-ASB-01B!', 12345, 2, 33, 6, '7', 'N/A', '7', 'N/A', '', '', 'Asbestos', 'testings......wwcc'),
(3, 74, '16405-ASB-02A', 59222, 1, 31, 1, '2', '3', '2', '2', '', '', '', 'testing for 2nd one...'),
(4, 74, '16405-ASB-02B', 12323, 1, 31, 1, '7', 'NA', '7', 'NA', '', '', '', 'testing go 2'),
(5, 74, '16405-ASB-02C', 21456, 1, 31, 1, '7', 'NA', '7', 'NA', '', '', '', 'Comments'),
(31, 74, '16405-ASB-02D', 5936, 1, 31, 1, '2', '3', '2', '2', '', '', '', 'testing for 2nd one...'),
(92, 73, '1640m5-ASB-01B!', 100, 2, 33, 6, '4', '0.5', '2', '0.1', '', '', '', 'testings......wwcc'),
(84, 72, '154', 100, 2, 52, 3, '7', 'N/A', '7', 'N/A', '', '', '', 'test'),
(47, 51, '16405-ASB-01D', 1, 2, 55, 13, '4', '5', '7', 'None Detected', '', '', '', ''),
(28, 13, '114963-ASB-03A', 56586, 3, 33, 7, '4', '0.2', '7', 'N/A', '', '', '', 'Ceiling tiles are prersent in the north corner of the location'),
(29, 14, '114963-ASB-03A', 2368, 3, 33, 7, '4', '15', '7', 'NA', '', '', '', 'Ceiling tiles are prersent in the north corner of the location'),
(30, 15, '14963-ASB-01A', 100, 2, 89, 5, '4', '0.3', '7', 'N/A', '', '', '', 'Ceiling are on left corner'),
(32, 16, '14963-ASB-03A', 54564, 3, 1, 5, '4', '15', '', '', '', '', '', ''),
(46, 50, '16313-255RIV-ASB-01A', 100, 1, 79, 5, '7', 'None Detected', '7', 'N/A', '', '', '', ''),
(48, 52, '234', 1, 2, 21, 13, '2', '5', '2', '0.2', '', '', '', 'test'),
(50, 53, '165', 108, 1, 89, 5, '4', '5', '', '', '', '', '', 'test'),
(51, 54, '16313-255RIV-ASB-01A', 100, 1, 89, 5, '7', 'None Detected', '7', 'None Detected', '', '', '', 'Layer 1 - Skim Coat\nLayer  2- Rough Coat'),
(52, 54, '16313-255RIV-ASB-01B', 120, 1, 89, 5, '7', 'None Detected', '7', 'None Detected', '', '', '', 'Layer 1 - Skim Coat\nLayer  2- Rough Coat'),
(53, 55, '16313-255RIV-ASB-02A', 108, 1, 19, 5, '7', 'None Detected', '7', 'N/A', '', '', '', ''),
(54, 56, '16313-255RIV-ASB-011A', 120, 2, 79, 15, '4', '2%', '7', 'None Detected', '', '', '', 'Layer 1 VFT \nLayer 2 Mastic'),
(114, 57, '16313-255RIV-ASB-03C', 1200, 3, 73, 5, '7', 'Not Analyzed', '7', 'N/A', '', '', '', 'Stopped Positive'),
(57, 58, '16313-255RIV-ASB-04A', 2, 1, 91, 5, '7', 'None Detected', '7', 'N/A', '', '', '', ''),
(58, 58, '16313-255RIV-ASB-04B', 2, 1, 91, 5, '7', 'None Detected', '7', 'N/A', '', '', '', ''),
(59, 59, '16313-255RIV-ASB-05A', 109, 5, 48, 5, '4', '40', '7', 'N/A', '', '', '', 'Parging Cement Fittings'),
(60, 60, '16313-255RIV-ASB-06A', 1505, 1, 9, 24, '7', 'None Detected', '7', 'N/A', '', '', '', 'Exterior Expansion Caulking-Grey'),
(61, 61, '16313-255RIV-ASB-07A', 1505, 1, 9, 25, '7', 'None Detected', '7', 'N/A', '', '', '', 'Exterior Expansion Caulking-White'),
(62, 62, '16313-255RIV-ASB-08A', 2111, 2, 79, 12, '7', 'None Detected', '7', 'None Detected', '', '', '', 'Layer 1-VFT & Layer 2 - Mastic'),
(63, 63, '16313-255RIV-ASB-09A', 1604, 2, 79, 13, '7', 'None Detected', '4', '2', '', '', '', 'Layer 1 VFT (None Detected)\nLayer 2 Mastic (ACM)'),
(64, 64, '16313-255RIV-ASB-10A', 303, 2, 79, 14, '4', '2', '4', '2', '', '', '', 'Layer 1 VFT\nLayer 2 Mastic (Both 2% ACM)'),
(65, 65, '16313-255RIV-ASB-11A', 120, 2, 79, 15, '4', '2', '7', 'None Detected', '', '', '', 'Layer-1 VFT (ACM) and Layer-2 is mastic'),
(66, 66, '16313-255RIV-ASB-12A', 1906, 2, 80, 16, '7', 'None Detected', '7', 'N/A', '', '', '', ''),
(67, 67, '16313-255RIV-ASB-13A', 124, 2, 80, 17, '7', 'None Detected', '7', 'None Detected', '', '', '', 'Layer 1 VSF and Layer 2 Mastic'),
(68, 68, '16313-255RIV-ASB-14A', 108, 3, 33, 20, '7', 'None Detected', '7', 'N/A', '', '', '', ''),
(69, 69, '16313-255RIV-ASB-15A', 108, 3, 33, 21, '2', '2', '7', 'N/A', '', '', '', ''),
(70, 70, '16313-255RIV-ASB-16A', 108, 3, 33, 22, '7', 'None Detected', '7', 'N/A', '', '', '', ''),
(71, 71, '16313-255RIV-ASB-17A', 100, 3, 33, 23, '7', 'None Detected', '7', 'N/A', '', '', '', ''),
(72, 54, '16313-255RIV-ASB-01C', 101, 1, 89, 5, '7', 'None Detected', '7', 'N/A', '', '', '', ''),
(73, 54, '16313-255RIV-ASB-01D', 1400, 1, 89, 5, '7', 'None Detected', '7', 'N/A', '', '', '', ''),
(74, 54, '16313-255RIV-ASB-01E', 1700, 1, 89, 5, '7', 'None Detected', '7', 'N/A', '', '', '', ''),
(75, 54, '16313-255RIV-ASB-01F', 1115, 1, 89, 5, '7', 'None Detected', '7', 'N/A', '', '', '', 'Layer 1 - Skim Coat\nLayer  2- Rough Coat'),
(76, 54, '16313-255RIV-ASB-01G', 2108, 1, 89, 5, '7', 'None Detected', '7', 'N/A', '', '', '', ''),
(77, 55, '16313-255RIV-ASB-02B', 108, 1, 19, 5, '7', 'None Detected', '7', 'N/A', '', '', '', ''),
(78, 55, '16313-255RIV-ASB-02C', 117, 1, 19, 5, '7', 'None Detected', '7', 'N/A', '', '', '', ''),
(79, 55, '16313-255RIV-ASB-02D', 120, 1, 19, 5, '7', 'None Detected', '7', 'N/A', '', '', '', ''),
(80, 55, '16313-255RIV-ASB-02E', 2111, 1, 19, 5, '7', 'None Detected', '7', 'N/A', '', '', '', ''),
(115, 57, '16313-255RIV-ASB-03D', 1100, 3, 73, 5, '7', 'Not Analyzed', '7', 'N/A', '', '', '', 'Stopped Positive'),
(116, 57, '16313-255RIV-ASB-03E', 1000, 3, 73, 5, '7', 'Not Analyzed', '7', 'N/A', '', '', '', 'Stopped Positive'),
(83, 13, '1134963-ASB-03A', 100, 3, 33, 7, '4', '0.4', '7', 'N/A', '', '', '', 'test'),
(85, 72, '1542', 100, 2, 52, 3, '7', 'N/A', '7', 'N/A', '', '', '', 'test222'),
(117, 58, '16313-255RIV-ASB-04C', 2, 1, 91, 5, '7', 'None Detected', '7', 'N/A', '', '', '', ''),
(110, 76, 'a1sdf234', 100, 2, 22, 5, '2', '0.6', '7', 'N/A', '', '', '', 'adfsasdf'),
(132, 77, 'asdf', 100, 1, 62, 5, '7', 'N/A', '7', 'N/A', '', '', '', ''),
(93, 76, 'asdf234', 100, 2, 22, 5, '7', 'N/A', '4', '0.2', '', '', '', 'adfsasdf'),
(112, 57, '16313-255RIV-ASB-03A', 1700, 3, 73, 5, '4', '2', '7', 'N/A', '', '', '', ''),
(113, 57, '16313-255RIV-ASB-03B', 1500, 3, 73, 5, '7', 'Not Analyzed', '7', 'N/A', '', '', '', 'Stopped Positive'),
(118, 58, '16313-255RIV-ASB-04D', 3, 1, 91, 5, '7', 'None Detected', '7', 'N/A', '', '', '', ''),
(119, 58, '16313-255RIV-ASB-04E', 3, 1, 91, 5, '7', 'None Detected', '7', 'N/A', '', '', '', ''),
(120, 58, '16313-255RIV-ASB-04F', 2201, 1, 91, 5, '7', 'None Detected', '7', 'N/A', '', '', '', ''),
(121, 58, '16313-255RIV-ASB-04G', 2201, 1, 91, 5, '7', 'None Detected', '7', 'N/A', '', '', '', ''),
(122, 59, '16313-255RIV-ASB-05B', 109, 5, 48, 5, '7', 'Not Analyzed', '7', 'N/A', '', '', '', 'Stop Positive'),
(123, 59, '16313-255RIV-ASB-05C', 109, 5, 48, 5, '7', 'Not Analyzed', '7', 'N/A', '', '', '', 'Stop Positive'),
(124, 60, '16313-255RIV-ASB-06B', 1403, 1, 9, 24, '7', 'None Detected', '7', 'N/A', '', '', '', 'Exterior Expansion Caulking-Grey'),
(125, 60, '16313-255RIV-ASB-06C', 203, 1, 9, 24, '7', 'None Detected', '7', 'N/A', '', '', '', 'Exterior Expansion Caulking-Grey'),
(126, 61, '16313-255RIV-ASB-07B', 1403, 1, 9, 25, '7', 'None Detected', '7', 'N/A', '', '', '', 'Exterior Expansion Caulking-White'),
(127, 61, '16313-255RIV-ASB-07C', 203, 1, 9, 25, '7', 'None Detected', '7', 'N/A', '', '', '', 'Exterior Expansion Caulking-White'),
(128, 62, '16313-255RIV-ASB-08B', 2111, 2, 79, 12, '7', 'None Detected', '7', 'N/A', '', '', '', 'Layer 1-VFT & Layer 2 - Mastic'),
(129, 62, '16313-255RIV-ASB-08A', 2111, 2, 79, 12, '7', 'None Detected', '7', 'N/A', '', '', '', 'Layer 1-VFT & Layer 2 - Mastic'),
(133, 78, 'asdf', 0, 1, 81, 5, '7', 'N/A', '7', 'N/A', '', '', '', ''),
(134, 79, 'tets', 0, 3, 8, 5, '4', '0.4', '7', 'L.O.D', '', '', '', 'test'),
(136, 79, 'tets123', 0, 3, 8, 5, '4', '0.2', '7', 'Not Analyzed', '', '', '', 'test'),
(137, 80, 'ttre', 0, 1, 8, 5, '1', '0.3', '1', 'N/A', '', '', '', 'fdgd'),
(138, 80, 'ttre', 0, 2, 3, 5, '2', '0.2', '1', 'N/A', '', '', '', 'fdgd'),
(139, 80, 'ttre123', 0, 1, 8, 5, '4', '0.5', '7', 'N/A', '', '', '', 'fdgd'),
(140, 63, '16313-255RIV-ASB-09B', 124, 2, 79, 13, '7', 'None Detected', '7', 'Not Analyzed', '', '', '', 'Layer 1 VFT (None Detected) Layer 2 Mastic (ACM'),
(141, 63, '16313-255RIV-ASB-09C', 121, 2, 79, 13, '7', 'None Detected', '7', 'Not Analyzed', '', '', '', 'Layer 1 VFT (None Detected)\nLayer 2 Mastic (ACM)'),
(142, 64, '16313-255RIV-ASB-10B', 2111, 2, 79, 14, '7', 'Not Analyzed', '7', 'Not Analyzed', '', '', '', 'Stop Positive'),
(143, 64, '16313-255RIV-ASB-10C', 1806, 2, 79, 14, '7', 'Not Analyzed', '7', 'Not Analyzed', '', '', '', 'Stop Positive'),
(144, 65, '16313-255RIV-ASB-11B', 120, 2, 79, 15, '7', 'Not Analyzed', '7', 'None Detected', '', '', '', 'Stop Positive'),
(145, 65, '16313-255RIV-ASB-11C', 120, 2, 79, 15, '7', 'Not Analyzed', '7', 'None Detected', '', '', '', 'Stop Positive'),
(146, 66, '16313-255RIV-ASB-12B', 1906, 2, 80, 16, '7', 'None Detected', '7', 'N/A', '', '', '', ''),
(147, 66, '16313-255RIV-ASB-12A', 1906, 2, 80, 16, '7', 'None Detected', '7', 'N/A', '', '', '', ''),
(148, 67, '16313-255RIV-ASB-13B', 124, 2, 80, 17, '7', 'None Detected', '7', 'None Detected', '', '', '', 'Layer 1 VSF and Layer 2 Mastic'),
(149, 67, '16313-255RIV-ASB-13C', 124, 2, 80, 17, '7', 'None Detected', '7', 'None Detected', '', '', '', 'Layer 1 VSF and Layer 2 Mastic'),
(150, 68, '16313-255RIV-ASB-14B', 108, 3, 33, 20, '7', 'None Detected', '7', 'N/A', '', '', '', ''),
(151, 68, '16313-255RIV-ASB-14C', 800, 3, 33, 20, '7', 'None Detected', '7', 'N/A', '', '', '', ''),
(152, 69, '16313-255RIV-ASB-15B', 800, 3, 33, 21, '7', 'Not Analyzed', '7', 'N/A', '', '', '', 'Stop Positive'),
(153, 69, '16313-255RIV-ASB-15C', 800, 3, 33, 21, '7', 'Not Analyzed', '7', 'N/A', '', '', '', 'Stop Positive'),
(154, 70, '16313-255RIV-ASB-16B', 800, 3, 33, 22, '7', 'None Detected', '7', 'N/A', '', '', '', ''),
(155, 70, '16313-255RIV-ASB-16C', 800, 3, 33, 22, '7', 'None Detected', '7', 'N/A', '', '', '', ''),
(156, 71, '16313-255RIV-ASB-17B', 100, 3, 33, 23, '7', 'None Detected', '7', 'N/A', '', '', '', ''),
(157, 71, '16313-255RIV-ASB-17B', 100, 3, 33, 23, '7', 'None Detected', '7', 'N/A', '', '', '', ''),
(159, 81, '16313-09-ASB-01A', 53, 2, 79, 27, '4', '2', '7', 'None Detected', '', '', '', ''),
(160, 81, '16313-09-ASB-01B', 53, 2, 79, 27, '7', 'Not Analyzed', '7', 'None Detected', '', '', '', ''),
(161, 81, '16313-09-ASB-01C', 53, 2, 79, 27, '7', 'Not Analyzed', '7', 'None Detected', '', '', '', ''),
(162, 82, '16313-09-ASB-02A', 19, 2, 79, 28, '7', 'None Detected', '7', 'None Detected', '', '', '', ''),
(163, 82, '16313-09-ASB-02B', 19, 2, 79, 28, '7', 'None Detected', '7', 'None Detected', '', '', '', ''),
(164, 82, '16313-09-ASB-02C', 19, 2, 79, 28, '7', 'None Detected', '7', 'None Detected', '', '', '', 'Layer 1 VFT, Layer 2 is black mastic and Layer 3 is yellow mastic'),
(165, 83, '16313-09-ASB-03A', 19, 2, 79, 29, '4', '2', '7', 'N/A', '', '', '', ''),
(166, 83, '16313-09-ASB-03B', 19, 2, 79, 29, '7', 'Not Analyzed', '7', 'N/A', '', '', '', ''),
(167, 83, '16313-09-ASB-03C', 19, 2, 79, 29, '7', 'Not Analyzed', '7', 'None Detected', '', '', '', ''),
(168, 84, '16313-09-ASB-04A', 33, 2, 79, 30, '7', 'None Detected', '7', 'None Detected', '', '', '', ''),
(169, 84, '16313-09-ASB-04B', 55, 2, 79, 30, '7', 'None Detected', '7', 'None Detected', '', '', '', ''),
(170, 85, '16313-09-ASB-05A', 4, 2, 80, 32, '7', 'None Detected', '7', 'N/A', '', '', '', ''),
(171, 86, '16313-09-ASB-06A', 55, 1, 19, 5, '7', 'None Detected', '7', 'N/A', '', '', '', ''),
(172, 86, '16313-09-ASB-06B', 55, 1, 19, 5, '7', 'None Detected', '7', 'N/A', '', '', '', ''),
(173, 86, '16313-09-ASB-06C', 53, 1, 19, 5, '7', 'None Detected', '7', 'N/A', '', '', '', ''),
(174, 87, '16313-09-ASB-07A', 55, 3, 102, 5, '7', 'N/A', '7', 'Not Analyzed', '', '', '', ''),
(175, 87, '16313-09-ASB-07B', 55, 3, 102, 5, '7', 'None Detected', '7', 'N/A', '', '', '', ''),
(176, 87, '16313-09-ASB-07C', 55, 3, 102, 5, '7', 'None Detected', '7', 'N/A', '', '', '', ''),
(177, 88, '16313-09-ASB-08A', 15, 1, 89, 5, '7', 'None Detected', '7', 'None Detected', '', '', '', ''),
(178, 88, '16313-09-ASB-08B', 54, 1, 89, 5, '7', 'None Detected', '7', 'None Detected', '', '', '', ''),
(179, 88, '16313-09-ASB-08C', 68, 1, 89, 5, '7', 'None Detected', '7', 'None Detected', '', '', '', ''),
(180, 88, '16313-09-ASB-08D', 27, 1, 89, 5, '7', 'None Detected', '7', 'None Detected', '', '', '', ''),
(181, 88, '16313-09-ASB-08E', 33, 1, 89, 5, '7', 'None Detected', '7', 'None Detected', '', '', '', ''),
(182, 88, '16313-09-ASB-08F', 19, 1, 89, 5, '7', 'None Detected', '7', 'None Detected', '', '', '', ''),
(183, 88, '16313-09-ASB-08G', 53, 1, 89, 5, '7', 'None Detected', '7', 'None Detected', '', '', '', ''),
(184, 89, '16313-09-ASB-09A', 19, 6, 97, 5, '4', '40', '7', 'N/A', '', '', '', ''),
(185, 89, '16313-09-ASB-09B', 19, 6, 97, 5, '7', 'Not Analyzed', '7', 'N/A', '', '', '', ''),
(186, 89, '16313-09-ASB-09C', 19, 6, 97, 5, '7', 'Not Analyzed', '7', 'N/A', '', '', '', ''),
(187, 85, '16313-09-ASB-05B', 4, 2, 80, 32, '7', 'None Detected', '7', 'N/A', '', '', '', ''),
(188, 85, '16313-09-ASB-05C', 4, 2, 80, 32, '7', 'None Detected', '7', 'N/A', '', '', '', ''),
(189, 90, '16313-10-ASB-01A', 12, 2, 79, 37, '7', 'None Detected', '7', 'None Detected', '', '', '', ''),
(190, 90, '16313-10-ASB-01B', 12, 2, 79, 37, '7', 'None Detected', '7', 'None Detected', '', '', '', ''),
(191, 90, '16313-10-ASB-01C', 12, 2, 79, 37, '7', 'None Detected', '7', 'N/A', '', '', '', ''),
(192, 91, '16313-10-ASB-02A', 24, 2, 79, 38, '7', 'None Detected', '7', 'None Detected', '', '', '', ''),
(193, 91, '16313-10-ASB-02B', 24, 2, 79, 38, '7', 'None Detected', '7', 'None Detected', '', '', '', ''),
(194, 91, '16313-10-ASB-02C', 24, 2, 79, 38, '7', 'None Detected', '7', 'None Detected', '', '', '', ''),
(195, 92, '16313-10-ASB-03A', 23, 2, 80, 39, '7', 'None Detected', '7', 'N/A', '', '', '', ''),
(196, 92, '16313-10-ASB-03B', 23, 2, 80, 39, '7', 'None Detected', '7', 'None Detected', '', '', '', ''),
(197, 92, '16313-10-ASB-03C', 23, 2, 80, 39, '7', 'None Detected', '7', 'N/A', '', '', '', ''),
(198, 93, '16313-10-ASB-04A', 22, 2, 80, 42, '7', 'None Detected', '7', 'None Detected', '', '', '', ''),
(199, 93, '16313-10-ASB-04B', 22, 2, 80, 42, '7', 'None Detected', '7', 'None Detected', '', '', '', ''),
(200, 93, '16313-10-ASB-04C', 22, 2, 80, 42, '7', 'None Detected', '7', 'None Detected', '', '', '', ''),
(201, 94, '16313-10-ASB-05A', 12, 6, 68, 5, '7', 'None Detected', '7', 'N/A', '', '', '', ''),
(202, 94, '16313-10-ASB-05B', 12, 6, 68, 5, '7', 'None Detected', '7', 'N/A', '', '', '', ''),
(203, 94, '16313-10-ASB-05C', 12, 6, 68, 5, '7', 'None Detected', '7', 'N/A', '', '', '', ''),
(204, 95, '16313-10-ASB-06A', 22, 1, 19, 5, '4', '1', '7', 'N/A', '', '', '', ''),
(205, 95, '16313-10-ASB-06B', 6, 1, 19, 5, '7', 'Not Analyzed', '7', 'N/A', '', '', '', ''),
(206, 95, '16313-10-ASB-06C', 10, 1, 19, 5, '7', 'Not Analyzed', '7', 'N/A', '', '', '', ''),
(207, 95, '16313-10-ASB-06D', 24, 1, 19, 5, '7', 'Not Analyzed', '7', 'N/A', '', '', '', ''),
(208, 95, '16313-10-ASB-06E', 24, 1, 19, 5, '7', 'Not Analyzed', '7', 'N/A', '', '', '', ''),
(209, 95, '16313-10-ASB-06F', 23, 1, 19, 5, '7', 'Not Analyzed', '7', 'N/A', '', '', '', ''),
(214, 99, '16313-11-ASB-01A', 1, 2, 79, 43, '7', 'None Detected', '7', 'None Detected', '', '', '', '1st layer Tile2nd layer Mastic'),
(215, 99, '16313-11-ASB-01B', 1, 2, 79, 43, '7', 'None Detected', '7', 'None Detected', '', '', '', '1st layer Tile\n2nd layer Mastic'),
(216, 100, '16313-11-ASB-02A', 1, 2, 79, 44, '4', '2', '7', 'None Detected', '', '', '', 'Tiles-2% Chrysotile Mastic None Detected'),
(217, 100, '16313-11-ASB-02B', 1, 2, 79, 44, '7', 'Not Analyzed', '7', 'None Detected', '', '', '', '1st layer tile not analyzed due to sample 2A asbestos detection 2nd layer Mastic None Detected'),
(218, 99, '16313-11-ASB-01C', 1, 2, 79, 43, '7', 'None Detected', '7', 'None Detected', '', '', '', '1st layer Tile\n2nd layer Mastic'),
(219, 100, '16313-11-ASB-02C', 1, 2, 79, 44, '7', 'Not Analyzed', '7', 'None Detected', '', '', '', '1st layer tile not analyzed due to sample 2A asbestos detection 2nd layer Mastic None Detected'),
(220, 101, '16313-11-ASB-03A', 17, 2, 79, 45, '7', 'None Detected', '7', 'None Detected', '', '', '', '1st layer Tile 2nd layer Mastic'),
(221, 101, '16313-11-ASB-03B', 17, 2, 79, 45, '7', 'None Detected', '7', 'None Detected', '', '', '', '1st layer Tile 2nd layer Mastic'),
(222, 101, '16313-11-ASB-03C', 17, 2, 79, 45, '7', 'None Detected', '7', 'None Detected', '', '', '', '1st layer Tile 2nd layer Mastic'),
(223, 102, '16313-11-ASB-04A', 82, 2, 79, 46, '4', '2', '7', 'None Detected', '', '', '', 'Tiles: 2% Chrysotile; Mastic: None Detected'),
(224, 102, '16313-11-ASB-04B', 82, 2, 79, 46, '7', 'Not Analyzed', '7', 'None Detected', '', '', '', '1st layer: tile not analyzed due to sample 4A asbestos detection; 2nd layer: Mastic None Detected'),
(225, 102, '16313-11-ASB-04C', 82, 2, 79, 46, '7', 'Not Analyzed', '7', 'None Detected', '', '', '', '1st layer: tile not analyzed due to sample 4A asbestos detection; 2nd layer: Mastic None Detected'),
(226, 103, '16313-11-ASB-05A', 76, 2, 79, 47, '4', '2', '7', 'None Detected', '', '', '', 'Tiles: 2% Chrysotile; Mastic: None Detected'),
(227, 103, '16313-11-ASB-05B', 76, 2, 79, 47, '7', 'Not Analyzed', '7', 'None Detected', '', '', '', '1st layer: tile not analyzed due to sample 5A asbestos detection; 2nd layer: Mastic None Detected'),
(228, 103, '16313-11-ASB-05C', 76, 2, 79, 47, '7', 'Not Analyzed', '7', 'None Detected', '', '', '', '1st layer: tile not analyzed due to sample 5A asbestos detection; 2nd layer: Mastic None Detected'),
(229, 104, '16313-11-ASB-06A', 67, 2, 80, 50, '7', 'None Detected', '7', 'None Detected', '', '', '', '1st layer: tile 15% cellulose, 85% other; 2nd layer: Mastic None Detected'),
(230, 104, '16313-11-ASB-06B', 67, 2, 80, 50, '7', 'None Detected', '7', 'None Detected', '', '', '', '1st layer: tile 15% cellulose, 85% other; 2nd layer: Mastic None Detected'),
(231, 104, '16313-11-ASB-06C', 67, 2, 80, 50, '7', 'None Detected', '7', 'None Detected', '', '', '', '1st layer: tile 15% cellulose, 85% other; 2nd layer: Mastic None Detected'),
(232, 105, '16313-11-ASB-07A', 71, 2, 80, 51, '7', 'None Detected', '7', 'None Detected', '', '', '', '1st layer: tile 10% cellulose, 90% other; 2nd layer: Mastic None Detected'),
(233, 105, '16313-11-ASB-07B', 71, 2, 80, 51, '7', 'None Detected', '7', 'None Detected', '', '', '', '1st layer: tile 10% cellulose, 90% other; 2nd layer: Mastic None Detected'),
(234, 105, '16313-11-ASB-07C', 71, 2, 80, 51, '7', 'None Detected', '7', 'None Detected', '', '', '', '1st layer: tile 15% cellulose, 85% other; 2nd layer: Mastic None Detected'),
(235, 106, '16313-11-ASB-08A', 75, 3, 73, 54, '4', '2', '7', 'N/A', '', '', '', 'Texture Finish: 2% Chrysotile; no 2nd layer'),
(236, 106, '16313-11-ASB-08B', 25, 3, 73, 54, '7', 'Not Analyzed', '7', 'N/A', '', '', '', ' Not analyzed due to sample 8A asbestos detection'),
(237, 106, '16313-11-ASB-08C', 1, 3, 73, 54, '7', 'Not Analyzed', '7', 'N/A', '', '', '', 'Not analyzed due to sample 8A asbestos detection'),
(238, 106, '16313-11-ASB-08D', 4, 3, 73, 54, '7', 'Not Analyzed', '7', 'N/A', '', '', '', 'Not analyzed due to sample 8A asbestos detection'),
(239, 106, '16313-11-ASB-08E', 101, 3, 73, 54, '7', 'Not Analyzed', '7', 'N/A', '', '', '', 'Not analyzed due to sample 8A asbestos detection'),
(240, 106, '16313-11-ASB-08F', 82, 3, 73, 54, '7', 'Not Analyzed', '7', 'N/A', '', '', '', 'Not analyzed due to sample 8A asbestos detection'),
(241, 106, '16313-11-ASB-08G', 81, 3, 73, 54, '7', 'Not Analyzed', '7', 'N/A', '', '', '', 'Not analyzed due to sample 8A asbestos detection'),
(242, 107, '16313-11-ASB-09A', 82, 1, 19, 55, '4', '2', '7', 'N/A', '', '', '', 'Drywall Joint Compound: 2% Chrysotile; no 2nd layer'),
(243, 107, '16313-11-ASB-09B', 81, 1, 19, 55, '7', 'Not Analyzed', '7', 'N/A', '', '', '', 'Not analyzed due to sample 9A asbestos detection'),
(244, 107, '16313-11-ASB-09C', 28, 1, 19, 55, '7', 'Not Analyzed', '7', 'N/A', '', '', '', 'Not analyzed due to sample 9A asbestos detection'),
(245, 107, '16313-11-ASB-09D', 37, 1, 19, 55, '7', 'Not Analyzed', '7', 'N/A', '', '', '', 'Not analyzed due to sample 9A asbestos detection'),
(246, 107, '16313-11-ASB-09E', 7, 1, 19, 55, '7', 'Not Analyzed', '7', 'N/A', '', '', '', 'Not analyzed due to sample 9A asbestos detection'),
(247, 107, '16313-11-ASB-09F', 49, 1, 19, 55, '7', 'Not Analyzed', '7', 'N/A', '', '', '', 'Not analyzed due to sample 9A asbestos detection'),
(248, 107, '16313-11-ASB-09G', 76, 1, 19, 55, '7', 'Not Analyzed', '7', 'N/A', '', '', '', 'Not analyzed due to sample 9A asbestos detection');

-- --------------------------------------------------------

--
-- Table structure for table `system_data`
--

CREATE TABLE IF NOT EXISTS `system_data` (
  `id` int(11) NOT NULL AUTO_INCREMENT,
  `system_name` varchar(100) NOT NULL,
  `status` int(11) NOT NULL,
  PRIMARY KEY (`id`)
) ENGINE=MyISAM  DEFAULT CHARSET=latin1 AUTO_INCREMENT=9 ;

--
-- Dumping data for table `system_data`
--

INSERT INTO `system_data` (`id`, `system_name`, `status`) VALUES
(1, 'Walls', 0),
(2, 'Floor', 0),
(3, 'Ceiling', 0),
(4, 'Structure', 0),
(5, 'Piping', 0),
(6, 'Ducts', 0),
(7, 'Mechanical', 0),
(8, 'Other', 0);

-- --------------------------------------------------------

--
-- Table structure for table `units`
--

CREATE TABLE IF NOT EXISTS `units` (
  `u_id` int(11) NOT NULL AUTO_INCREMENT,
  `unit_code` varchar(40) NOT NULL,
  `unit_name` varchar(50) NOT NULL,
  `status` int(11) NOT NULL,
  PRIMARY KEY (`u_id`)
) ENGINE=MyISAM  DEFAULT CHARSET=latin1 AUTO_INCREMENT=4 ;

--
-- Dumping data for table `units`
--

INSERT INTO `units` (`u_id`, `unit_code`, `unit_name`, `status`) VALUES
(1, 'SF', 'squre feets', 0),
(2, '%', 'Percentage', 0),
(3, 'Each', 'Each', 0);

-- --------------------------------------------------------

--
-- Table structure for table `users`
--

CREATE TABLE IF NOT EXISTS `users` (
  `id` int(11) NOT NULL AUTO_INCREMENT,
  `client_name` varchar(200) NOT NULL,
  `client_address` longtext NOT NULL,
  `city` varchar(100) NOT NULL,
  `province` varchar(100) NOT NULL,
  `postal_code` varchar(100) NOT NULL,
  `assigned_buildings` varchar(100) NOT NULL,
  `c_project_number` varchar(50) NOT NULL,
  `username` varchar(20) NOT NULL,
  `email` varchar(25) NOT NULL,
  `password` varchar(60) NOT NULL,
  `user_activation` varchar(20) NOT NULL,
  `permission` int(11) NOT NULL,
  `user_type` varchar(30) NOT NULL,
  `client_logo` varchar(100) NOT NULL,
  `created_date` timestamp NOT NULL DEFAULT CURRENT_TIMESTAMP ON UPDATE CURRENT_TIMESTAMP,
  `trash` int(11) NOT NULL,
  PRIMARY KEY (`id`)
) ENGINE=MyISAM  DEFAULT CHARSET=latin1 AUTO_INCREMENT=11 ;

--
-- Dumping data for table `users`
--

INSERT INTO `users` (`id`, `client_name`, `client_address`, `city`, `province`, `postal_code`, `assigned_buildings`, `c_project_number`, `username`, `email`, `password`, `user_activation`, `permission`, `user_type`, `client_logo`, `created_date`, `trash`) VALUES
(1, 'puneet lakhani', '', '', '', '', '', '', 'puneetlakhani', 'puneetlakhani@gmail.com', 'a55723b3cb7337e662cb571c991b3a2d', '1', 1, 'admin', '', '2016-03-10 15:00:26', 0),
(4, 'clients', '', '', '', '', '', '', 'client1223', 'demo@gmail.com', 'c7a85972e188c669f0d1e24528a772a3', '1', 0, 'client', '', '2016-04-08 14:21:18', 1),
(7, 'Client2', 'tets', '', '', '', '2,5,30,31,32,8', '', 'Tester1', 'test@test.com', 'e6e061838856bf47e1de730719fb2609', '1', 1, 'client', 'logo1_thumb.png', '2016-05-07 07:21:52', 0),
(6, 'asdf', '', '', '', '', '', '', 'asdf', 'asdf@sdf.com', 'f268b83bf4e0be9001cb668a83b0dce5', '1', 1, 'client', '', '2016-03-10 15:00:48', 1),
(8, 'Windsor-Essex Commun', '', '', '', '', '', '', 'ziqbal@ecoh.ca', 'ziqbal@ecoh.ca', 'dbc827a202cd9666910457a03621af54', '1', 0, 'client', '', '2016-03-10 15:00:54', 1),
(9, ' Windsor ESSEX Community Housing Corporation (CHC)', '945 McDougall Street', 'Windsor', 'Ontario', 'N9A 1L9', '6,9,10,11,12,13,14,15,16,17,18,19,20,21,22,23,24,25,26,27,28,29,36,37,38', '16313-255RIV', 'Windsor', 'ziqbal@ecoh.ca', 'e6e061838856bf47e1de730719fb2609', '1', 1, 'client', '', '2016-05-19 16:53:13', 0);

/*!40101 SET CHARACTER_SET_CLIENT=@OLD_CHARACTER_SET_CLIENT */;
/*!40101 SET CHARACTER_SET_RESULTS=@OLD_CHARACTER_SET_RESULTS */;
/*!40101 SET COLLATION_CONNECTION=@OLD_COLLATION_CONNECTION */;
